{"type":"FeatureCollection","features":[{"type":"Feature","properties":{"p":0.137426},"geometry":{"type":"Polygon","coordinates":[[[20.01875,49.2157],[20.020125,49.2157],[20.020125,49.2166],[20.01875,49.2166],[20.01875,49.2157]]]}},{"type":"Feature","properties":{"p":0.080096},"geometry":{"type":"Polygon","coordinates":[[[20.016,49.2148],[20.017375,49.2148],[20.017375,49.2157],[20.016,49.2157],[20.016,49.2148]]]}},{"type":"Feature","properties":{"p":0.067111},"geometry":{"type":"Polygon","coordinates":[[[20.01875,49.2148],[20.020125,49.2148],[20.020125,49.2157],[20.01875,49.2157],[20.01875,49.2148]]]}},{"type":"Feature","properties":{"p":0.031852},"geometry":{"type":"Polygon","coordinates":[[[20.031125,49.2094],[20.0325,49.2094],[20.0325,49.2103],[20.031125,49.2103],[20.031125,49.2094]]]}},{"type":"Feature","properties":{"p":0.026517},"geometry":{"type":"Polygon","coordinates":[[[20.0325,49.2094],[20.033875,49.2094],[20.033875,49.2103],[20.0325,49.2103],[20.0325,49.2094]]]}},{"type":"Feature","properties":{"p":0.017635},"geometry":{"type":"Polygon","coordinates":[[[20.02975,49.2094],[20.031125,49.2094],[20.031125,49.2103],[20.02975,49.2103],[20.02975,49.2094]]]}},{"type":"Feature","properties":{"p":0.017407},"geometry":{"type":"Polygon","coordinates":[[[20.020125,49.2148],[20.0215,49.2148],[20.0215,49.2157],[20.020125,49.2157],[20.020125,49.2148]]]}},{"type":"Feature","properties":{"p":0.017335},"geometry":{"type":"Polygon","coordinates":[[[20.02975,49.2103],[20.031125,49.2103],[20.031125,49.2112],[20.02975,49.2112],[20.02975,49.2103]]]}},{"type":"Feature","properties":{"p":0.017183},"geometry":{"type":"Polygon","coordinates":[[[20.0325,49.2085],[20.033875,49.2085],[20.033875,49.2094],[20.0325,49.2094],[20.0325,49.2085]]]}},{"type":"Feature","properties":{"p":0.017091},"geometry":{"type":"Polygon","coordinates":[[[20.031125,49.2103],[20.0325,49.2103],[20.0325,49.2112],[20.031125,49.2112],[20.031125,49.2103]]]}},{"type":"Feature","properties":{"p":0.015651},"geometry":{"type":"Polygon","coordinates":[[[20.020125,49.2157],[20.0215,49.2157],[20.0215,49.2166],[20.020125,49.2166],[20.020125,49.2157]]]}},{"type":"Feature","properties":{"p":0.013568},"geometry":{"type":"Polygon","coordinates":[[[20.0325,49.2076],[20.033875,49.2076],[20.033875,49.2085],[20.0325,49.2085],[20.0325,49.2076]]]}},{"type":"Feature","properties":{"p":0.0115},"geometry":{"type":"Polygon","coordinates":[[[20.033875,49.2094],[20.03525,49.2094],[20.03525,49.2103],[20.033875,49.2103],[20.033875,49.2094]]]}},{"type":"Feature","properties":{"p":0.01086},"geometry":{"type":"Polygon","coordinates":[[[20.05175,49.2148],[20.053125,49.2148],[20.053125,49.2157],[20.05175,49.2157],[20.05175,49.2148]]]}},{"type":"Feature","properties":{"p":0.010142},"geometry":{"type":"Polygon","coordinates":[[[20.033875,49.2472],[20.03525,49.2472],[20.03525,49.2481],[20.033875,49.2481],[20.033875,49.2472]]]}},{"type":"Feature","properties":{"p":0.010123},"geometry":{"type":"Polygon","coordinates":[[[20.031125,49.2085],[20.0325,49.2085],[20.0325,49.2094],[20.031125,49.2094],[20.031125,49.2085]]]}},{"type":"Feature","properties":{"p":0.010111},"geometry":{"type":"Polygon","coordinates":[[[20.017375,49.2148],[20.01875,49.2148],[20.01875,49.2157],[20.017375,49.2157],[20.017375,49.2148]]]}},{"type":"Feature","properties":{"p":0.009589},"geometry":{"type":"Polygon","coordinates":[[[20.028375,49.2103],[20.02975,49.2103],[20.02975,49.2112],[20.028375,49.2112],[20.028375,49.2103]]]}},{"type":"Feature","properties":{"p":0.008868},"geometry":{"type":"Polygon","coordinates":[[[20.017375,49.2157],[20.01875,49.2157],[20.01875,49.2166],[20.017375,49.2166],[20.017375,49.2157]]]}},{"type":"Feature","properties":{"p":0.007844},"geometry":{"type":"Polygon","coordinates":[[[20.028375,49.2094],[20.02975,49.2094],[20.02975,49.2103],[20.028375,49.2103],[20.028375,49.2094]]]}},{"type":"Feature","properties":{"p":0.007717},"geometry":{"type":"Polygon","coordinates":[[[20.03525,49.2481],[20.036625,49.2481],[20.036625,49.249],[20.03525,49.249],[20.03525,49.2481]]]}},{"type":"Feature","properties":{"p":0.007542},"geometry":{"type":"Polygon","coordinates":[[[20.0105,49.2067],[20.011875,49.2067],[20.011875,49.2076],[20.0105,49.2076],[20.0105,49.2067]]]}},{"type":"Feature","properties":{"p":0.00733},"geometry":{"type":"Polygon","coordinates":[[[20.01875,49.2166],[20.020125,49.2166],[20.020125,49.2175],[20.01875,49.2175],[20.01875,49.2166]]]}},{"type":"Feature","properties":{"p":0.007003},"geometry":{"type":"Polygon","coordinates":[[[20.027,49.2103],[20.028375,49.2103],[20.028375,49.2112],[20.027,49.2112],[20.027,49.2103]]]}},{"type":"Feature","properties":{"p":0.006592},"geometry":{"type":"Polygon","coordinates":[[[20.017375,49.2166],[20.01875,49.2166],[20.01875,49.2175],[20.017375,49.2175],[20.017375,49.2166]]]}},{"type":"Feature","properties":{"p":0.006248},"geometry":{"type":"Polygon","coordinates":[[[20.05175,49.2373],[20.053125,49.2373],[20.053125,49.2382],[20.05175,49.2382],[20.05175,49.2373]]]}},{"type":"Feature","properties":{"p":0.005292},"geometry":{"type":"Polygon","coordinates":[[[20.0325,49.2103],[20.033875,49.2103],[20.033875,49.2112],[20.0325,49.2112],[20.0325,49.2103]]]}},{"type":"Feature","properties":{"p":0.00487},"geometry":{"type":"Polygon","coordinates":[[[20.025625,49.2103],[20.027,49.2103],[20.027,49.2112],[20.025625,49.2112],[20.025625,49.2103]]]}},{"type":"Feature","properties":{"p":0.004485},"geometry":{"type":"Polygon","coordinates":[[[20.020125,49.2175],[20.0215,49.2175],[20.0215,49.2184],[20.020125,49.2184],[20.020125,49.2175]]]}},{"type":"Feature","properties":{"p":0.004376},"geometry":{"type":"Polygon","coordinates":[[[20.005,49.2481],[20.006375,49.2481],[20.006375,49.249],[20.005,49.249],[20.005,49.2481]]]}},{"type":"Feature","properties":{"p":0.004298},"geometry":{"type":"Polygon","coordinates":[[[20.016,49.2166],[20.017375,49.2166],[20.017375,49.2175],[20.016,49.2175],[20.016,49.2166]]]}},{"type":"Feature","properties":{"p":0.004182},"geometry":{"type":"Polygon","coordinates":[[[20.017375,49.2067],[20.01875,49.2067],[20.01875,49.2076],[20.017375,49.2076],[20.017375,49.2067]]]}},{"type":"Feature","properties":{"p":0.004018},"geometry":{"type":"Polygon","coordinates":[[[20.01325,49.2346],[20.014625,49.2346],[20.014625,49.2355],[20.01325,49.2355],[20.01325,49.2346]]]}},{"type":"Feature","properties":{"p":0.003863},"geometry":{"type":"Polygon","coordinates":[[[20.061375,49.24],[20.06275,49.24],[20.06275,49.2409],[20.061375,49.2409],[20.061375,49.24]]]}},{"type":"Feature","properties":{"p":0.00381},"geometry":{"type":"Polygon","coordinates":[[[20.0215,49.2085],[20.022875,49.2085],[20.022875,49.2094],[20.0215,49.2094],[20.0215,49.2085]]]}},{"type":"Feature","properties":{"p":0.003576},"geometry":{"type":"Polygon","coordinates":[[[20.020125,49.2139],[20.0215,49.2139],[20.0215,49.2148],[20.020125,49.2148],[20.020125,49.2139]]]}},{"type":"Feature","properties":{"p":0.003571},"geometry":{"type":"Polygon","coordinates":[[[20.005,49.2445],[20.006375,49.2445],[20.006375,49.2454],[20.005,49.2454],[20.005,49.2445]]]}},{"type":"Feature","properties":{"p":0.003362},"geometry":{"type":"Polygon","coordinates":[[[20.055875,49.2274],[20.05725,49.2274],[20.05725,49.2283],[20.055875,49.2283],[20.055875,49.2274]]]}},{"type":"Feature","properties":{"p":0.003312},"geometry":{"type":"Polygon","coordinates":[[[20.033875,49.2103],[20.03525,49.2103],[20.03525,49.2112],[20.033875,49.2112],[20.033875,49.2103]]]}},{"type":"Feature","properties":{"p":0.003081},"geometry":{"type":"Polygon","coordinates":[[[20.031125,49.2283],[20.0325,49.2283],[20.0325,49.2292],[20.031125,49.2292],[20.031125,49.2283]]]}},{"type":"Feature","properties":{"p":0.002901},"geometry":{"type":"Polygon","coordinates":[[[20.02975,49.2085],[20.031125,49.2085],[20.031125,49.2094],[20.02975,49.2094],[20.02975,49.2085]]]}},{"type":"Feature","properties":{"p":0.002811},"geometry":{"type":"Polygon","coordinates":[[[20.01875,49.2139],[20.020125,49.2139],[20.020125,49.2148],[20.01875,49.2148],[20.01875,49.2139]]]}},{"type":"Feature","properties":{"p":0.002679},"geometry":{"type":"Polygon","coordinates":[[[20.049,49.2247],[20.050375,49.2247],[20.050375,49.2256],[20.049,49.2256],[20.049,49.2247]]]}},{"type":"Feature","properties":{"p":0.002659},"geometry":{"type":"Polygon","coordinates":[[[20.049,49.2238],[20.050375,49.2238],[20.050375,49.2247],[20.049,49.2247],[20.049,49.2238]]]}},{"type":"Feature","properties":{"p":0.002588},"geometry":{"type":"Polygon","coordinates":[[[20.06,49.24],[20.061375,49.24],[20.061375,49.2409],[20.06,49.2409],[20.06,49.24]]]}},{"type":"Feature","properties":{"p":0.002553},"geometry":{"type":"Polygon","coordinates":[[[20.017375,49.2139],[20.01875,49.2139],[20.01875,49.2148],[20.017375,49.2148],[20.017375,49.2139]]]}},{"type":"Feature","properties":{"p":0.00232},"geometry":{"type":"Polygon","coordinates":[[[20.04075,49.2139],[20.042125,49.2139],[20.042125,49.2148],[20.04075,49.2148],[20.04075,49.2139]]]}},{"type":"Feature","properties":{"p":0.002198},"geometry":{"type":"Polygon","coordinates":[[[20.011875,49.2112],[20.01325,49.2112],[20.01325,49.2121],[20.011875,49.2121],[20.011875,49.2112]]]}},{"type":"Feature","properties":{"p":0.002162},"geometry":{"type":"Polygon","coordinates":[[[20.016,49.2337],[20.017375,49.2337],[20.017375,49.2346],[20.016,49.2346],[20.016,49.2337]]]}},{"type":"Feature","properties":{"p":0.002122},"geometry":{"type":"Polygon","coordinates":[[[20.006375,49.2085],[20.00775,49.2085],[20.00775,49.2094],[20.006375,49.2094],[20.006375,49.2085]]]}},{"type":"Feature","properties":{"p":0.002107},"geometry":{"type":"Polygon","coordinates":[[[20.016,49.2139],[20.017375,49.2139],[20.017375,49.2148],[20.016,49.2148],[20.016,49.2139]]]}},{"type":"Feature","properties":{"p":0.002105},"geometry":{"type":"Polygon","coordinates":[[[20.00775,49.2238],[20.009125,49.2238],[20.009125,49.2247],[20.00775,49.2247],[20.00775,49.2238]]]}},{"type":"Feature","properties":{"p":0.00186},"geometry":{"type":"Polygon","coordinates":[[[20.03525,49.2094],[20.036625,49.2094],[20.036625,49.2103],[20.03525,49.2103],[20.03525,49.2094]]]}},{"type":"Feature","properties":{"p":0.001845},"geometry":{"type":"Polygon","coordinates":[[[20.01875,49.2454],[20.020125,49.2454],[20.020125,49.2463],[20.01875,49.2463],[20.01875,49.2454]]]}},{"type":"Feature","properties":{"p":0.001765},"geometry":{"type":"Polygon","coordinates":[[[20.016,49.2175],[20.017375,49.2175],[20.017375,49.2184],[20.016,49.2184],[20.016,49.2175]]]}},{"type":"Feature","properties":{"p":0.001719},"geometry":{"type":"Polygon","coordinates":[[[20.033875,49.2463],[20.03525,49.2463],[20.03525,49.2472],[20.033875,49.2472],[20.033875,49.2463]]]}},{"type":"Feature","properties":{"p":0.001709},"geometry":{"type":"Polygon","coordinates":[[[20.0435,49.2157],[20.044875,49.2157],[20.044875,49.2166],[20.0435,49.2166],[20.0435,49.2157]]]}},{"type":"Feature","properties":{"p":0.001708},"geometry":{"type":"Polygon","coordinates":[[[20.028375,49.2382],[20.02975,49.2382],[20.02975,49.2391],[20.028375,49.2391],[20.028375,49.2382]]]}},{"type":"Feature","properties":{"p":0.001666},"geometry":{"type":"Polygon","coordinates":[[[20.042125,49.2139],[20.0435,49.2139],[20.0435,49.2148],[20.042125,49.2148],[20.042125,49.2139]]]}},{"type":"Feature","properties":{"p":0.00166},"geometry":{"type":"Polygon","coordinates":[[[20.083375,49.2454],[20.08475,49.2454],[20.08475,49.2463],[20.083375,49.2463],[20.083375,49.2454]]]}},{"type":"Feature","properties":{"p":0.001636},"geometry":{"type":"Polygon","coordinates":[[[20.082,49.2445],[20.083375,49.2445],[20.083375,49.2454],[20.082,49.2454],[20.082,49.2445]]]}},{"type":"Feature","properties":{"p":0.001631},"geometry":{"type":"Polygon","coordinates":[[[20.050375,49.2292],[20.05175,49.2292],[20.05175,49.2301],[20.050375,49.2301],[20.050375,49.2292]]]}},{"type":"Feature","properties":{"p":0.001598},"geometry":{"type":"Polygon","coordinates":[[[20.028375,49.2373],[20.02975,49.2373],[20.02975,49.2382],[20.028375,49.2382],[20.028375,49.2373]]]}},{"type":"Feature","properties":{"p":0.001594},"geometry":{"type":"Polygon","coordinates":[[[20.01325,49.2094],[20.014625,49.2094],[20.014625,49.2103],[20.01325,49.2103],[20.01325,49.2094]]]}},{"type":"Feature","properties":{"p":0.001583},"geometry":{"type":"Polygon","coordinates":[[[20.005,49.2076],[20.006375,49.2076],[20.006375,49.2085],[20.005,49.2085],[20.005,49.2076]]]}},{"type":"Feature","properties":{"p":0.001559},"geometry":{"type":"Polygon","coordinates":[[[20.025625,49.2148],[20.027,49.2148],[20.027,49.2157],[20.025625,49.2157],[20.025625,49.2148]]]}},{"type":"Feature","properties":{"p":0.001552},"geometry":{"type":"Polygon","coordinates":[[[20.022875,49.2481],[20.02425,49.2481],[20.02425,49.249],[20.022875,49.249],[20.022875,49.2481]]]}},{"type":"Feature","properties":{"p":0.001526},"geometry":{"type":"Polygon","coordinates":[[[20.08475,49.1968],[20.086125,49.1968],[20.086125,49.1977],[20.08475,49.1977],[20.08475,49.1968]]]}},{"type":"Feature","properties":{"p":0.001524},"geometry":{"type":"Polygon","coordinates":[[[20.028375,49.2112],[20.02975,49.2112],[20.02975,49.2121],[20.028375,49.2121],[20.028375,49.2112]]]}},{"type":"Feature","properties":{"p":0.001514},"geometry":{"type":"Polygon","coordinates":[[[20.016,49.2157],[20.017375,49.2157],[20.017375,49.2166],[20.016,49.2166],[20.016,49.2157]]]}},{"type":"Feature","properties":{"p":0.001514},"geometry":{"type":"Polygon","coordinates":[[[20.033875,49.2076],[20.03525,49.2076],[20.03525,49.2085],[20.033875,49.2085],[20.033875,49.2076]]]}},{"type":"Feature","properties":{"p":0.001469},"geometry":{"type":"Polygon","coordinates":[[[20.025625,49.2094],[20.027,49.2094],[20.027,49.2103],[20.025625,49.2103],[20.025625,49.2094]]]}},{"type":"Feature","properties":{"p":0.001453},"geometry":{"type":"Polygon","coordinates":[[[20.050375,49.1959],[20.05175,49.1959],[20.05175,49.1968],[20.050375,49.1968],[20.050375,49.1959]]]}},{"type":"Feature","properties":{"p":0.001443},"geometry":{"type":"Polygon","coordinates":[[[20.006375,49.2058],[20.00775,49.2058],[20.00775,49.2067],[20.006375,49.2067],[20.006375,49.2058]]]}},{"type":"Feature","properties":{"p":0.00144},"geometry":{"type":"Polygon","coordinates":[[[20.044875,49.195],[20.04625,49.195],[20.04625,49.1959],[20.044875,49.1959],[20.044875,49.195]]]}},{"type":"Feature","properties":{"p":0.001428},"geometry":{"type":"Polygon","coordinates":[[[20.016,49.2211],[20.017375,49.2211],[20.017375,49.222],[20.016,49.222],[20.016,49.2211]]]}},{"type":"Feature","properties":{"p":0.001417},"geometry":{"type":"Polygon","coordinates":[[[20.022875,49.2013],[20.02425,49.2013],[20.02425,49.2022],[20.022875,49.2022],[20.022875,49.2013]]]}},{"type":"Feature","properties":{"p":0.001413},"geometry":{"type":"Polygon","coordinates":[[[20.027,49.2094],[20.028375,49.2094],[20.028375,49.2103],[20.027,49.2103],[20.027,49.2094]]]}},{"type":"Feature","properties":{"p":0.001384},"geometry":{"type":"Polygon","coordinates":[[[20.020125,49.2067],[20.0215,49.2067],[20.0215,49.2076],[20.020125,49.2076],[20.020125,49.2067]]]}},{"type":"Feature","properties":{"p":0.00135},"geometry":{"type":"Polygon","coordinates":[[[20.0545,49.1968],[20.055875,49.1968],[20.055875,49.1977],[20.0545,49.1977],[20.0545,49.1968]]]}},{"type":"Feature","properties":{"p":0.001341},"geometry":{"type":"Polygon","coordinates":[[[20.058625,49.2454],[20.06,49.2454],[20.06,49.2463],[20.058625,49.2463],[20.058625,49.2454]]]}},{"type":"Feature","properties":{"p":0.001329},"geometry":{"type":"Polygon","coordinates":[[[20.014625,49.2238],[20.016,49.2238],[20.016,49.2247],[20.014625,49.2247],[20.014625,49.2238]]]}},{"type":"Feature","properties":{"p":0.001319},"geometry":{"type":"Polygon","coordinates":[[[20.05725,49.2454],[20.058625,49.2454],[20.058625,49.2463],[20.05725,49.2463],[20.05725,49.2454]]]}},{"type":"Feature","properties":{"p":0.001311},"geometry":{"type":"Polygon","coordinates":[[[20.027,49.2004],[20.028375,49.2004],[20.028375,49.2013],[20.027,49.2013],[20.027,49.2004]]]}},{"type":"Feature","properties":{"p":0.001298},"geometry":{"type":"Polygon","coordinates":[[[20.02975,49.231],[20.031125,49.231],[20.031125,49.2319],[20.02975,49.2319],[20.02975,49.231]]]}},{"type":"Feature","properties":{"p":0.001273},"geometry":{"type":"Polygon","coordinates":[[[20.077875,49.2427],[20.07925,49.2427],[20.07925,49.2436],[20.077875,49.2436],[20.077875,49.2427]]]}},{"type":"Feature","properties":{"p":0.00127},"geometry":{"type":"Polygon","coordinates":[[[20.02975,49.2373],[20.031125,49.2373],[20.031125,49.2382],[20.02975,49.2382],[20.02975,49.2373]]]}},{"type":"Feature","properties":{"p":0.001261},"geometry":{"type":"Polygon","coordinates":[[[20.025625,49.2382],[20.027,49.2382],[20.027,49.2391],[20.025625,49.2391],[20.025625,49.2382]]]}},{"type":"Feature","properties":{"p":0.001257},"geometry":{"type":"Polygon","coordinates":[[[20.020125,49.2058],[20.0215,49.2058],[20.0215,49.2067],[20.020125,49.2067],[20.020125,49.2058]]]}},{"type":"Feature","properties":{"p":0.001242},"geometry":{"type":"Polygon","coordinates":[[[20.020125,49.2166],[20.0215,49.2166],[20.0215,49.2175],[20.020125,49.2175],[20.020125,49.2166]]]}},{"type":"Feature","properties":{"p":0.001221},"geometry":{"type":"Polygon","coordinates":[[[20.028375,49.2328],[20.02975,49.2328],[20.02975,49.2337],[20.028375,49.2337],[20.028375,49.2328]]]}},{"type":"Feature","properties":{"p":0.001213},"geometry":{"type":"Polygon","coordinates":[[[20.028375,49.2004],[20.02975,49.2004],[20.02975,49.2013],[20.028375,49.2013],[20.028375,49.2004]]]}},{"type":"Feature","properties":{"p":0.001209},"geometry":{"type":"Polygon","coordinates":[[[20.06275,49.2283],[20.064125,49.2283],[20.064125,49.2292],[20.06275,49.2292],[20.06275,49.2283]]]}},{"type":"Feature","properties":{"p":0.001197},"geometry":{"type":"Polygon","coordinates":[[[20.053125,49.2373],[20.0545,49.2373],[20.0545,49.2382],[20.053125,49.2382],[20.053125,49.2373]]]}},{"type":"Feature","properties":{"p":0.001188},"geometry":{"type":"Polygon","coordinates":[[[20.017375,49.2085],[20.01875,49.2085],[20.01875,49.2094],[20.017375,49.2094],[20.017375,49.2085]]]}},{"type":"Feature","properties":{"p":0.001152},"geometry":{"type":"Polygon","coordinates":[[[20.017375,49.2175],[20.01875,49.2175],[20.01875,49.2184],[20.017375,49.2184],[20.017375,49.2175]]]}},{"type":"Feature","properties":{"p":0.001152},"geometry":{"type":"Polygon","coordinates":[[[20.017375,49.2238],[20.01875,49.2238],[20.01875,49.2247],[20.017375,49.2247],[20.017375,49.2238]]]}},{"type":"Feature","properties":{"p":0.001143},"geometry":{"type":"Polygon","coordinates":[[[20.009125,49.2265],[20.0105,49.2265],[20.0105,49.2274],[20.009125,49.2274],[20.009125,49.2265]]]}},{"type":"Feature","properties":{"p":0.001141},"geometry":{"type":"Polygon","coordinates":[[[20.027,49.2013],[20.028375,49.2013],[20.028375,49.2022],[20.027,49.2022],[20.027,49.2013]]]}},{"type":"Feature","properties":{"p":0.001138},"geometry":{"type":"Polygon","coordinates":[[[20.06,49.2139],[20.061375,49.2139],[20.061375,49.2148],[20.06,49.2148],[20.06,49.2139]]]}},{"type":"Feature","properties":{"p":0.001132},"geometry":{"type":"Polygon","coordinates":[[[20.0215,49.2067],[20.022875,49.2067],[20.022875,49.2076],[20.0215,49.2076],[20.0215,49.2067]]]}},{"type":"Feature","properties":{"p":0.001131},"geometry":{"type":"Polygon","coordinates":[[[20.03525,49.2103],[20.036625,49.2103],[20.036625,49.2112],[20.03525,49.2112],[20.03525,49.2103]]]}},{"type":"Feature","properties":{"p":0.001121},"geometry":{"type":"Polygon","coordinates":[[[20.01875,49.2058],[20.020125,49.2058],[20.020125,49.2067],[20.01875,49.2067],[20.01875,49.2058]]]}},{"type":"Feature","properties":{"p":0.001117},"geometry":{"type":"Polygon","coordinates":[[[20.01325,49.2085],[20.014625,49.2085],[20.014625,49.2094],[20.01325,49.2094],[20.01325,49.2085]]]}},{"type":"Feature","properties":{"p":0.001116},"geometry":{"type":"Polygon","coordinates":[[[20.042125,49.2283],[20.0435,49.2283],[20.0435,49.2292],[20.042125,49.2292],[20.042125,49.2283]]]}},{"type":"Feature","properties":{"p":0.001115},"geometry":{"type":"Polygon","coordinates":[[[20.053125,49.2139],[20.0545,49.2139],[20.0545,49.2148],[20.053125,49.2148],[20.053125,49.2139]]]}},{"type":"Feature","properties":{"p":0.001114},"geometry":{"type":"Polygon","coordinates":[[[20.02975,49.2391],[20.031125,49.2391],[20.031125,49.24],[20.02975,49.24],[20.02975,49.2391]]]}},{"type":"Feature","properties":{"p":0.001106},"geometry":{"type":"Polygon","coordinates":[[[20.055875,49.1977],[20.05725,49.1977],[20.05725,49.1986],[20.055875,49.1986],[20.055875,49.1977]]]}},{"type":"Feature","properties":{"p":0.001086},"geometry":{"type":"Polygon","coordinates":[[[20.017375,49.2058],[20.01875,49.2058],[20.01875,49.2067],[20.017375,49.2067],[20.017375,49.2058]]]}},{"type":"Feature","properties":{"p":0.001085},"geometry":{"type":"Polygon","coordinates":[[[20.0435,49.2148],[20.044875,49.2148],[20.044875,49.2157],[20.0435,49.2157],[20.0435,49.2148]]]}},{"type":"Feature","properties":{"p":0.001078},"geometry":{"type":"Polygon","coordinates":[[[20.009125,49.2067],[20.0105,49.2067],[20.0105,49.2076],[20.009125,49.2076],[20.009125,49.2067]]]}},{"type":"Feature","properties":{"p":0.001078},"geometry":{"type":"Polygon","coordinates":[[[20.036625,49.1995],[20.038,49.1995],[20.038,49.2004],[20.036625,49.2004],[20.036625,49.1995]]]}},{"type":"Feature","properties":{"p":0.001075},"geometry":{"type":"Polygon","coordinates":[[[20.06,49.2454],[20.061375,49.2454],[20.061375,49.2463],[20.06,49.2463],[20.06,49.2454]]]}},{"type":"Feature","properties":{"p":0.001068},"geometry":{"type":"Polygon","coordinates":[[[20.005,49.2472],[20.006375,49.2472],[20.006375,49.2481],[20.005,49.2481],[20.005,49.2472]]]}},{"type":"Feature","properties":{"p":0.001062},"geometry":{"type":"Polygon","coordinates":[[[20.047625,49.2301],[20.049,49.2301],[20.049,49.231],[20.047625,49.231],[20.047625,49.2301]]]}},{"type":"Feature","properties":{"p":0.00106},"geometry":{"type":"Polygon","coordinates":[[[20.08475,49.195],[20.086125,49.195],[20.086125,49.1959],[20.08475,49.1959],[20.08475,49.195]]]}},{"type":"Feature","properties":{"p":0.001055},"geometry":{"type":"Polygon","coordinates":[[[20.082,49.2463],[20.083375,49.2463],[20.083375,49.2472],[20.082,49.2472],[20.082,49.2463]]]}},{"type":"Feature","properties":{"p":0.00102},"geometry":{"type":"Polygon","coordinates":[[[20.06825,49.2355],[20.069625,49.2355],[20.069625,49.2364],[20.06825,49.2364],[20.06825,49.2355]]]}},{"type":"Feature","properties":{"p":0.000996},"geometry":{"type":"Polygon","coordinates":[[[20.006375,49.2463],[20.00775,49.2463],[20.00775,49.2472],[20.006375,49.2472],[20.006375,49.2463]]]}},{"type":"Feature","properties":{"p":0.000984},"geometry":{"type":"Polygon","coordinates":[[[20.009125,49.2328],[20.0105,49.2328],[20.0105,49.2337],[20.009125,49.2337],[20.009125,49.2328]]]}},{"type":"Feature","properties":{"p":0.000972},"geometry":{"type":"Polygon","coordinates":[[[20.009125,49.2319],[20.0105,49.2319],[20.0105,49.2328],[20.009125,49.2328],[20.009125,49.2319]]]}},{"type":"Feature","properties":{"p":0.000963},"geometry":{"type":"Polygon","coordinates":[[[20.020125,49.2445],[20.0215,49.2445],[20.0215,49.2454],[20.020125,49.2454],[20.020125,49.2445]]]}},{"type":"Feature","properties":{"p":0.000952},"geometry":{"type":"Polygon","coordinates":[[[20.014625,49.2175],[20.016,49.2175],[20.016,49.2184],[20.014625,49.2184],[20.014625,49.2175]]]}},{"type":"Feature","properties":{"p":0.000946},"geometry":{"type":"Polygon","coordinates":[[[20.027,49.2112],[20.028375,49.2112],[20.028375,49.2121],[20.027,49.2121],[20.027,49.2112]]]}},{"type":"Feature","properties":{"p":0.000935},"geometry":{"type":"Polygon","coordinates":[[[20.016,49.222],[20.017375,49.222],[20.017375,49.2229],[20.016,49.2229],[20.016,49.222]]]}},{"type":"Feature","properties":{"p":0.000932},"geometry":{"type":"Polygon","coordinates":[[[20.077875,49.2418],[20.07925,49.2418],[20.07925,49.2427],[20.077875,49.2427],[20.077875,49.2418]]]}},{"type":"Feature","properties":{"p":0.000921},"geometry":{"type":"Polygon","coordinates":[[[20.031125,49.2112],[20.0325,49.2112],[20.0325,49.2121],[20.031125,49.2121],[20.031125,49.2112]]]}},{"type":"Feature","properties":{"p":0.000898},"geometry":{"type":"Polygon","coordinates":[[[20.086125,49.2247],[20.0875,49.2247],[20.0875,49.2256],[20.086125,49.2256],[20.086125,49.2247]]]}},{"type":"Feature","properties":{"p":0.000875},"geometry":{"type":"Polygon","coordinates":[[[20.011875,49.2211],[20.01325,49.2211],[20.01325,49.222],[20.011875,49.222],[20.011875,49.2211]]]}},{"type":"Feature","properties":{"p":0.000864},"geometry":{"type":"Polygon","coordinates":[[[20.053125,49.195],[20.0545,49.195],[20.0545,49.1959],[20.053125,49.1959],[20.053125,49.195]]]}},{"type":"Feature","properties":{"p":0.000857},"geometry":{"type":"Polygon","coordinates":[[[20.02975,49.24],[20.031125,49.24],[20.031125,49.2409],[20.02975,49.2409],[20.02975,49.24]]]}},{"type":"Feature","properties":{"p":0.000855},"geometry":{"type":"Polygon","coordinates":[[[20.01875,49.222],[20.020125,49.222],[20.020125,49.2229],[20.01875,49.2229],[20.01875,49.222]]]}},{"type":"Feature","properties":{"p":0.000848},"geometry":{"type":"Polygon","coordinates":[[[20.0215,49.2058],[20.022875,49.2058],[20.022875,49.2067],[20.0215,49.2067],[20.0215,49.2058]]]}},{"type":"Feature","properties":{"p":0.000848},"geometry":{"type":"Polygon","coordinates":[[[20.005,49.2058],[20.006375,49.2058],[20.006375,49.2067],[20.005,49.2067],[20.005,49.2058]]]}},{"type":"Feature","properties":{"p":0.000841},"geometry":{"type":"Polygon","coordinates":[[[20.049,49.24],[20.050375,49.24],[20.050375,49.2409],[20.049,49.2409],[20.049,49.24]]]}},{"type":"Feature","properties":{"p":0.000841},"geometry":{"type":"Polygon","coordinates":[[[20.0215,49.222],[20.022875,49.222],[20.022875,49.2229],[20.0215,49.2229],[20.0215,49.222]]]}},{"type":"Feature","properties":{"p":0.000841},"geometry":{"type":"Polygon","coordinates":[[[20.009125,49.2337],[20.0105,49.2337],[20.0105,49.2346],[20.009125,49.2346],[20.009125,49.2337]]]}},{"type":"Feature","properties":{"p":0.000822},"geometry":{"type":"Polygon","coordinates":[[[20.064125,49.2337],[20.0655,49.2337],[20.0655,49.2346],[20.064125,49.2346],[20.064125,49.2337]]]}},{"type":"Feature","properties":{"p":0.000815},"geometry":{"type":"Polygon","coordinates":[[[20.0325,49.2112],[20.033875,49.2112],[20.033875,49.2121],[20.0325,49.2121],[20.0325,49.2112]]]}},{"type":"Feature","properties":{"p":0.000809},"geometry":{"type":"Polygon","coordinates":[[[20.083375,49.2481],[20.08475,49.2481],[20.08475,49.249],[20.083375,49.249],[20.083375,49.2481]]]}},{"type":"Feature","properties":{"p":0.000799},"geometry":{"type":"Polygon","coordinates":[[[20.006375,49.2148],[20.00775,49.2148],[20.00775,49.2157],[20.006375,49.2157],[20.006375,49.2148]]]}},{"type":"Feature","properties":{"p":0.000791},"geometry":{"type":"Polygon","coordinates":[[[20.05175,49.2355],[20.053125,49.2355],[20.053125,49.2364],[20.05175,49.2364],[20.05175,49.2355]]]}},{"type":"Feature","properties":{"p":0.000788},"geometry":{"type":"Polygon","coordinates":[[[20.011875,49.222],[20.01325,49.222],[20.01325,49.2229],[20.011875,49.2229],[20.011875,49.222]]]}},{"type":"Feature","properties":{"p":0.000784},"geometry":{"type":"Polygon","coordinates":[[[20.027,49.2382],[20.028375,49.2382],[20.028375,49.2391],[20.027,49.2391],[20.027,49.2382]]]}},{"type":"Feature","properties":{"p":0.000777},"geometry":{"type":"Polygon","coordinates":[[[20.07375,49.2409],[20.075125,49.2409],[20.075125,49.2418],[20.07375,49.2418],[20.07375,49.2409]]]}},{"type":"Feature","properties":{"p":0.000774},"geometry":{"type":"Polygon","coordinates":[[[20.05725,49.2265],[20.058625,49.2265],[20.058625,49.2274],[20.05725,49.2274],[20.05725,49.2265]]]}},{"type":"Feature","properties":{"p":0.000774},"geometry":{"type":"Polygon","coordinates":[[[20.006375,49.2076],[20.00775,49.2076],[20.00775,49.2085],[20.006375,49.2085],[20.006375,49.2076]]]}},{"type":"Feature","properties":{"p":0.00077},"geometry":{"type":"Polygon","coordinates":[[[20.01875,49.2121],[20.020125,49.2121],[20.020125,49.213],[20.01875,49.213],[20.01875,49.2121]]]}},{"type":"Feature","properties":{"p":0.000761},"geometry":{"type":"Polygon","coordinates":[[[20.031125,49.2076],[20.0325,49.2076],[20.0325,49.2085],[20.031125,49.2085],[20.031125,49.2076]]]}},{"type":"Feature","properties":{"p":0.00076},"geometry":{"type":"Polygon","coordinates":[[[20.006375,49.2328],[20.00775,49.2328],[20.00775,49.2337],[20.006375,49.2337],[20.006375,49.2328]]]}},{"type":"Feature","properties":{"p":0.00076},"geometry":{"type":"Polygon","coordinates":[[[20.028375,49.2139],[20.02975,49.2139],[20.02975,49.2148],[20.028375,49.2148],[20.028375,49.2139]]]}},{"type":"Feature","properties":{"p":0.000757},"geometry":{"type":"Polygon","coordinates":[[[20.055875,49.2265],[20.05725,49.2265],[20.05725,49.2274],[20.055875,49.2274],[20.055875,49.2265]]]}},{"type":"Feature","properties":{"p":0.000755},"geometry":{"type":"Polygon","coordinates":[[[20.0105,49.2139],[20.011875,49.2139],[20.011875,49.2148],[20.0105,49.2148],[20.0105,49.2139]]]}},{"type":"Feature","properties":{"p":0.000754},"geometry":{"type":"Polygon","coordinates":[[[20.061375,49.231],[20.06275,49.231],[20.06275,49.2319],[20.061375,49.2319],[20.061375,49.231]]]}},{"type":"Feature","properties":{"p":0.000754},"geometry":{"type":"Polygon","coordinates":[[[20.05175,49.195],[20.053125,49.195],[20.053125,49.1959],[20.05175,49.1959],[20.05175,49.195]]]}},{"type":"Feature","properties":{"p":0.000753},"geometry":{"type":"Polygon","coordinates":[[[20.069625,49.2121],[20.071,49.2121],[20.071,49.213],[20.069625,49.213],[20.069625,49.2121]]]}},{"type":"Feature","properties":{"p":0.000752},"geometry":{"type":"Polygon","coordinates":[[[20.071,49.2391],[20.072375,49.2391],[20.072375,49.24],[20.071,49.24],[20.071,49.2391]]]}},{"type":"Feature","properties":{"p":0.000751},"geometry":{"type":"Polygon","coordinates":[[[20.061375,49.2157],[20.06275,49.2157],[20.06275,49.2166],[20.061375,49.2166],[20.061375,49.2157]]]}},{"type":"Feature","properties":{"p":0.000743},"geometry":{"type":"Polygon","coordinates":[[[20.02425,49.2094],[20.025625,49.2094],[20.025625,49.2103],[20.02425,49.2103],[20.02425,49.2094]]]}},{"type":"Feature","properties":{"p":0.000741},"geometry":{"type":"Polygon","coordinates":[[[20.072375,49.2175],[20.07375,49.2175],[20.07375,49.2184],[20.072375,49.2184],[20.072375,49.2175]]]}},{"type":"Feature","properties":{"p":0.000733},"geometry":{"type":"Polygon","coordinates":[[[20.0545,49.1977],[20.055875,49.1977],[20.055875,49.1986],[20.0545,49.1986],[20.0545,49.1977]]]}},{"type":"Feature","properties":{"p":0.000728},"geometry":{"type":"Polygon","coordinates":[[[20.06,49.2157],[20.061375,49.2157],[20.061375,49.2166],[20.06,49.2166],[20.06,49.2157]]]}},{"type":"Feature","properties":{"p":0.000723},"geometry":{"type":"Polygon","coordinates":[[[20.0215,49.2247],[20.022875,49.2247],[20.022875,49.2256],[20.0215,49.2256],[20.0215,49.2247]]]}},{"type":"Feature","properties":{"p":0.000717},"geometry":{"type":"Polygon","coordinates":[[[20.01875,49.2049],[20.020125,49.2049],[20.020125,49.2058],[20.01875,49.2058],[20.01875,49.2049]]]}},{"type":"Feature","properties":{"p":0.000717},"geometry":{"type":"Polygon","coordinates":[[[20.00775,49.2382],[20.009125,49.2382],[20.009125,49.2391],[20.00775,49.2391],[20.00775,49.2382]]]}},{"type":"Feature","properties":{"p":0.000715},"geometry":{"type":"Polygon","coordinates":[[[20.0215,49.195],[20.022875,49.195],[20.022875,49.1959],[20.0215,49.1959],[20.0215,49.195]]]}},{"type":"Feature","properties":{"p":0.000714},"geometry":{"type":"Polygon","coordinates":[[[20.0105,49.2319],[20.011875,49.2319],[20.011875,49.2328],[20.0105,49.2328],[20.0105,49.2319]]]}},{"type":"Feature","properties":{"p":0.000703},"geometry":{"type":"Polygon","coordinates":[[[20.00775,49.2085],[20.009125,49.2085],[20.009125,49.2094],[20.00775,49.2094],[20.00775,49.2085]]]}},{"type":"Feature","properties":{"p":0.000697},"geometry":{"type":"Polygon","coordinates":[[[20.014625,49.2337],[20.016,49.2337],[20.016,49.2346],[20.014625,49.2346],[20.014625,49.2337]]]}},{"type":"Feature","properties":{"p":0.000694},"geometry":{"type":"Polygon","coordinates":[[[20.071,49.2175],[20.072375,49.2175],[20.072375,49.2184],[20.071,49.2184],[20.071,49.2175]]]}},{"type":"Feature","properties":{"p":0.00069},"geometry":{"type":"Polygon","coordinates":[[[20.042125,49.2067],[20.0435,49.2067],[20.0435,49.2076],[20.042125,49.2076],[20.042125,49.2067]]]}},{"type":"Feature","properties":{"p":0.000684},"geometry":{"type":"Polygon","coordinates":[[[20.08475,49.2409],[20.086125,49.2409],[20.086125,49.2418],[20.08475,49.2418],[20.08475,49.2409]]]}},{"type":"Feature","properties":{"p":0.000684},"geometry":{"type":"Polygon","coordinates":[[[20.0655,49.2265],[20.066875,49.2265],[20.066875,49.2274],[20.0655,49.2274],[20.0655,49.2265]]]}},{"type":"Feature","properties":{"p":0.000673},"geometry":{"type":"Polygon","coordinates":[[[20.039375,49.2463],[20.04075,49.2463],[20.04075,49.2472],[20.039375,49.2472],[20.039375,49.2463]]]}},{"type":"Feature","properties":{"p":0.000672},"geometry":{"type":"Polygon","coordinates":[[[20.025625,49.2157],[20.027,49.2157],[20.027,49.2166],[20.025625,49.2166],[20.025625,49.2157]]]}},{"type":"Feature","properties":{"p":0.00067},"geometry":{"type":"Polygon","coordinates":[[[20.05175,49.2328],[20.053125,49.2328],[20.053125,49.2337],[20.05175,49.2337],[20.05175,49.2328]]]}},{"type":"Feature","properties":{"p":0.000667},"geometry":{"type":"Polygon","coordinates":[[[20.075125,49.2247],[20.0765,49.2247],[20.0765,49.2256],[20.075125,49.2256],[20.075125,49.2247]]]}},{"type":"Feature","properties":{"p":0.000662},"geometry":{"type":"Polygon","coordinates":[[[20.07925,49.2166],[20.080625,49.2166],[20.080625,49.2175],[20.07925,49.2175],[20.07925,49.2166]]]}},{"type":"Feature","properties":{"p":0.00066},"geometry":{"type":"Polygon","coordinates":[[[20.0105,49.231],[20.011875,49.231],[20.011875,49.2319],[20.0105,49.2319],[20.0105,49.231]]]}},{"type":"Feature","properties":{"p":0.000658},"geometry":{"type":"Polygon","coordinates":[[[20.053125,49.2328],[20.0545,49.2328],[20.0545,49.2337],[20.053125,49.2337],[20.053125,49.2328]]]}},{"type":"Feature","properties":{"p":0.000657},"geometry":{"type":"Polygon","coordinates":[[[20.0105,49.2481],[20.011875,49.2481],[20.011875,49.249],[20.0105,49.249],[20.0105,49.2481]]]}},{"type":"Feature","properties":{"p":0.000648},"geometry":{"type":"Polygon","coordinates":[[[20.01875,49.2238],[20.020125,49.2238],[20.020125,49.2247],[20.01875,49.2247],[20.01875,49.2238]]]}},{"type":"Feature","properties":{"p":0.000642},"geometry":{"type":"Polygon","coordinates":[[[20.06,49.2445],[20.061375,49.2445],[20.061375,49.2454],[20.06,49.2454],[20.06,49.2445]]]}},{"type":"Feature","properties":{"p":0.000635},"geometry":{"type":"Polygon","coordinates":[[[20.038,49.2247],[20.039375,49.2247],[20.039375,49.2256],[20.038,49.2256],[20.038,49.2247]]]}},{"type":"Feature","properties":{"p":0.000634},"geometry":{"type":"Polygon","coordinates":[[[20.02975,49.2112],[20.031125,49.2112],[20.031125,49.2121],[20.02975,49.2121],[20.02975,49.2112]]]}},{"type":"Feature","properties":{"p":0.000631},"geometry":{"type":"Polygon","coordinates":[[[20.011875,49.2148],[20.01325,49.2148],[20.01325,49.2157],[20.011875,49.2157],[20.011875,49.2148]]]}},{"type":"Feature","properties":{"p":0.00063},"geometry":{"type":"Polygon","coordinates":[[[20.009125,49.2346],[20.0105,49.2346],[20.0105,49.2355],[20.009125,49.2355],[20.009125,49.2346]]]}},{"type":"Feature","properties":{"p":0.000629},"geometry":{"type":"Polygon","coordinates":[[[20.06,49.2472],[20.061375,49.2472],[20.061375,49.2481],[20.06,49.2481],[20.06,49.2472]]]}},{"type":"Feature","properties":{"p":0.000628},"geometry":{"type":"Polygon","coordinates":[[[20.061375,49.2481],[20.06275,49.2481],[20.06275,49.249],[20.061375,49.249],[20.061375,49.2481]]]}},{"type":"Feature","properties":{"p":0.000627},"geometry":{"type":"Polygon","coordinates":[[[20.07925,49.222],[20.080625,49.222],[20.080625,49.2229],[20.07925,49.2229],[20.07925,49.222]]]}},{"type":"Feature","properties":{"p":0.000623},"geometry":{"type":"Polygon","coordinates":[[[20.05725,49.2382],[20.058625,49.2382],[20.058625,49.2391],[20.05725,49.2391],[20.05725,49.2382]]]}},{"type":"Feature","properties":{"p":0.000615},"geometry":{"type":"Polygon","coordinates":[[[20.039375,49.2454],[20.04075,49.2454],[20.04075,49.2463],[20.039375,49.2463],[20.039375,49.2454]]]}},{"type":"Feature","properties":{"p":0.000609},"geometry":{"type":"Polygon","coordinates":[[[20.017375,49.2094],[20.01875,49.2094],[20.01875,49.2103],[20.017375,49.2103],[20.017375,49.2094]]]}},{"type":"Feature","properties":{"p":0.000605},"geometry":{"type":"Polygon","coordinates":[[[20.020125,49.2184],[20.0215,49.2184],[20.0215,49.2193],[20.020125,49.2193],[20.020125,49.2184]]]}},{"type":"Feature","properties":{"p":0.000603},"geometry":{"type":"Polygon","coordinates":[[[20.05175,49.2022],[20.053125,49.2022],[20.053125,49.2031],[20.05175,49.2031],[20.05175,49.2022]]]}},{"type":"Feature","properties":{"p":0.000597},"geometry":{"type":"Polygon","coordinates":[[[20.0435,49.2283],[20.044875,49.2283],[20.044875,49.2292],[20.0435,49.2292],[20.0435,49.2283]]]}},{"type":"Feature","properties":{"p":0.00059},"geometry":{"type":"Polygon","coordinates":[[[20.0325,49.2454],[20.033875,49.2454],[20.033875,49.2463],[20.0325,49.2463],[20.0325,49.2454]]]}},{"type":"Feature","properties":{"p":0.000589},"geometry":{"type":"Polygon","coordinates":[[[20.05725,49.2373],[20.058625,49.2373],[20.058625,49.2382],[20.05725,49.2382],[20.05725,49.2373]]]}},{"type":"Feature","properties":{"p":0.000589},"geometry":{"type":"Polygon","coordinates":[[[20.011875,49.2202],[20.01325,49.2202],[20.01325,49.2211],[20.011875,49.2211],[20.011875,49.2202]]]}},{"type":"Feature","properties":{"p":0.000588},"geometry":{"type":"Polygon","coordinates":[[[20.005,49.2067],[20.006375,49.2067],[20.006375,49.2076],[20.005,49.2076],[20.005,49.2067]]]}},{"type":"Feature","properties":{"p":0.000587},"geometry":{"type":"Polygon","coordinates":[[[20.027,49.1995],[20.028375,49.1995],[20.028375,49.2004],[20.027,49.2004],[20.027,49.1995]]]}},{"type":"Feature","properties":{"p":0.000583},"geometry":{"type":"Polygon","coordinates":[[[20.00775,49.2058],[20.009125,49.2058],[20.009125,49.2067],[20.00775,49.2067],[20.00775,49.2058]]]}},{"type":"Feature","properties":{"p":0.000582},"geometry":{"type":"Polygon","coordinates":[[[20.07375,49.2175],[20.075125,49.2175],[20.075125,49.2184],[20.07375,49.2184],[20.07375,49.2175]]]}},{"type":"Feature","properties":{"p":0.000578},"geometry":{"type":"Polygon","coordinates":[[[20.00775,49.2193],[20.009125,49.2193],[20.009125,49.2202],[20.00775,49.2202],[20.00775,49.2193]]]}},{"type":"Feature","properties":{"p":0.000578},"geometry":{"type":"Polygon","coordinates":[[[20.006375,49.2436],[20.00775,49.2436],[20.00775,49.2445],[20.006375,49.2445],[20.006375,49.2436]]]}},{"type":"Feature","properties":{"p":0.000576},"geometry":{"type":"Polygon","coordinates":[[[20.038,49.2022],[20.039375,49.2022],[20.039375,49.2031],[20.038,49.2031],[20.038,49.2022]]]}},{"type":"Feature","properties":{"p":0.000574},"geometry":{"type":"Polygon","coordinates":[[[20.061375,49.2472],[20.06275,49.2472],[20.06275,49.2481],[20.061375,49.2481],[20.061375,49.2472]]]}},{"type":"Feature","properties":{"p":0.000574},"geometry":{"type":"Polygon","coordinates":[[[20.049,49.195],[20.050375,49.195],[20.050375,49.1959],[20.049,49.1959],[20.049,49.195]]]}},{"type":"Feature","properties":{"p":0.000573},"geometry":{"type":"Polygon","coordinates":[[[20.0325,49.2022],[20.033875,49.2022],[20.033875,49.2031],[20.0325,49.2031],[20.0325,49.2022]]]}},{"type":"Feature","properties":{"p":0.00057},"geometry":{"type":"Polygon","coordinates":[[[20.033875,49.2274],[20.03525,49.2274],[20.03525,49.2283],[20.033875,49.2283],[20.033875,49.2274]]]}},{"type":"Feature","properties":{"p":0.00057},"geometry":{"type":"Polygon","coordinates":[[[20.03525,49.2013],[20.036625,49.2013],[20.036625,49.2022],[20.03525,49.2022],[20.03525,49.2013]]]}},{"type":"Feature","properties":{"p":0.00057},"geometry":{"type":"Polygon","coordinates":[[[20.014625,49.2139],[20.016,49.2139],[20.016,49.2148],[20.014625,49.2148],[20.014625,49.2139]]]}},{"type":"Feature","properties":{"p":0.000569},"geometry":{"type":"Polygon","coordinates":[[[20.033875,49.2283],[20.03525,49.2283],[20.03525,49.2292],[20.033875,49.2292],[20.033875,49.2283]]]}},{"type":"Feature","properties":{"p":0.000569},"geometry":{"type":"Polygon","coordinates":[[[20.08475,49.2283],[20.086125,49.2283],[20.086125,49.2292],[20.08475,49.2292],[20.08475,49.2283]]]}},{"type":"Feature","properties":{"p":0.000567},"geometry":{"type":"Polygon","coordinates":[[[20.03525,49.2346],[20.036625,49.2346],[20.036625,49.2355],[20.03525,49.2355],[20.03525,49.2346]]]}},{"type":"Feature","properties":{"p":0.000564},"geometry":{"type":"Polygon","coordinates":[[[20.039375,49.1986],[20.04075,49.1986],[20.04075,49.1995],[20.039375,49.1995],[20.039375,49.1986]]]}},{"type":"Feature","properties":{"p":0.000563},"geometry":{"type":"Polygon","coordinates":[[[20.080625,49.2445],[20.082,49.2445],[20.082,49.2454],[20.080625,49.2454],[20.080625,49.2445]]]}},{"type":"Feature","properties":{"p":0.000558},"geometry":{"type":"Polygon","coordinates":[[[20.047625,49.2274],[20.049,49.2274],[20.049,49.2283],[20.047625,49.2283],[20.047625,49.2274]]]}},{"type":"Feature","properties":{"p":0.000545},"geometry":{"type":"Polygon","coordinates":[[[20.061375,49.2301],[20.06275,49.2301],[20.06275,49.231],[20.061375,49.231],[20.061375,49.2301]]]}},{"type":"Feature","properties":{"p":0.000539},"geometry":{"type":"Polygon","coordinates":[[[20.0105,49.2301],[20.011875,49.2301],[20.011875,49.231],[20.0105,49.231],[20.0105,49.2301]]]}},{"type":"Feature","properties":{"p":0.000535},"geometry":{"type":"Polygon","coordinates":[[[20.082,49.2238],[20.083375,49.2238],[20.083375,49.2247],[20.082,49.2247],[20.082,49.2238]]]}},{"type":"Feature","properties":{"p":0.000534},"geometry":{"type":"Polygon","coordinates":[[[20.020125,49.195],[20.0215,49.195],[20.0215,49.1959],[20.020125,49.1959],[20.020125,49.195]]]}},{"type":"Feature","properties":{"p":0.000529},"geometry":{"type":"Polygon","coordinates":[[[20.058625,49.2445],[20.06,49.2445],[20.06,49.2454],[20.058625,49.2454],[20.058625,49.2445]]]}},{"type":"Feature","properties":{"p":0.000528},"geometry":{"type":"Polygon","coordinates":[[[20.00775,49.2436],[20.009125,49.2436],[20.009125,49.2445],[20.00775,49.2445],[20.00775,49.2436]]]}},{"type":"Feature","properties":{"p":0.000527},"geometry":{"type":"Polygon","coordinates":[[[20.06275,49.2481],[20.064125,49.2481],[20.064125,49.249],[20.06275,49.249],[20.06275,49.2481]]]}},{"type":"Feature","properties":{"p":0.000523},"geometry":{"type":"Polygon","coordinates":[[[20.027,49.2373],[20.028375,49.2373],[20.028375,49.2382],[20.027,49.2382],[20.027,49.2373]]]}},{"type":"Feature","properties":{"p":0.000522},"geometry":{"type":"Polygon","coordinates":[[[20.031125,49.2418],[20.0325,49.2418],[20.0325,49.2427],[20.031125,49.2427],[20.031125,49.2418]]]}},{"type":"Feature","properties":{"p":0.000522},"geometry":{"type":"Polygon","coordinates":[[[20.0325,49.2481],[20.033875,49.2481],[20.033875,49.249],[20.0325,49.249],[20.0325,49.2481]]]}},{"type":"Feature","properties":{"p":0.000519},"geometry":{"type":"Polygon","coordinates":[[[20.02975,49.2301],[20.031125,49.2301],[20.031125,49.231],[20.02975,49.231],[20.02975,49.2301]]]}},{"type":"Feature","properties":{"p":0.000517},"geometry":{"type":"Polygon","coordinates":[[[20.020125,49.2274],[20.0215,49.2274],[20.0215,49.2283],[20.020125,49.2283],[20.020125,49.2274]]]}},{"type":"Feature","properties":{"p":0.000515},"geometry":{"type":"Polygon","coordinates":[[[20.01875,49.2274],[20.020125,49.2274],[20.020125,49.2283],[20.01875,49.2283],[20.01875,49.2274]]]}},{"type":"Feature","properties":{"p":0.000515},"geometry":{"type":"Polygon","coordinates":[[[20.0105,49.2265],[20.011875,49.2265],[20.011875,49.2274],[20.0105,49.2274],[20.0105,49.2265]]]}},{"type":"Feature","properties":{"p":0.000513},"geometry":{"type":"Polygon","coordinates":[[[20.033875,49.2085],[20.03525,49.2085],[20.03525,49.2094],[20.033875,49.2094],[20.033875,49.2085]]]}},{"type":"Feature","properties":{"p":0.000507},"geometry":{"type":"Polygon","coordinates":[[[20.020125,49.213],[20.0215,49.213],[20.0215,49.2139],[20.020125,49.2139],[20.020125,49.213]]]}},{"type":"Feature","properties":{"p":0.000507},"geometry":{"type":"Polygon","coordinates":[[[20.080625,49.2418],[20.082,49.2418],[20.082,49.2427],[20.080625,49.2427],[20.080625,49.2418]]]}},{"type":"Feature","properties":{"p":0.000506},"geometry":{"type":"Polygon","coordinates":[[[20.038,49.2454],[20.039375,49.2454],[20.039375,49.2463],[20.038,49.2463],[20.038,49.2454]]]}},{"type":"Feature","properties":{"p":0.000506},"geometry":{"type":"Polygon","coordinates":[[[20.069625,49.2391],[20.071,49.2391],[20.071,49.24],[20.069625,49.24],[20.069625,49.2391]]]}},{"type":"Feature","properties":{"p":0.000503},"geometry":{"type":"Polygon","coordinates":[[[20.005,49.2319],[20.006375,49.2319],[20.006375,49.2328],[20.005,49.2328],[20.005,49.2319]]]}},{"type":"Feature","properties":{"p":0.000498},"geometry":{"type":"Polygon","coordinates":[[[20.02425,49.2157],[20.025625,49.2157],[20.025625,49.2166],[20.02425,49.2166],[20.02425,49.2157]]]}},{"type":"Feature","properties":{"p":0.000495},"geometry":{"type":"Polygon","coordinates":[[[20.027,49.2139],[20.028375,49.2139],[20.028375,49.2148],[20.027,49.2148],[20.027,49.2139]]]}},{"type":"Feature","properties":{"p":0.000489},"geometry":{"type":"Polygon","coordinates":[[[20.014625,49.2148],[20.016,49.2148],[20.016,49.2157],[20.014625,49.2157],[20.014625,49.2148]]]}},{"type":"Feature","properties":{"p":0.000484},"geometry":{"type":"Polygon","coordinates":[[[20.0105,49.2256],[20.011875,49.2256],[20.011875,49.2265],[20.0105,49.2265],[20.0105,49.2256]]]}},{"type":"Feature","properties":{"p":0.000483},"geometry":{"type":"Polygon","coordinates":[[[20.0765,49.2427],[20.077875,49.2427],[20.077875,49.2436],[20.0765,49.2436],[20.0765,49.2427]]]}},{"type":"Feature","properties":{"p":0.000479},"geometry":{"type":"Polygon","coordinates":[[[20.080625,49.2175],[20.082,49.2175],[20.082,49.2184],[20.080625,49.2184],[20.080625,49.2175]]]}},{"type":"Feature","properties":{"p":0.000478},"geometry":{"type":"Polygon","coordinates":[[[20.0325,49.2463],[20.033875,49.2463],[20.033875,49.2472],[20.0325,49.2472],[20.0325,49.2463]]]}},{"type":"Feature","properties":{"p":0.000478},"geometry":{"type":"Polygon","coordinates":[[[20.006375,49.2247],[20.00775,49.2247],[20.00775,49.2256],[20.006375,49.2256],[20.006375,49.2247]]]}},{"type":"Feature","properties":{"p":0.000475},"geometry":{"type":"Polygon","coordinates":[[[20.006375,49.2427],[20.00775,49.2427],[20.00775,49.2436],[20.006375,49.2436],[20.006375,49.2427]]]}},{"type":"Feature","properties":{"p":0.000471},"geometry":{"type":"Polygon","coordinates":[[[20.0215,49.2211],[20.022875,49.2211],[20.022875,49.222],[20.0215,49.222],[20.0215,49.2211]]]}},{"type":"Feature","properties":{"p":0.00047},"geometry":{"type":"Polygon","coordinates":[[[20.047625,49.2229],[20.049,49.2229],[20.049,49.2238],[20.047625,49.2238],[20.047625,49.2229]]]}},{"type":"Feature","properties":{"p":0.000469},"geometry":{"type":"Polygon","coordinates":[[[20.033875,49.2013],[20.03525,49.2013],[20.03525,49.2022],[20.033875,49.2022],[20.033875,49.2013]]]}},{"type":"Feature","properties":{"p":0.000465},"geometry":{"type":"Polygon","coordinates":[[[20.017375,49.2049],[20.01875,49.2049],[20.01875,49.2058],[20.017375,49.2058],[20.017375,49.2049]]]}},{"type":"Feature","properties":{"p":0.000464},"geometry":{"type":"Polygon","coordinates":[[[20.038,49.2121],[20.039375,49.2121],[20.039375,49.213],[20.038,49.213],[20.038,49.2121]]]}},{"type":"Feature","properties":{"p":0.000458},"geometry":{"type":"Polygon","coordinates":[[[20.033875,49.2373],[20.03525,49.2373],[20.03525,49.2382],[20.033875,49.2382],[20.033875,49.2373]]]}},{"type":"Feature","properties":{"p":0.000456},"geometry":{"type":"Polygon","coordinates":[[[20.050375,49.195],[20.05175,49.195],[20.05175,49.1959],[20.050375,49.1959],[20.050375,49.195]]]}},{"type":"Feature","properties":{"p":0.000454},"geometry":{"type":"Polygon","coordinates":[[[20.00775,49.2364],[20.009125,49.2364],[20.009125,49.2373],[20.00775,49.2373],[20.00775,49.2364]]]}},{"type":"Feature","properties":{"p":0.000454},"geometry":{"type":"Polygon","coordinates":[[[20.077875,49.2166],[20.07925,49.2166],[20.07925,49.2175],[20.077875,49.2175],[20.077875,49.2166]]]}},{"type":"Feature","properties":{"p":0.000453},"geometry":{"type":"Polygon","coordinates":[[[20.038,49.1986],[20.039375,49.1986],[20.039375,49.1995],[20.038,49.1995],[20.038,49.1986]]]}},{"type":"Feature","properties":{"p":0.00045},"geometry":{"type":"Polygon","coordinates":[[[20.058625,49.2085],[20.06,49.2085],[20.06,49.2094],[20.058625,49.2094],[20.058625,49.2085]]]}},{"type":"Feature","properties":{"p":0.000447},"geometry":{"type":"Polygon","coordinates":[[[20.00775,49.2355],[20.009125,49.2355],[20.009125,49.2364],[20.00775,49.2364],[20.00775,49.2355]]]}},{"type":"Feature","properties":{"p":0.000446},"geometry":{"type":"Polygon","coordinates":[[[20.033875,49.2481],[20.03525,49.2481],[20.03525,49.249],[20.033875,49.249],[20.033875,49.2481]]]}},{"type":"Feature","properties":{"p":0.000445},"geometry":{"type":"Polygon","coordinates":[[[20.020125,49.222],[20.0215,49.222],[20.0215,49.2229],[20.020125,49.2229],[20.020125,49.222]]]}},{"type":"Feature","properties":{"p":0.000444},"geometry":{"type":"Polygon","coordinates":[[[20.07925,49.2481],[20.080625,49.2481],[20.080625,49.249],[20.07925,49.249],[20.07925,49.2481]]]}},{"type":"Feature","properties":{"p":0.000443},"geometry":{"type":"Polygon","coordinates":[[[20.006375,49.2418],[20.00775,49.2418],[20.00775,49.2427],[20.006375,49.2427],[20.006375,49.2418]]]}},{"type":"Feature","properties":{"p":0.00044},"geometry":{"type":"Polygon","coordinates":[[[20.031125,49.2292],[20.0325,49.2292],[20.0325,49.2301],[20.031125,49.2301],[20.031125,49.2292]]]}},{"type":"Feature","properties":{"p":0.000437},"geometry":{"type":"Polygon","coordinates":[[[20.04075,49.2058],[20.042125,49.2058],[20.042125,49.2067],[20.04075,49.2067],[20.04075,49.2058]]]}},{"type":"Feature","properties":{"p":0.000437},"geometry":{"type":"Polygon","coordinates":[[[20.039375,49.2031],[20.04075,49.2031],[20.04075,49.204],[20.039375,49.204],[20.039375,49.2031]]]}},{"type":"Feature","properties":{"p":0.000435},"geometry":{"type":"Polygon","coordinates":[[[20.01875,49.2319],[20.020125,49.2319],[20.020125,49.2328],[20.01875,49.2328],[20.01875,49.2319]]]}},{"type":"Feature","properties":{"p":0.000435},"geometry":{"type":"Polygon","coordinates":[[[20.009125,49.2355],[20.0105,49.2355],[20.0105,49.2364],[20.009125,49.2364],[20.009125,49.2355]]]}},{"type":"Feature","properties":{"p":0.000434},"geometry":{"type":"Polygon","coordinates":[[[20.016,49.2067],[20.017375,49.2067],[20.017375,49.2076],[20.016,49.2076],[20.016,49.2067]]]}},{"type":"Feature","properties":{"p":0.000428},"geometry":{"type":"Polygon","coordinates":[[[20.049,49.2274],[20.050375,49.2274],[20.050375,49.2283],[20.049,49.2283],[20.049,49.2274]]]}},{"type":"Feature","properties":{"p":0.000427},"geometry":{"type":"Polygon","coordinates":[[[20.04625,49.1959],[20.047625,49.1959],[20.047625,49.1968],[20.04625,49.1968],[20.04625,49.1959]]]}},{"type":"Feature","properties":{"p":0.000426},"geometry":{"type":"Polygon","coordinates":[[[20.009125,49.24],[20.0105,49.24],[20.0105,49.2409],[20.009125,49.2409],[20.009125,49.24]]]}},{"type":"Feature","properties":{"p":0.000424},"geometry":{"type":"Polygon","coordinates":[[[20.07925,49.2472],[20.080625,49.2472],[20.080625,49.2481],[20.07925,49.2481],[20.07925,49.2472]]]}},{"type":"Feature","properties":{"p":0.000422},"geometry":{"type":"Polygon","coordinates":[[[20.014625,49.2166],[20.016,49.2166],[20.016,49.2175],[20.014625,49.2175],[20.014625,49.2166]]]}},{"type":"Feature","properties":{"p":0.000421},"geometry":{"type":"Polygon","coordinates":[[[20.08475,49.2292],[20.086125,49.2292],[20.086125,49.2301],[20.08475,49.2301],[20.08475,49.2292]]]}},{"type":"Feature","properties":{"p":0.000421},"geometry":{"type":"Polygon","coordinates":[[[20.020125,49.2211],[20.0215,49.2211],[20.0215,49.222],[20.020125,49.222],[20.020125,49.2211]]]}},{"type":"Feature","properties":{"p":0.00042},"geometry":{"type":"Polygon","coordinates":[[[20.042125,49.2157],[20.0435,49.2157],[20.0435,49.2166],[20.042125,49.2166],[20.042125,49.2157]]]}},{"type":"Feature","properties":{"p":0.000419},"geometry":{"type":"Polygon","coordinates":[[[20.036625,49.2022],[20.038,49.2022],[20.038,49.2031],[20.036625,49.2031],[20.036625,49.2022]]]}},{"type":"Feature","properties":{"p":0.000417},"geometry":{"type":"Polygon","coordinates":[[[20.05175,49.2364],[20.053125,49.2364],[20.053125,49.2373],[20.05175,49.2373],[20.05175,49.2364]]]}},{"type":"Feature","properties":{"p":0.000417},"geometry":{"type":"Polygon","coordinates":[[[20.06,49.2481],[20.061375,49.2481],[20.061375,49.249],[20.06,49.249],[20.06,49.2481]]]}},{"type":"Feature","properties":{"p":0.000414},"geometry":{"type":"Polygon","coordinates":[[[20.00775,49.2481],[20.009125,49.2481],[20.009125,49.249],[20.00775,49.249],[20.00775,49.2481]]]}},{"type":"Feature","properties":{"p":0.000411},"geometry":{"type":"Polygon","coordinates":[[[20.0105,49.2274],[20.011875,49.2274],[20.011875,49.2283],[20.0105,49.2283],[20.0105,49.2274]]]}},{"type":"Feature","properties":{"p":0.00041},"geometry":{"type":"Polygon","coordinates":[[[20.058625,49.2049],[20.06,49.2049],[20.06,49.2058],[20.058625,49.2058],[20.058625,49.2049]]]}},{"type":"Feature","properties":{"p":0.000409},"geometry":{"type":"Polygon","coordinates":[[[20.07925,49.2175],[20.080625,49.2175],[20.080625,49.2184],[20.07925,49.2184],[20.07925,49.2175]]]}},{"type":"Feature","properties":{"p":0.000409},"geometry":{"type":"Polygon","coordinates":[[[20.0545,49.2274],[20.055875,49.2274],[20.055875,49.2283],[20.0545,49.2283],[20.0545,49.2274]]]}},{"type":"Feature","properties":{"p":0.000409},"geometry":{"type":"Polygon","coordinates":[[[20.038,49.2445],[20.039375,49.2445],[20.039375,49.2454],[20.038,49.2454],[20.038,49.2445]]]}},{"type":"Feature","properties":{"p":0.000408},"geometry":{"type":"Polygon","coordinates":[[[20.042125,49.1968],[20.0435,49.1968],[20.0435,49.1977],[20.042125,49.1977],[20.042125,49.1968]]]}},{"type":"Feature","properties":{"p":0.000408},"geometry":{"type":"Polygon","coordinates":[[[20.0105,49.2085],[20.011875,49.2085],[20.011875,49.2094],[20.0105,49.2094],[20.0105,49.2085]]]}},{"type":"Feature","properties":{"p":0.000402},"geometry":{"type":"Polygon","coordinates":[[[20.00775,49.2427],[20.009125,49.2427],[20.009125,49.2436],[20.00775,49.2436],[20.00775,49.2427]]]}},{"type":"Feature","properties":{"p":0.0004},"geometry":{"type":"Polygon","coordinates":[[[20.00775,49.2013],[20.009125,49.2013],[20.009125,49.2022],[20.00775,49.2022],[20.00775,49.2013]]]}},{"type":"Feature","properties":{"p":0.0004},"geometry":{"type":"Polygon","coordinates":[[[20.006375,49.2265],[20.00775,49.2265],[20.00775,49.2274],[20.006375,49.2274],[20.006375,49.2265]]]}},{"type":"Feature","properties":{"p":0.000399},"geometry":{"type":"Polygon","coordinates":[[[20.05175,49.1959],[20.053125,49.1959],[20.053125,49.1968],[20.05175,49.1968],[20.05175,49.1959]]]}},{"type":"Feature","properties":{"p":0.000399},"geometry":{"type":"Polygon","coordinates":[[[20.006375,49.2256],[20.00775,49.2256],[20.00775,49.2265],[20.006375,49.2265],[20.006375,49.2256]]]}},{"type":"Feature","properties":{"p":0.000399},"geometry":{"type":"Polygon","coordinates":[[[20.017375,49.2274],[20.01875,49.2274],[20.01875,49.2283],[20.017375,49.2283],[20.017375,49.2274]]]}},{"type":"Feature","properties":{"p":0.000396},"geometry":{"type":"Polygon","coordinates":[[[20.047625,49.195],[20.049,49.195],[20.049,49.1959],[20.047625,49.1959],[20.047625,49.195]]]}},{"type":"Feature","properties":{"p":0.000396},"geometry":{"type":"Polygon","coordinates":[[[20.0105,49.2148],[20.011875,49.2148],[20.011875,49.2157],[20.0105,49.2157],[20.0105,49.2148]]]}},{"type":"Feature","properties":{"p":0.000394},"geometry":{"type":"Polygon","coordinates":[[[20.03525,49.2391],[20.036625,49.2391],[20.036625,49.24],[20.03525,49.24],[20.03525,49.2391]]]}},{"type":"Feature","properties":{"p":0.000394},"geometry":{"type":"Polygon","coordinates":[[[20.077875,49.2409],[20.07925,49.2409],[20.07925,49.2418],[20.077875,49.2418],[20.077875,49.2409]]]}},{"type":"Feature","properties":{"p":0.000392},"geometry":{"type":"Polygon","coordinates":[[[20.028375,49.2085],[20.02975,49.2085],[20.02975,49.2094],[20.028375,49.2094],[20.028375,49.2085]]]}},{"type":"Feature","properties":{"p":0.000392},"geometry":{"type":"Polygon","coordinates":[[[20.005,49.2292],[20.006375,49.2292],[20.006375,49.2301],[20.005,49.2301],[20.005,49.2292]]]}},{"type":"Feature","properties":{"p":0.000392},"geometry":{"type":"Polygon","coordinates":[[[20.0215,49.2202],[20.022875,49.2202],[20.022875,49.2211],[20.0215,49.2211],[20.0215,49.2202]]]}},{"type":"Feature","properties":{"p":0.000387},"geometry":{"type":"Polygon","coordinates":[[[20.036625,49.2346],[20.038,49.2346],[20.038,49.2355],[20.036625,49.2355],[20.036625,49.2346]]]}},{"type":"Feature","properties":{"p":0.000386},"geometry":{"type":"Polygon","coordinates":[[[20.053125,49.2382],[20.0545,49.2382],[20.0545,49.2391],[20.053125,49.2391],[20.053125,49.2382]]]}},{"type":"Feature","properties":{"p":0.000383},"geometry":{"type":"Polygon","coordinates":[[[20.01875,49.2229],[20.020125,49.2229],[20.020125,49.2238],[20.01875,49.2238],[20.01875,49.2229]]]}},{"type":"Feature","properties":{"p":0.000383},"geometry":{"type":"Polygon","coordinates":[[[20.0215,49.2409],[20.022875,49.2409],[20.022875,49.2418],[20.0215,49.2418],[20.0215,49.2409]]]}},{"type":"Feature","properties":{"p":0.000383},"geometry":{"type":"Polygon","coordinates":[[[20.0325,49.2274],[20.033875,49.2274],[20.033875,49.2283],[20.0325,49.2283],[20.0325,49.2274]]]}},{"type":"Feature","properties":{"p":0.00038},"geometry":{"type":"Polygon","coordinates":[[[20.038,49.2004],[20.039375,49.2004],[20.039375,49.2013],[20.038,49.2013],[20.038,49.2004]]]}},{"type":"Feature","properties":{"p":0.000378},"geometry":{"type":"Polygon","coordinates":[[[20.064125,49.2481],[20.0655,49.2481],[20.0655,49.249],[20.064125,49.249],[20.064125,49.2481]]]}},{"type":"Feature","properties":{"p":0.000378},"geometry":{"type":"Polygon","coordinates":[[[20.075125,49.2409],[20.0765,49.2409],[20.0765,49.2418],[20.075125,49.2418],[20.075125,49.2409]]]}},{"type":"Feature","properties":{"p":0.000374},"geometry":{"type":"Polygon","coordinates":[[[20.017375,49.2103],[20.01875,49.2103],[20.01875,49.2112],[20.017375,49.2112],[20.017375,49.2103]]]}},{"type":"Feature","properties":{"p":0.000373},"geometry":{"type":"Polygon","coordinates":[[[20.05175,49.2346],[20.053125,49.2346],[20.053125,49.2355],[20.05175,49.2355],[20.05175,49.2346]]]}},{"type":"Feature","properties":{"p":0.00037},"geometry":{"type":"Polygon","coordinates":[[[20.006375,49.2481],[20.00775,49.2481],[20.00775,49.249],[20.006375,49.249],[20.006375,49.2481]]]}},{"type":"Feature","properties":{"p":0.00037},"geometry":{"type":"Polygon","coordinates":[[[20.00775,49.2445],[20.009125,49.2445],[20.009125,49.2454],[20.00775,49.2454],[20.00775,49.2445]]]}},{"type":"Feature","properties":{"p":0.000367},"geometry":{"type":"Polygon","coordinates":[[[20.044875,49.2472],[20.04625,49.2472],[20.04625,49.2481],[20.044875,49.2481],[20.044875,49.2472]]]}},{"type":"Feature","properties":{"p":0.000361},"geometry":{"type":"Polygon","coordinates":[[[20.06,49.2418],[20.061375,49.2418],[20.061375,49.2427],[20.06,49.2427],[20.06,49.2418]]]}},{"type":"Feature","properties":{"p":0.000361},"geometry":{"type":"Polygon","coordinates":[[[20.072375,49.1986],[20.07375,49.1986],[20.07375,49.1995],[20.072375,49.1995],[20.072375,49.1986]]]}},{"type":"Feature","properties":{"p":0.000358},"geometry":{"type":"Polygon","coordinates":[[[20.033875,49.2121],[20.03525,49.2121],[20.03525,49.213],[20.033875,49.213],[20.033875,49.2121]]]}},{"type":"Feature","properties":{"p":0.000357},"geometry":{"type":"Polygon","coordinates":[[[20.0655,49.2256],[20.066875,49.2256],[20.066875,49.2265],[20.0655,49.2265],[20.0655,49.2256]]]}},{"type":"Feature","properties":{"p":0.000356},"geometry":{"type":"Polygon","coordinates":[[[20.0435,49.2067],[20.044875,49.2067],[20.044875,49.2076],[20.0435,49.2076],[20.0435,49.2067]]]}},{"type":"Feature","properties":{"p":0.000355},"geometry":{"type":"Polygon","coordinates":[[[20.047625,49.2247],[20.049,49.2247],[20.049,49.2256],[20.047625,49.2256],[20.047625,49.2247]]]}},{"type":"Feature","properties":{"p":0.000355},"geometry":{"type":"Polygon","coordinates":[[[20.05175,49.2301],[20.053125,49.2301],[20.053125,49.231],[20.05175,49.231],[20.05175,49.2301]]]}},{"type":"Feature","properties":{"p":0.000353},"geometry":{"type":"Polygon","coordinates":[[[20.02975,49.2292],[20.031125,49.2292],[20.031125,49.2301],[20.02975,49.2301],[20.02975,49.2292]]]}},{"type":"Feature","properties":{"p":0.000352},"geometry":{"type":"Polygon","coordinates":[[[20.022875,49.2391],[20.02425,49.2391],[20.02425,49.24],[20.022875,49.24],[20.022875,49.2391]]]}},{"type":"Feature","properties":{"p":0.000351},"geometry":{"type":"Polygon","coordinates":[[[20.01875,49.2067],[20.020125,49.2067],[20.020125,49.2076],[20.01875,49.2076],[20.01875,49.2067]]]}},{"type":"Feature","properties":{"p":0.00035},"geometry":{"type":"Polygon","coordinates":[[[20.01325,49.2337],[20.014625,49.2337],[20.014625,49.2346],[20.01325,49.2346],[20.01325,49.2337]]]}},{"type":"Feature","properties":{"p":0.00035},"geometry":{"type":"Polygon","coordinates":[[[20.031125,49.2427],[20.0325,49.2427],[20.0325,49.2436],[20.031125,49.2436],[20.031125,49.2427]]]}},{"type":"Feature","properties":{"p":0.000349},"geometry":{"type":"Polygon","coordinates":[[[20.049,49.2337],[20.050375,49.2337],[20.050375,49.2346],[20.049,49.2346],[20.049,49.2337]]]}},{"type":"Feature","properties":{"p":0.000348},"geometry":{"type":"Polygon","coordinates":[[[20.039375,49.2058],[20.04075,49.2058],[20.04075,49.2067],[20.039375,49.2067],[20.039375,49.2058]]]}},{"type":"Feature","properties":{"p":0.000346},"geometry":{"type":"Polygon","coordinates":[[[20.0325,49.2472],[20.033875,49.2472],[20.033875,49.2481],[20.0325,49.2481],[20.0325,49.2472]]]}},{"type":"Feature","properties":{"p":0.000344},"geometry":{"type":"Polygon","coordinates":[[[20.031125,49.2031],[20.0325,49.2031],[20.0325,49.204],[20.031125,49.204],[20.031125,49.2031]]]}},{"type":"Feature","properties":{"p":0.000344},"geometry":{"type":"Polygon","coordinates":[[[20.033875,49.2292],[20.03525,49.2292],[20.03525,49.2301],[20.033875,49.2301],[20.033875,49.2292]]]}},{"type":"Feature","properties":{"p":0.000343},"geometry":{"type":"Polygon","coordinates":[[[20.039375,49.2112],[20.04075,49.2112],[20.04075,49.2121],[20.039375,49.2121],[20.039375,49.2112]]]}},{"type":"Feature","properties":{"p":0.000343},"geometry":{"type":"Polygon","coordinates":[[[20.050375,49.2373],[20.05175,49.2373],[20.05175,49.2382],[20.050375,49.2382],[20.050375,49.2373]]]}},{"type":"Feature","properties":{"p":0.000343},"geometry":{"type":"Polygon","coordinates":[[[20.031125,49.2382],[20.0325,49.2382],[20.0325,49.2391],[20.031125,49.2391],[20.031125,49.2382]]]}},{"type":"Feature","properties":{"p":0.000341},"geometry":{"type":"Polygon","coordinates":[[[20.017375,49.2229],[20.01875,49.2229],[20.01875,49.2238],[20.017375,49.2238],[20.017375,49.2229]]]}},{"type":"Feature","properties":{"p":0.000341},"geometry":{"type":"Polygon","coordinates":[[[20.05175,49.2157],[20.053125,49.2157],[20.053125,49.2166],[20.05175,49.2166],[20.05175,49.2157]]]}},{"type":"Feature","properties":{"p":0.00034},"geometry":{"type":"Polygon","coordinates":[[[20.083375,49.2211],[20.08475,49.2211],[20.08475,49.222],[20.083375,49.222],[20.083375,49.2211]]]}},{"type":"Feature","properties":{"p":0.000338},"geometry":{"type":"Polygon","coordinates":[[[20.042125,49.2058],[20.0435,49.2058],[20.0435,49.2067],[20.042125,49.2067],[20.042125,49.2058]]]}},{"type":"Feature","properties":{"p":0.000336},"geometry":{"type":"Polygon","coordinates":[[[20.069625,49.2022],[20.071,49.2022],[20.071,49.2031],[20.069625,49.2031],[20.069625,49.2022]]]}},{"type":"Feature","properties":{"p":0.000336},"geometry":{"type":"Polygon","coordinates":[[[20.03525,49.2337],[20.036625,49.2337],[20.036625,49.2346],[20.03525,49.2346],[20.03525,49.2337]]]}},{"type":"Feature","properties":{"p":0.000334},"geometry":{"type":"Polygon","coordinates":[[[20.009125,49.2436],[20.0105,49.2436],[20.0105,49.2445],[20.009125,49.2445],[20.009125,49.2436]]]}},{"type":"Feature","properties":{"p":0.000333},"geometry":{"type":"Polygon","coordinates":[[[20.050375,49.2346],[20.05175,49.2346],[20.05175,49.2355],[20.050375,49.2355],[20.050375,49.2346]]]}},{"type":"Feature","properties":{"p":0.000332},"geometry":{"type":"Polygon","coordinates":[[[20.02425,49.2481],[20.025625,49.2481],[20.025625,49.249],[20.02425,49.249],[20.02425,49.2481]]]}},{"type":"Feature","properties":{"p":0.000331},"geometry":{"type":"Polygon","coordinates":[[[20.006375,49.2121],[20.00775,49.2121],[20.00775,49.213],[20.006375,49.213],[20.006375,49.2121]]]}},{"type":"Feature","properties":{"p":0.00033},"geometry":{"type":"Polygon","coordinates":[[[20.039375,49.2148],[20.04075,49.2148],[20.04075,49.2157],[20.039375,49.2157],[20.039375,49.2148]]]}},{"type":"Feature","properties":{"p":0.000329},"geometry":{"type":"Polygon","coordinates":[[[20.04075,49.2463],[20.042125,49.2463],[20.042125,49.2472],[20.04075,49.2472],[20.04075,49.2463]]]}},{"type":"Feature","properties":{"p":0.000329},"geometry":{"type":"Polygon","coordinates":[[[20.03525,49.2022],[20.036625,49.2022],[20.036625,49.2031],[20.03525,49.2031],[20.03525,49.2022]]]}},{"type":"Feature","properties":{"p":0.000329},"geometry":{"type":"Polygon","coordinates":[[[20.042125,49.213],[20.0435,49.213],[20.0435,49.2139],[20.042125,49.2139],[20.042125,49.213]]]}},{"type":"Feature","properties":{"p":0.000329},"geometry":{"type":"Polygon","coordinates":[[[20.0545,49.2346],[20.055875,49.2346],[20.055875,49.2355],[20.0545,49.2355],[20.0545,49.2346]]]}},{"type":"Feature","properties":{"p":0.000328},"geometry":{"type":"Polygon","coordinates":[[[20.025625,49.2112],[20.027,49.2112],[20.027,49.2121],[20.025625,49.2121],[20.025625,49.2112]]]}},{"type":"Feature","properties":{"p":0.000327},"geometry":{"type":"Polygon","coordinates":[[[20.042125,49.2112],[20.0435,49.2112],[20.0435,49.2121],[20.042125,49.2121],[20.042125,49.2112]]]}},{"type":"Feature","properties":{"p":0.000327},"geometry":{"type":"Polygon","coordinates":[[[20.02425,49.2391],[20.025625,49.2391],[20.025625,49.24],[20.02425,49.24],[20.02425,49.2391]]]}},{"type":"Feature","properties":{"p":0.000327},"geometry":{"type":"Polygon","coordinates":[[[20.044875,49.2283],[20.04625,49.2283],[20.04625,49.2292],[20.044875,49.2292],[20.044875,49.2283]]]}},{"type":"Feature","properties":{"p":0.000318},"geometry":{"type":"Polygon","coordinates":[[[20.044875,49.2157],[20.04625,49.2157],[20.04625,49.2166],[20.044875,49.2166],[20.044875,49.2157]]]}},{"type":"Feature","properties":{"p":0.000318},"geometry":{"type":"Polygon","coordinates":[[[20.044875,49.2463],[20.04625,49.2463],[20.04625,49.2472],[20.044875,49.2472],[20.044875,49.2463]]]}},{"type":"Feature","properties":{"p":0.000317},"geometry":{"type":"Polygon","coordinates":[[[20.049,49.2175],[20.050375,49.2175],[20.050375,49.2184],[20.049,49.2184],[20.049,49.2175]]]}},{"type":"Feature","properties":{"p":0.000315},"geometry":{"type":"Polygon","coordinates":[[[20.022875,49.2067],[20.02425,49.2067],[20.02425,49.2076],[20.022875,49.2076],[20.022875,49.2067]]]}},{"type":"Feature","properties":{"p":0.000312},"geometry":{"type":"Polygon","coordinates":[[[20.04075,49.2265],[20.042125,49.2265],[20.042125,49.2274],[20.04075,49.2274],[20.04075,49.2265]]]}},{"type":"Feature","properties":{"p":0.000311},"geometry":{"type":"Polygon","coordinates":[[[20.0325,49.2031],[20.033875,49.2031],[20.033875,49.204],[20.0325,49.204],[20.0325,49.2031]]]}},{"type":"Feature","properties":{"p":0.000308},"geometry":{"type":"Polygon","coordinates":[[[20.047625,49.1959],[20.049,49.1959],[20.049,49.1968],[20.047625,49.1968],[20.047625,49.1959]]]}},{"type":"Feature","properties":{"p":0.000308},"geometry":{"type":"Polygon","coordinates":[[[20.047625,49.2265],[20.049,49.2265],[20.049,49.2274],[20.047625,49.2274],[20.047625,49.2265]]]}},{"type":"Feature","properties":{"p":0.000308},"geometry":{"type":"Polygon","coordinates":[[[20.086125,49.2283],[20.0875,49.2283],[20.0875,49.2292],[20.086125,49.2292],[20.086125,49.2283]]]}},{"type":"Feature","properties":{"p":0.000306},"geometry":{"type":"Polygon","coordinates":[[[20.005,49.2364],[20.006375,49.2364],[20.006375,49.2373],[20.005,49.2373],[20.005,49.2364]]]}},{"type":"Feature","properties":{"p":0.000305},"geometry":{"type":"Polygon","coordinates":[[[20.086125,49.2409],[20.0875,49.2409],[20.0875,49.2418],[20.086125,49.2418],[20.086125,49.2409]]]}},{"type":"Feature","properties":{"p":0.000304},"geometry":{"type":"Polygon","coordinates":[[[20.058625,49.213],[20.06,49.213],[20.06,49.2139],[20.058625,49.2139],[20.058625,49.213]]]}},{"type":"Feature","properties":{"p":0.000304},"geometry":{"type":"Polygon","coordinates":[[[20.014625,49.2103],[20.016,49.2103],[20.016,49.2112],[20.014625,49.2112],[20.014625,49.2103]]]}},{"type":"Feature","properties":{"p":0.000303},"geometry":{"type":"Polygon","coordinates":[[[20.005,49.2409],[20.006375,49.2409],[20.006375,49.2418],[20.005,49.2418],[20.005,49.2409]]]}},{"type":"Feature","properties":{"p":0.000303},"geometry":{"type":"Polygon","coordinates":[[[20.058625,49.2481],[20.06,49.2481],[20.06,49.249],[20.058625,49.249],[20.058625,49.2481]]]}},{"type":"Feature","properties":{"p":0.000303},"geometry":{"type":"Polygon","coordinates":[[[20.027,49.2346],[20.028375,49.2346],[20.028375,49.2355],[20.027,49.2355],[20.027,49.2346]]]}},{"type":"Feature","properties":{"p":0.000303},"geometry":{"type":"Polygon","coordinates":[[[20.022875,49.2085],[20.02425,49.2085],[20.02425,49.2094],[20.022875,49.2094],[20.022875,49.2085]]]}},{"type":"Feature","properties":{"p":0.000302},"geometry":{"type":"Polygon","coordinates":[[[20.058625,49.2472],[20.06,49.2472],[20.06,49.2481],[20.058625,49.2481],[20.058625,49.2472]]]}},{"type":"Feature","properties":{"p":0.000299},"geometry":{"type":"Polygon","coordinates":[[[20.00775,49.2274],[20.009125,49.2274],[20.009125,49.2283],[20.00775,49.2283],[20.00775,49.2274]]]}},{"type":"Feature","properties":{"p":0.000298},"geometry":{"type":"Polygon","coordinates":[[[20.006375,49.2238],[20.00775,49.2238],[20.00775,49.2247],[20.006375,49.2247],[20.006375,49.2238]]]}},{"type":"Feature","properties":{"p":0.000298},"geometry":{"type":"Polygon","coordinates":[[[20.039375,49.24],[20.04075,49.24],[20.04075,49.2409],[20.039375,49.2409],[20.039375,49.24]]]}},{"type":"Feature","properties":{"p":0.000298},"geometry":{"type":"Polygon","coordinates":[[[20.066875,49.2265],[20.06825,49.2265],[20.06825,49.2274],[20.066875,49.2274],[20.066875,49.2265]]]}},{"type":"Feature","properties":{"p":0.000296},"geometry":{"type":"Polygon","coordinates":[[[20.009125,49.2445],[20.0105,49.2445],[20.0105,49.2454],[20.009125,49.2454],[20.009125,49.2445]]]}},{"type":"Feature","properties":{"p":0.000296},"geometry":{"type":"Polygon","coordinates":[[[20.050375,49.2427],[20.05175,49.2427],[20.05175,49.2436],[20.050375,49.2436],[20.050375,49.2427]]]}},{"type":"Feature","properties":{"p":0.000295},"geometry":{"type":"Polygon","coordinates":[[[20.049,49.2364],[20.050375,49.2364],[20.050375,49.2373],[20.049,49.2373],[20.049,49.2364]]]}},{"type":"Feature","properties":{"p":0.000293},"geometry":{"type":"Polygon","coordinates":[[[20.0325,49.2238],[20.033875,49.2238],[20.033875,49.2247],[20.0325,49.2247],[20.0325,49.2238]]]}},{"type":"Feature","properties":{"p":0.000293},"geometry":{"type":"Polygon","coordinates":[[[20.01325,49.2193],[20.014625,49.2193],[20.014625,49.2202],[20.01325,49.2202],[20.01325,49.2193]]]}},{"type":"Feature","properties":{"p":0.000292},"geometry":{"type":"Polygon","coordinates":[[[20.049,49.2148],[20.050375,49.2148],[20.050375,49.2157],[20.049,49.2157],[20.049,49.2148]]]}},{"type":"Feature","properties":{"p":0.000288},"geometry":{"type":"Polygon","coordinates":[[[20.0765,49.2436],[20.077875,49.2436],[20.077875,49.2445],[20.0765,49.2445],[20.0765,49.2436]]]}},{"type":"Feature","properties":{"p":0.000288},"geometry":{"type":"Polygon","coordinates":[[[20.014625,49.2355],[20.016,49.2355],[20.016,49.2364],[20.014625,49.2364],[20.014625,49.2355]]]}},{"type":"Feature","properties":{"p":0.000287},"geometry":{"type":"Polygon","coordinates":[[[20.0105,49.1995],[20.011875,49.1995],[20.011875,49.2004],[20.0105,49.2004],[20.0105,49.1995]]]}},{"type":"Feature","properties":{"p":0.000287},"geometry":{"type":"Polygon","coordinates":[[[20.016,49.2058],[20.017375,49.2058],[20.017375,49.2067],[20.016,49.2067],[20.016,49.2058]]]}},{"type":"Feature","properties":{"p":0.000286},"geometry":{"type":"Polygon","coordinates":[[[20.077875,49.2184],[20.07925,49.2184],[20.07925,49.2193],[20.077875,49.2193],[20.077875,49.2184]]]}},{"type":"Feature","properties":{"p":0.000285},"geometry":{"type":"Polygon","coordinates":[[[20.039375,49.2391],[20.04075,49.2391],[20.04075,49.24],[20.039375,49.24],[20.039375,49.2391]]]}},{"type":"Feature","properties":{"p":0.000285},"geometry":{"type":"Polygon","coordinates":[[[20.0765,49.2418],[20.077875,49.2418],[20.077875,49.2427],[20.0765,49.2427],[20.0765,49.2418]]]}},{"type":"Feature","properties":{"p":0.000284},"geometry":{"type":"Polygon","coordinates":[[[20.072375,49.2301],[20.07375,49.2301],[20.07375,49.231],[20.072375,49.231],[20.072375,49.2301]]]}},{"type":"Feature","properties":{"p":0.000284},"geometry":{"type":"Polygon","coordinates":[[[20.005,49.2121],[20.006375,49.2121],[20.006375,49.213],[20.005,49.213],[20.005,49.2121]]]}},{"type":"Feature","properties":{"p":0.000283},"geometry":{"type":"Polygon","coordinates":[[[20.017375,49.2121],[20.01875,49.2121],[20.01875,49.213],[20.017375,49.213],[20.017375,49.2121]]]}},{"type":"Feature","properties":{"p":0.000281},"geometry":{"type":"Polygon","coordinates":[[[20.071,49.2382],[20.072375,49.2382],[20.072375,49.2391],[20.071,49.2391],[20.071,49.2382]]]}},{"type":"Feature","properties":{"p":0.000278},"geometry":{"type":"Polygon","coordinates":[[[20.055875,49.2292],[20.05725,49.2292],[20.05725,49.2301],[20.055875,49.2301],[20.055875,49.2292]]]}},{"type":"Feature","properties":{"p":0.000277},"geometry":{"type":"Polygon","coordinates":[[[20.03525,49.2364],[20.036625,49.2364],[20.036625,49.2373],[20.03525,49.2373],[20.03525,49.2364]]]}},{"type":"Feature","properties":{"p":0.000275},"geometry":{"type":"Polygon","coordinates":[[[20.039375,49.2121],[20.04075,49.2121],[20.04075,49.213],[20.039375,49.213],[20.039375,49.2121]]]}},{"type":"Feature","properties":{"p":0.000274},"geometry":{"type":"Polygon","coordinates":[[[20.061375,49.2103],[20.06275,49.2103],[20.06275,49.2112],[20.061375,49.2112],[20.061375,49.2103]]]}},{"type":"Feature","properties":{"p":0.000274},"geometry":{"type":"Polygon","coordinates":[[[20.016,49.1977],[20.017375,49.1977],[20.017375,49.1986],[20.016,49.1986],[20.016,49.1977]]]}},{"type":"Feature","properties":{"p":0.000272},"geometry":{"type":"Polygon","coordinates":[[[20.083375,49.2166],[20.08475,49.2166],[20.08475,49.2175],[20.083375,49.2175],[20.083375,49.2166]]]}},{"type":"Feature","properties":{"p":0.000271},"geometry":{"type":"Polygon","coordinates":[[[20.033875,49.2022],[20.03525,49.2022],[20.03525,49.2031],[20.033875,49.2031],[20.033875,49.2022]]]}},{"type":"Feature","properties":{"p":0.000269},"geometry":{"type":"Polygon","coordinates":[[[20.017375,49.2328],[20.01875,49.2328],[20.01875,49.2337],[20.017375,49.2337],[20.017375,49.2328]]]}},{"type":"Feature","properties":{"p":0.000269},"geometry":{"type":"Polygon","coordinates":[[[20.058625,49.2076],[20.06,49.2076],[20.06,49.2085],[20.058625,49.2085],[20.058625,49.2076]]]}},{"type":"Feature","properties":{"p":0.000266},"geometry":{"type":"Polygon","coordinates":[[[20.083375,49.2292],[20.08475,49.2292],[20.08475,49.2301],[20.083375,49.2301],[20.083375,49.2292]]]}},{"type":"Feature","properties":{"p":0.000266},"geometry":{"type":"Polygon","coordinates":[[[20.016,49.2229],[20.017375,49.2229],[20.017375,49.2238],[20.016,49.2238],[20.016,49.2229]]]}},{"type":"Feature","properties":{"p":0.000266},"geometry":{"type":"Polygon","coordinates":[[[20.005,49.2418],[20.006375,49.2418],[20.006375,49.2427],[20.005,49.2427],[20.005,49.2418]]]}},{"type":"Feature","properties":{"p":0.000266},"geometry":{"type":"Polygon","coordinates":[[[20.042125,49.2292],[20.0435,49.2292],[20.0435,49.2301],[20.042125,49.2301],[20.042125,49.2292]]]}},{"type":"Feature","properties":{"p":0.000265},"geometry":{"type":"Polygon","coordinates":[[[20.049,49.2346],[20.050375,49.2346],[20.050375,49.2355],[20.049,49.2355],[20.049,49.2346]]]}},{"type":"Feature","properties":{"p":0.000265},"geometry":{"type":"Polygon","coordinates":[[[20.0435,49.2454],[20.044875,49.2454],[20.044875,49.2463],[20.0435,49.2463],[20.0435,49.2454]]]}},{"type":"Feature","properties":{"p":0.000265},"geometry":{"type":"Polygon","coordinates":[[[20.005,49.2337],[20.006375,49.2337],[20.006375,49.2346],[20.005,49.2346],[20.005,49.2337]]]}},{"type":"Feature","properties":{"p":0.000264},"geometry":{"type":"Polygon","coordinates":[[[20.005,49.2265],[20.006375,49.2265],[20.006375,49.2274],[20.005,49.2274],[20.005,49.2265]]]}},{"type":"Feature","properties":{"p":0.000263},"geometry":{"type":"Polygon","coordinates":[[[20.0105,49.2202],[20.011875,49.2202],[20.011875,49.2211],[20.0105,49.2211],[20.0105,49.2202]]]}},{"type":"Feature","properties":{"p":0.000263},"geometry":{"type":"Polygon","coordinates":[[[20.053125,49.2364],[20.0545,49.2364],[20.0545,49.2373],[20.053125,49.2373],[20.053125,49.2364]]]}},{"type":"Feature","properties":{"p":0.000262},"geometry":{"type":"Polygon","coordinates":[[[20.0105,49.2238],[20.011875,49.2238],[20.011875,49.2247],[20.0105,49.2247],[20.0105,49.2238]]]}},{"type":"Feature","properties":{"p":0.000261},"geometry":{"type":"Polygon","coordinates":[[[20.011875,49.2274],[20.01325,49.2274],[20.01325,49.2283],[20.011875,49.2283],[20.011875,49.2274]]]}},{"type":"Feature","properties":{"p":0.00026},"geometry":{"type":"Polygon","coordinates":[[[20.031125,49.2436],[20.0325,49.2436],[20.0325,49.2445],[20.031125,49.2445],[20.031125,49.2436]]]}},{"type":"Feature","properties":{"p":0.000259},"geometry":{"type":"Polygon","coordinates":[[[20.061375,49.2454],[20.06275,49.2454],[20.06275,49.2463],[20.061375,49.2463],[20.061375,49.2454]]]}},{"type":"Feature","properties":{"p":0.000258},"geometry":{"type":"Polygon","coordinates":[[[20.01875,49.2247],[20.020125,49.2247],[20.020125,49.2256],[20.01875,49.2256],[20.01875,49.2247]]]}},{"type":"Feature","properties":{"p":0.000256},"geometry":{"type":"Polygon","coordinates":[[[20.082,49.2364],[20.083375,49.2364],[20.083375,49.2373],[20.082,49.2373],[20.082,49.2364]]]}},{"type":"Feature","properties":{"p":0.000256},"geometry":{"type":"Polygon","coordinates":[[[20.06,49.2148],[20.061375,49.2148],[20.061375,49.2157],[20.06,49.2157],[20.06,49.2148]]]}},{"type":"Feature","properties":{"p":0.000255},"geometry":{"type":"Polygon","coordinates":[[[20.0215,49.2445],[20.022875,49.2445],[20.022875,49.2454],[20.0215,49.2454],[20.0215,49.2445]]]}},{"type":"Feature","properties":{"p":0.000254},"geometry":{"type":"Polygon","coordinates":[[[20.077875,49.2202],[20.07925,49.2202],[20.07925,49.2211],[20.077875,49.2211],[20.077875,49.2202]]]}},{"type":"Feature","properties":{"p":0.000254},"geometry":{"type":"Polygon","coordinates":[[[20.066875,49.2166],[20.06825,49.2166],[20.06825,49.2175],[20.066875,49.2175],[20.066875,49.2166]]]}},{"type":"Feature","properties":{"p":0.000252},"geometry":{"type":"Polygon","coordinates":[[[20.053125,49.2319],[20.0545,49.2319],[20.0545,49.2328],[20.053125,49.2328],[20.053125,49.2319]]]}},{"type":"Feature","properties":{"p":0.000251},"geometry":{"type":"Polygon","coordinates":[[[20.0435,49.2076],[20.044875,49.2076],[20.044875,49.2085],[20.0435,49.2085],[20.0435,49.2076]]]}},{"type":"Feature","properties":{"p":0.000251},"geometry":{"type":"Polygon","coordinates":[[[20.016,49.204],[20.017375,49.204],[20.017375,49.2049],[20.016,49.2049],[20.016,49.204]]]}},{"type":"Feature","properties":{"p":0.000248},"geometry":{"type":"Polygon","coordinates":[[[20.06275,49.2301],[20.064125,49.2301],[20.064125,49.231],[20.06275,49.231],[20.06275,49.2301]]]}},{"type":"Feature","properties":{"p":0.000248},"geometry":{"type":"Polygon","coordinates":[[[20.07925,49.2292],[20.080625,49.2292],[20.080625,49.2301],[20.07925,49.2301],[20.07925,49.2292]]]}},{"type":"Feature","properties":{"p":0.000248},"geometry":{"type":"Polygon","coordinates":[[[20.0545,49.2355],[20.055875,49.2355],[20.055875,49.2364],[20.0545,49.2364],[20.0545,49.2355]]]}},{"type":"Feature","properties":{"p":0.000247},"geometry":{"type":"Polygon","coordinates":[[[20.038,49.2238],[20.039375,49.2238],[20.039375,49.2247],[20.038,49.2247],[20.038,49.2238]]]}},{"type":"Feature","properties":{"p":0.000245},"geometry":{"type":"Polygon","coordinates":[[[20.005,49.2031],[20.006375,49.2031],[20.006375,49.204],[20.005,49.204],[20.005,49.2031]]]}},{"type":"Feature","properties":{"p":0.000245},"geometry":{"type":"Polygon","coordinates":[[[20.039375,49.2472],[20.04075,49.2472],[20.04075,49.2481],[20.039375,49.2481],[20.039375,49.2472]]]}},{"type":"Feature","properties":{"p":0.000245},"geometry":{"type":"Polygon","coordinates":[[[20.04625,49.2445],[20.047625,49.2445],[20.047625,49.2454],[20.04625,49.2454],[20.04625,49.2445]]]}},{"type":"Feature","properties":{"p":0.000245},"geometry":{"type":"Polygon","coordinates":[[[20.027,49.2175],[20.028375,49.2175],[20.028375,49.2184],[20.027,49.2184],[20.027,49.2175]]]}},{"type":"Feature","properties":{"p":0.000244},"geometry":{"type":"Polygon","coordinates":[[[20.022875,49.2274],[20.02425,49.2274],[20.02425,49.2283],[20.022875,49.2283],[20.022875,49.2274]]]}},{"type":"Feature","properties":{"p":0.000244},"geometry":{"type":"Polygon","coordinates":[[[20.06275,49.24],[20.064125,49.24],[20.064125,49.2409],[20.06275,49.2409],[20.06275,49.24]]]}},{"type":"Feature","properties":{"p":0.000243},"geometry":{"type":"Polygon","coordinates":[[[20.080625,49.2436],[20.082,49.2436],[20.082,49.2445],[20.080625,49.2445],[20.080625,49.2436]]]}},{"type":"Feature","properties":{"p":0.000242},"geometry":{"type":"Polygon","coordinates":[[[20.033875,49.2337],[20.03525,49.2337],[20.03525,49.2346],[20.033875,49.2346],[20.033875,49.2337]]]}},{"type":"Feature","properties":{"p":0.000242},"geometry":{"type":"Polygon","coordinates":[[[20.01325,49.222],[20.014625,49.222],[20.014625,49.2229],[20.01325,49.2229],[20.01325,49.222]]]}},{"type":"Feature","properties":{"p":0.000241},"geometry":{"type":"Polygon","coordinates":[[[20.036625,49.2013],[20.038,49.2013],[20.038,49.2022],[20.036625,49.2022],[20.036625,49.2013]]]}},{"type":"Feature","properties":{"p":0.000241},"geometry":{"type":"Polygon","coordinates":[[[20.036625,49.2391],[20.038,49.2391],[20.038,49.24],[20.036625,49.24],[20.036625,49.2391]]]}},{"type":"Feature","properties":{"p":0.000241},"geometry":{"type":"Polygon","coordinates":[[[20.005,49.2283],[20.006375,49.2283],[20.006375,49.2292],[20.005,49.2292],[20.005,49.2283]]]}},{"type":"Feature","properties":{"p":0.000239},"geometry":{"type":"Polygon","coordinates":[[[20.05725,49.2418],[20.058625,49.2418],[20.058625,49.2427],[20.05725,49.2427],[20.05725,49.2418]]]}},{"type":"Feature","properties":{"p":0.000239},"geometry":{"type":"Polygon","coordinates":[[[20.016,49.213],[20.017375,49.213],[20.017375,49.2139],[20.016,49.2139],[20.016,49.213]]]}},{"type":"Feature","properties":{"p":0.000239},"geometry":{"type":"Polygon","coordinates":[[[20.027,49.213],[20.028375,49.213],[20.028375,49.2139],[20.027,49.2139],[20.027,49.213]]]}},{"type":"Feature","properties":{"p":0.000238},"geometry":{"type":"Polygon","coordinates":[[[20.014625,49.2193],[20.016,49.2193],[20.016,49.2202],[20.014625,49.2202],[20.014625,49.2193]]]}},{"type":"Feature","properties":{"p":0.000238},"geometry":{"type":"Polygon","coordinates":[[[20.02425,49.2274],[20.025625,49.2274],[20.025625,49.2283],[20.02425,49.2283],[20.02425,49.2274]]]}},{"type":"Feature","properties":{"p":0.000237},"geometry":{"type":"Polygon","coordinates":[[[20.071,49.2121],[20.072375,49.2121],[20.072375,49.213],[20.071,49.213],[20.071,49.2121]]]}},{"type":"Feature","properties":{"p":0.000237},"geometry":{"type":"Polygon","coordinates":[[[20.038,49.2364],[20.039375,49.2364],[20.039375,49.2373],[20.038,49.2373],[20.038,49.2364]]]}},{"type":"Feature","properties":{"p":0.000236},"geometry":{"type":"Polygon","coordinates":[[[20.017375,49.2247],[20.01875,49.2247],[20.01875,49.2256],[20.017375,49.2256],[20.017375,49.2247]]]}},{"type":"Feature","properties":{"p":0.000235},"geometry":{"type":"Polygon","coordinates":[[[20.036625,49.2103],[20.038,49.2103],[20.038,49.2112],[20.036625,49.2112],[20.036625,49.2103]]]}},{"type":"Feature","properties":{"p":0.000234},"geometry":{"type":"Polygon","coordinates":[[[20.044875,49.2274],[20.04625,49.2274],[20.04625,49.2283],[20.044875,49.2283],[20.044875,49.2274]]]}},{"type":"Feature","properties":{"p":0.000232},"geometry":{"type":"Polygon","coordinates":[[[20.022875,49.2211],[20.02425,49.2211],[20.02425,49.222],[20.022875,49.222],[20.022875,49.2211]]]}},{"type":"Feature","properties":{"p":0.000232},"geometry":{"type":"Polygon","coordinates":[[[20.053125,49.2184],[20.0545,49.2184],[20.0545,49.2193],[20.053125,49.2193],[20.053125,49.2184]]]}},{"type":"Feature","properties":{"p":0.00023},"geometry":{"type":"Polygon","coordinates":[[[20.009125,49.2364],[20.0105,49.2364],[20.0105,49.2373],[20.009125,49.2373],[20.009125,49.2364]]]}},{"type":"Feature","properties":{"p":0.00023},"geometry":{"type":"Polygon","coordinates":[[[20.05725,49.213],[20.058625,49.213],[20.058625,49.2139],[20.05725,49.2139],[20.05725,49.213]]]}},{"type":"Feature","properties":{"p":0.00023},"geometry":{"type":"Polygon","coordinates":[[[20.039375,49.1995],[20.04075,49.1995],[20.04075,49.2004],[20.039375,49.2004],[20.039375,49.1995]]]}},{"type":"Feature","properties":{"p":0.00023},"geometry":{"type":"Polygon","coordinates":[[[20.03525,49.2076],[20.036625,49.2076],[20.036625,49.2085],[20.03525,49.2085],[20.03525,49.2076]]]}},{"type":"Feature","properties":{"p":0.000229},"geometry":{"type":"Polygon","coordinates":[[[20.028375,49.24],[20.02975,49.24],[20.02975,49.2409],[20.028375,49.2409],[20.028375,49.24]]]}},{"type":"Feature","properties":{"p":0.000229},"geometry":{"type":"Polygon","coordinates":[[[20.027,49.2148],[20.028375,49.2148],[20.028375,49.2157],[20.027,49.2157],[20.027,49.2148]]]}},{"type":"Feature","properties":{"p":0.000228},"geometry":{"type":"Polygon","coordinates":[[[20.047625,49.2427],[20.049,49.2427],[20.049,49.2436],[20.047625,49.2436],[20.047625,49.2427]]]}},{"type":"Feature","properties":{"p":0.000227},"geometry":{"type":"Polygon","coordinates":[[[20.042125,49.2472],[20.0435,49.2472],[20.0435,49.2481],[20.042125,49.2481],[20.042125,49.2472]]]}},{"type":"Feature","properties":{"p":0.000225},"geometry":{"type":"Polygon","coordinates":[[[20.0545,49.195],[20.055875,49.195],[20.055875,49.1959],[20.0545,49.1959],[20.0545,49.195]]]}},{"type":"Feature","properties":{"p":0.000225},"geometry":{"type":"Polygon","coordinates":[[[20.017375,49.222],[20.01875,49.222],[20.01875,49.2229],[20.017375,49.2229],[20.017375,49.222]]]}},{"type":"Feature","properties":{"p":0.000225},"geometry":{"type":"Polygon","coordinates":[[[20.0325,49.2247],[20.033875,49.2247],[20.033875,49.2256],[20.0325,49.2256],[20.0325,49.2247]]]}},{"type":"Feature","properties":{"p":0.000225},"geometry":{"type":"Polygon","coordinates":[[[20.04625,49.2427],[20.047625,49.2427],[20.047625,49.2436],[20.04625,49.2436],[20.04625,49.2427]]]}},{"type":"Feature","properties":{"p":0.000224},"geometry":{"type":"Polygon","coordinates":[[[20.047625,49.2436],[20.049,49.2436],[20.049,49.2445],[20.047625,49.2445],[20.047625,49.2436]]]}},{"type":"Feature","properties":{"p":0.000223},"geometry":{"type":"Polygon","coordinates":[[[20.00775,49.2148],[20.009125,49.2148],[20.009125,49.2157],[20.00775,49.2157],[20.00775,49.2148]]]}},{"type":"Feature","properties":{"p":0.000222},"geometry":{"type":"Polygon","coordinates":[[[20.038,49.2463],[20.039375,49.2463],[20.039375,49.2472],[20.038,49.2472],[20.038,49.2463]]]}},{"type":"Feature","properties":{"p":0.000222},"geometry":{"type":"Polygon","coordinates":[[[20.031125,49.2409],[20.0325,49.2409],[20.0325,49.2418],[20.031125,49.2418],[20.031125,49.2409]]]}},{"type":"Feature","properties":{"p":0.000221},"geometry":{"type":"Polygon","coordinates":[[[20.02425,49.2103],[20.025625,49.2103],[20.025625,49.2112],[20.02425,49.2112],[20.02425,49.2103]]]}},{"type":"Feature","properties":{"p":0.00022},"geometry":{"type":"Polygon","coordinates":[[[20.044875,49.2454],[20.04625,49.2454],[20.04625,49.2463],[20.044875,49.2463],[20.044875,49.2454]]]}},{"type":"Feature","properties":{"p":0.00022},"geometry":{"type":"Polygon","coordinates":[[[20.04075,49.2472],[20.042125,49.2472],[20.042125,49.2481],[20.04075,49.2481],[20.04075,49.2472]]]}},{"type":"Feature","properties":{"p":0.00022},"geometry":{"type":"Polygon","coordinates":[[[20.0435,49.2463],[20.044875,49.2463],[20.044875,49.2472],[20.0435,49.2472],[20.0435,49.2463]]]}},{"type":"Feature","properties":{"p":0.00022},"geometry":{"type":"Polygon","coordinates":[[[20.0105,49.2346],[20.011875,49.2346],[20.011875,49.2355],[20.0105,49.2355],[20.0105,49.2346]]]}},{"type":"Feature","properties":{"p":0.000219},"geometry":{"type":"Polygon","coordinates":[[[20.025625,49.2121],[20.027,49.2121],[20.027,49.213],[20.025625,49.213],[20.025625,49.2121]]]}},{"type":"Feature","properties":{"p":0.000219},"geometry":{"type":"Polygon","coordinates":[[[20.014625,49.2373],[20.016,49.2373],[20.016,49.2382],[20.014625,49.2382],[20.014625,49.2373]]]}},{"type":"Feature","properties":{"p":0.000217},"geometry":{"type":"Polygon","coordinates":[[[20.009125,49.2013],[20.0105,49.2013],[20.0105,49.2022],[20.009125,49.2022],[20.009125,49.2013]]]}},{"type":"Feature","properties":{"p":0.000217},"geometry":{"type":"Polygon","coordinates":[[[20.0545,49.2328],[20.055875,49.2328],[20.055875,49.2337],[20.0545,49.2337],[20.0545,49.2328]]]}},{"type":"Feature","properties":{"p":0.000217},"geometry":{"type":"Polygon","coordinates":[[[20.07925,49.2427],[20.080625,49.2427],[20.080625,49.2436],[20.07925,49.2436],[20.07925,49.2427]]]}},{"type":"Feature","properties":{"p":0.000216},"geometry":{"type":"Polygon","coordinates":[[[20.075125,49.2427],[20.0765,49.2427],[20.0765,49.2436],[20.075125,49.2436],[20.075125,49.2427]]]}},{"type":"Feature","properties":{"p":0.000216},"geometry":{"type":"Polygon","coordinates":[[[20.044875,49.1968],[20.04625,49.1968],[20.04625,49.1977],[20.044875,49.1977],[20.044875,49.1968]]]}},{"type":"Feature","properties":{"p":0.000214},"geometry":{"type":"Polygon","coordinates":[[[20.050375,49.2355],[20.05175,49.2355],[20.05175,49.2364],[20.050375,49.2364],[20.050375,49.2355]]]}},{"type":"Feature","properties":{"p":0.000214},"geometry":{"type":"Polygon","coordinates":[[[20.017375,49.213],[20.01875,49.213],[20.01875,49.2139],[20.017375,49.2139],[20.017375,49.213]]]}},{"type":"Feature","properties":{"p":0.000214},"geometry":{"type":"Polygon","coordinates":[[[20.02425,49.2193],[20.025625,49.2193],[20.025625,49.2202],[20.02425,49.2202],[20.02425,49.2193]]]}},{"type":"Feature","properties":{"p":0.000214},"geometry":{"type":"Polygon","coordinates":[[[20.055875,49.2454],[20.05725,49.2454],[20.05725,49.2463],[20.055875,49.2463],[20.055875,49.2454]]]}},{"type":"Feature","properties":{"p":0.000213},"geometry":{"type":"Polygon","coordinates":[[[20.02975,49.2355],[20.031125,49.2355],[20.031125,49.2364],[20.02975,49.2364],[20.02975,49.2355]]]}},{"type":"Feature","properties":{"p":0.000213},"geometry":{"type":"Polygon","coordinates":[[[20.061375,49.2175],[20.06275,49.2175],[20.06275,49.2184],[20.061375,49.2184],[20.061375,49.2175]]]}},{"type":"Feature","properties":{"p":0.000213},"geometry":{"type":"Polygon","coordinates":[[[20.0325,49.2067],[20.033875,49.2067],[20.033875,49.2076],[20.0325,49.2076],[20.0325,49.2067]]]}},{"type":"Feature","properties":{"p":0.000213},"geometry":{"type":"Polygon","coordinates":[[[20.083375,49.2283],[20.08475,49.2283],[20.08475,49.2292],[20.083375,49.2292],[20.083375,49.2283]]]}},{"type":"Feature","properties":{"p":0.000212},"geometry":{"type":"Polygon","coordinates":[[[20.017375,49.2211],[20.01875,49.2211],[20.01875,49.222],[20.017375,49.222],[20.017375,49.2211]]]}},{"type":"Feature","properties":{"p":0.000212},"geometry":{"type":"Polygon","coordinates":[[[20.0545,49.2373],[20.055875,49.2373],[20.055875,49.2382],[20.0545,49.2382],[20.0545,49.2373]]]}},{"type":"Feature","properties":{"p":0.000212},"geometry":{"type":"Polygon","coordinates":[[[20.020125,49.2229],[20.0215,49.2229],[20.0215,49.2238],[20.020125,49.2238],[20.020125,49.2229]]]}},{"type":"Feature","properties":{"p":0.000211},"geometry":{"type":"Polygon","coordinates":[[[20.053125,49.2355],[20.0545,49.2355],[20.0545,49.2364],[20.053125,49.2364],[20.053125,49.2355]]]}},{"type":"Feature","properties":{"p":0.000211},"geometry":{"type":"Polygon","coordinates":[[[20.022875,49.2202],[20.02425,49.2202],[20.02425,49.2211],[20.022875,49.2211],[20.022875,49.2202]]]}},{"type":"Feature","properties":{"p":0.000211},"geometry":{"type":"Polygon","coordinates":[[[20.058625,49.1968],[20.06,49.1968],[20.06,49.1977],[20.058625,49.1977],[20.058625,49.1968]]]}},{"type":"Feature","properties":{"p":0.00021},"geometry":{"type":"Polygon","coordinates":[[[20.033875,49.2067],[20.03525,49.2067],[20.03525,49.2076],[20.033875,49.2076],[20.033875,49.2067]]]}},{"type":"Feature","properties":{"p":0.00021},"geometry":{"type":"Polygon","coordinates":[[[20.0545,49.2319],[20.055875,49.2319],[20.055875,49.2328],[20.0545,49.2328],[20.0545,49.2319]]]}},{"type":"Feature","properties":{"p":0.00021},"geometry":{"type":"Polygon","coordinates":[[[20.038,49.1959],[20.039375,49.1959],[20.039375,49.1968],[20.038,49.1968],[20.038,49.1959]]]}},{"type":"Feature","properties":{"p":0.00021},"geometry":{"type":"Polygon","coordinates":[[[20.022875,49.222],[20.02425,49.222],[20.02425,49.2229],[20.022875,49.2229],[20.022875,49.222]]]}},{"type":"Feature","properties":{"p":0.000209},"geometry":{"type":"Polygon","coordinates":[[[20.061375,49.2445],[20.06275,49.2445],[20.06275,49.2454],[20.061375,49.2454],[20.061375,49.2445]]]}},{"type":"Feature","properties":{"p":0.000209},"geometry":{"type":"Polygon","coordinates":[[[20.04625,49.1968],[20.047625,49.1968],[20.047625,49.1977],[20.04625,49.1977],[20.04625,49.1968]]]}},{"type":"Feature","properties":{"p":0.000209},"geometry":{"type":"Polygon","coordinates":[[[20.02425,49.24],[20.025625,49.24],[20.025625,49.2409],[20.02425,49.2409],[20.02425,49.24]]]}},{"type":"Feature","properties":{"p":0.000209},"geometry":{"type":"Polygon","coordinates":[[[20.01325,49.2175],[20.014625,49.2175],[20.014625,49.2184],[20.01325,49.2184],[20.01325,49.2175]]]}},{"type":"Feature","properties":{"p":0.000208},"geometry":{"type":"Polygon","coordinates":[[[20.022875,49.2058],[20.02425,49.2058],[20.02425,49.2067],[20.022875,49.2067],[20.022875,49.2058]]]}},{"type":"Feature","properties":{"p":0.000208},"geometry":{"type":"Polygon","coordinates":[[[20.031125,49.2445],[20.0325,49.2445],[20.0325,49.2454],[20.031125,49.2454],[20.031125,49.2445]]]}},{"type":"Feature","properties":{"p":0.000207},"geometry":{"type":"Polygon","coordinates":[[[20.0215,49.2274],[20.022875,49.2274],[20.022875,49.2283],[20.0215,49.2283],[20.0215,49.2274]]]}},{"type":"Feature","properties":{"p":0.000206},"geometry":{"type":"Polygon","coordinates":[[[20.02425,49.2184],[20.025625,49.2184],[20.025625,49.2193],[20.02425,49.2193],[20.02425,49.2184]]]}},{"type":"Feature","properties":{"p":0.000206},"geometry":{"type":"Polygon","coordinates":[[[20.01875,49.213],[20.020125,49.213],[20.020125,49.2139],[20.01875,49.2139],[20.01875,49.213]]]}},{"type":"Feature","properties":{"p":0.000206},"geometry":{"type":"Polygon","coordinates":[[[20.01875,49.2112],[20.020125,49.2112],[20.020125,49.2121],[20.01875,49.2121],[20.01875,49.2112]]]}},{"type":"Feature","properties":{"p":0.000206},"geometry":{"type":"Polygon","coordinates":[[[20.02425,49.2202],[20.025625,49.2202],[20.025625,49.2211],[20.02425,49.2211],[20.02425,49.2202]]]}},{"type":"Feature","properties":{"p":0.000204},"geometry":{"type":"Polygon","coordinates":[[[20.009125,49.2058],[20.0105,49.2058],[20.0105,49.2067],[20.009125,49.2067],[20.009125,49.2058]]]}},{"type":"Feature","properties":{"p":0.000203},"geometry":{"type":"Polygon","coordinates":[[[20.077875,49.2355],[20.07925,49.2355],[20.07925,49.2364],[20.077875,49.2364],[20.077875,49.2355]]]}},{"type":"Feature","properties":{"p":0.000202},"geometry":{"type":"Polygon","coordinates":[[[20.022875,49.2256],[20.02425,49.2256],[20.02425,49.2265],[20.022875,49.2265],[20.022875,49.2256]]]}},{"type":"Feature","properties":{"p":0.000202},"geometry":{"type":"Polygon","coordinates":[[[20.049,49.2256],[20.050375,49.2256],[20.050375,49.2265],[20.049,49.2265],[20.049,49.2256]]]}},{"type":"Feature","properties":{"p":0.000202},"geometry":{"type":"Polygon","coordinates":[[[20.03525,49.24],[20.036625,49.24],[20.036625,49.2409],[20.03525,49.2409],[20.03525,49.24]]]}},{"type":"Feature","properties":{"p":0.000202},"geometry":{"type":"Polygon","coordinates":[[[20.017375,49.2454],[20.01875,49.2454],[20.01875,49.2463],[20.017375,49.2463],[20.017375,49.2454]]]}},{"type":"Feature","properties":{"p":0.000202},"geometry":{"type":"Polygon","coordinates":[[[20.005,49.2454],[20.006375,49.2454],[20.006375,49.2463],[20.005,49.2463],[20.005,49.2454]]]}},{"type":"Feature","properties":{"p":0.000201},"geometry":{"type":"Polygon","coordinates":[[[20.039375,49.2445],[20.04075,49.2445],[20.04075,49.2454],[20.039375,49.2454],[20.039375,49.2445]]]}},{"type":"Feature","properties":{"p":0.000201},"geometry":{"type":"Polygon","coordinates":[[[20.028375,49.231],[20.02975,49.231],[20.02975,49.2319],[20.028375,49.2319],[20.028375,49.231]]]}},{"type":"Feature","properties":{"p":0.000201},"geometry":{"type":"Polygon","coordinates":[[[20.03525,49.2409],[20.036625,49.2409],[20.036625,49.2418],[20.03525,49.2418],[20.03525,49.2409]]]}},{"type":"Feature","properties":{"p":0.000201},"geometry":{"type":"Polygon","coordinates":[[[20.016,49.2121],[20.017375,49.2121],[20.017375,49.213],[20.016,49.213],[20.016,49.2121]]]}},{"type":"Feature","properties":{"p":0.000201},"geometry":{"type":"Polygon","coordinates":[[[20.04625,49.2094],[20.047625,49.2094],[20.047625,49.2103],[20.04625,49.2103],[20.04625,49.2094]]]}},{"type":"Feature","properties":{"p":0.0002},"geometry":{"type":"Polygon","coordinates":[[[20.04075,49.2454],[20.042125,49.2454],[20.042125,49.2463],[20.04075,49.2463],[20.04075,49.2454]]]}},{"type":"Feature","properties":{"p":0.0002},"geometry":{"type":"Polygon","coordinates":[[[20.082,49.2355],[20.083375,49.2355],[20.083375,49.2364],[20.082,49.2364],[20.082,49.2355]]]}},{"type":"Feature","properties":{"p":0.0002},"geometry":{"type":"Polygon","coordinates":[[[20.017375,49.2112],[20.01875,49.2112],[20.01875,49.2121],[20.017375,49.2121],[20.017375,49.2112]]]}},{"type":"Feature","properties":{"p":0.0002},"geometry":{"type":"Polygon","coordinates":[[[20.01875,49.2175],[20.020125,49.2175],[20.020125,49.2184],[20.01875,49.2184],[20.01875,49.2175]]]}},{"type":"Feature","properties":{"p":0.000199},"geometry":{"type":"Polygon","coordinates":[[[20.00775,49.2283],[20.009125,49.2283],[20.009125,49.2292],[20.00775,49.2292],[20.00775,49.2283]]]}},{"type":"Feature","properties":{"p":0.000199},"geometry":{"type":"Polygon","coordinates":[[[20.06275,49.204],[20.064125,49.204],[20.064125,49.2049],[20.06275,49.2049],[20.06275,49.204]]]}},{"type":"Feature","properties":{"p":0.000199},"geometry":{"type":"Polygon","coordinates":[[[20.0105,49.2328],[20.011875,49.2328],[20.011875,49.2337],[20.0105,49.2337],[20.0105,49.2328]]]}},{"type":"Feature","properties":{"p":0.000199},"geometry":{"type":"Polygon","coordinates":[[[20.01325,49.2157],[20.014625,49.2157],[20.014625,49.2166],[20.01325,49.2166],[20.01325,49.2157]]]}},{"type":"Feature","properties":{"p":0.000199},"geometry":{"type":"Polygon","coordinates":[[[20.031125,49.2211],[20.0325,49.2211],[20.0325,49.222],[20.031125,49.222],[20.031125,49.2211]]]}},{"type":"Feature","properties":{"p":0.000198},"geometry":{"type":"Polygon","coordinates":[[[20.005,49.2256],[20.006375,49.2256],[20.006375,49.2265],[20.005,49.2265],[20.005,49.2256]]]}},{"type":"Feature","properties":{"p":0.000198},"geometry":{"type":"Polygon","coordinates":[[[20.033875,49.2301],[20.03525,49.2301],[20.03525,49.231],[20.033875,49.231],[20.033875,49.2301]]]}},{"type":"Feature","properties":{"p":0.000198},"geometry":{"type":"Polygon","coordinates":[[[20.08475,49.2247],[20.086125,49.2247],[20.086125,49.2256],[20.08475,49.2256],[20.08475,49.2247]]]}},{"type":"Feature","properties":{"p":0.000197},"geometry":{"type":"Polygon","coordinates":[[[20.075125,49.2436],[20.0765,49.2436],[20.0765,49.2445],[20.075125,49.2445],[20.075125,49.2436]]]}},{"type":"Feature","properties":{"p":0.000196},"geometry":{"type":"Polygon","coordinates":[[[20.022875,49.2265],[20.02425,49.2265],[20.02425,49.2274],[20.022875,49.2274],[20.022875,49.2265]]]}},{"type":"Feature","properties":{"p":0.000196},"geometry":{"type":"Polygon","coordinates":[[[20.06825,49.2175],[20.069625,49.2175],[20.069625,49.2184],[20.06825,49.2184],[20.06825,49.2175]]]}},{"type":"Feature","properties":{"p":0.000196},"geometry":{"type":"Polygon","coordinates":[[[20.036625,49.2364],[20.038,49.2364],[20.038,49.2373],[20.036625,49.2373],[20.036625,49.2364]]]}},{"type":"Feature","properties":{"p":0.000196},"geometry":{"type":"Polygon","coordinates":[[[20.0435,49.2445],[20.044875,49.2445],[20.044875,49.2454],[20.0435,49.2454],[20.0435,49.2445]]]}},{"type":"Feature","properties":{"p":0.000195},"geometry":{"type":"Polygon","coordinates":[[[20.050375,49.2013],[20.05175,49.2013],[20.05175,49.2022],[20.050375,49.2022],[20.050375,49.2013]]]}},{"type":"Feature","properties":{"p":0.000195},"geometry":{"type":"Polygon","coordinates":[[[20.009125,49.231],[20.0105,49.231],[20.0105,49.2319],[20.009125,49.2319],[20.009125,49.231]]]}},{"type":"Feature","properties":{"p":0.000194},"geometry":{"type":"Polygon","coordinates":[[[20.0435,49.2121],[20.044875,49.2121],[20.044875,49.213],[20.0435,49.213],[20.0435,49.2121]]]}},{"type":"Feature","properties":{"p":0.000193},"geometry":{"type":"Polygon","coordinates":[[[20.022875,49.2445],[20.02425,49.2445],[20.02425,49.2454],[20.022875,49.2454],[20.022875,49.2445]]]}},{"type":"Feature","properties":{"p":0.000192},"geometry":{"type":"Polygon","coordinates":[[[20.053125,49.2427],[20.0545,49.2427],[20.0545,49.2436],[20.053125,49.2436],[20.053125,49.2427]]]}},{"type":"Feature","properties":{"p":0.000191},"geometry":{"type":"Polygon","coordinates":[[[20.009125,49.2229],[20.0105,49.2229],[20.0105,49.2238],[20.009125,49.2238],[20.009125,49.2229]]]}},{"type":"Feature","properties":{"p":0.000191},"geometry":{"type":"Polygon","coordinates":[[[20.0765,49.1986],[20.077875,49.1986],[20.077875,49.1995],[20.0765,49.1995],[20.0765,49.1986]]]}},{"type":"Feature","properties":{"p":0.00019},"geometry":{"type":"Polygon","coordinates":[[[20.069625,49.2382],[20.071,49.2382],[20.071,49.2391],[20.069625,49.2391],[20.069625,49.2382]]]}},{"type":"Feature","properties":{"p":0.00019},"geometry":{"type":"Polygon","coordinates":[[[20.049,49.2373],[20.050375,49.2373],[20.050375,49.2382],[20.049,49.2382],[20.049,49.2373]]]}},{"type":"Feature","properties":{"p":0.000188},"geometry":{"type":"Polygon","coordinates":[[[20.02975,49.2049],[20.031125,49.2049],[20.031125,49.2058],[20.02975,49.2058],[20.02975,49.2049]]]}},{"type":"Feature","properties":{"p":0.000187},"geometry":{"type":"Polygon","coordinates":[[[20.02975,49.2364],[20.031125,49.2364],[20.031125,49.2373],[20.02975,49.2373],[20.02975,49.2364]]]}},{"type":"Feature","properties":{"p":0.000186},"geometry":{"type":"Polygon","coordinates":[[[20.016,49.2355],[20.017375,49.2355],[20.017375,49.2364],[20.016,49.2364],[20.016,49.2355]]]}},{"type":"Feature","properties":{"p":0.000186},"geometry":{"type":"Polygon","coordinates":[[[20.050375,49.2364],[20.05175,49.2364],[20.05175,49.2373],[20.050375,49.2373],[20.050375,49.2364]]]}},{"type":"Feature","properties":{"p":0.000184},"geometry":{"type":"Polygon","coordinates":[[[20.00775,49.2229],[20.009125,49.2229],[20.009125,49.2238],[20.00775,49.2238],[20.00775,49.2229]]]}},{"type":"Feature","properties":{"p":0.000183},"geometry":{"type":"Polygon","coordinates":[[[20.042125,49.2481],[20.0435,49.2481],[20.0435,49.249],[20.042125,49.249],[20.042125,49.2481]]]}},{"type":"Feature","properties":{"p":0.000183},"geometry":{"type":"Polygon","coordinates":[[[20.05175,49.2184],[20.053125,49.2184],[20.053125,49.2193],[20.05175,49.2193],[20.05175,49.2184]]]}},{"type":"Feature","properties":{"p":0.000182},"geometry":{"type":"Polygon","coordinates":[[[20.075125,49.24],[20.0765,49.24],[20.0765,49.2409],[20.075125,49.2409],[20.075125,49.24]]]}},{"type":"Feature","properties":{"p":0.000182},"geometry":{"type":"Polygon","coordinates":[[[20.066875,49.2157],[20.06825,49.2157],[20.06825,49.2166],[20.066875,49.2166],[20.066875,49.2157]]]}},{"type":"Feature","properties":{"p":0.000181},"geometry":{"type":"Polygon","coordinates":[[[20.07925,49.2328],[20.080625,49.2328],[20.080625,49.2337],[20.07925,49.2337],[20.07925,49.2328]]]}},{"type":"Feature","properties":{"p":0.00018},"geometry":{"type":"Polygon","coordinates":[[[20.044875,49.2067],[20.04625,49.2067],[20.04625,49.2076],[20.044875,49.2076],[20.044875,49.2067]]]}},{"type":"Feature","properties":{"p":0.00018},"geometry":{"type":"Polygon","coordinates":[[[20.06275,49.2157],[20.064125,49.2157],[20.064125,49.2166],[20.06275,49.2166],[20.06275,49.2157]]]}},{"type":"Feature","properties":{"p":0.00018},"geometry":{"type":"Polygon","coordinates":[[[20.038,49.24],[20.039375,49.24],[20.039375,49.2409],[20.038,49.2409],[20.038,49.24]]]}},{"type":"Feature","properties":{"p":0.00018},"geometry":{"type":"Polygon","coordinates":[[[20.038,49.2328],[20.039375,49.2328],[20.039375,49.2337],[20.038,49.2337],[20.038,49.2328]]]}},{"type":"Feature","properties":{"p":0.000179},"geometry":{"type":"Polygon","coordinates":[[[20.005,49.2427],[20.006375,49.2427],[20.006375,49.2436],[20.005,49.2436],[20.005,49.2427]]]}},{"type":"Feature","properties":{"p":0.000179},"geometry":{"type":"Polygon","coordinates":[[[20.0215,49.24],[20.022875,49.24],[20.022875,49.2409],[20.0215,49.2409],[20.0215,49.24]]]}},{"type":"Feature","properties":{"p":0.000178},"geometry":{"type":"Polygon","coordinates":[[[20.01875,49.2328],[20.020125,49.2328],[20.020125,49.2337],[20.01875,49.2337],[20.01875,49.2328]]]}},{"type":"Feature","properties":{"p":0.000178},"geometry":{"type":"Polygon","coordinates":[[[20.02975,49.2382],[20.031125,49.2382],[20.031125,49.2391],[20.02975,49.2391],[20.02975,49.2382]]]}},{"type":"Feature","properties":{"p":0.000177},"geometry":{"type":"Polygon","coordinates":[[[20.044875,49.2481],[20.04625,49.2481],[20.04625,49.249],[20.044875,49.249],[20.044875,49.2481]]]}},{"type":"Feature","properties":{"p":0.000177},"geometry":{"type":"Polygon","coordinates":[[[20.080625,49.2355],[20.082,49.2355],[20.082,49.2364],[20.080625,49.2364],[20.080625,49.2355]]]}},{"type":"Feature","properties":{"p":0.000176},"geometry":{"type":"Polygon","coordinates":[[[20.06,49.213],[20.061375,49.213],[20.061375,49.2139],[20.06,49.2139],[20.06,49.213]]]}},{"type":"Feature","properties":{"p":0.000176},"geometry":{"type":"Polygon","coordinates":[[[20.00775,49.2112],[20.009125,49.2112],[20.009125,49.2121],[20.00775,49.2121],[20.00775,49.2112]]]}},{"type":"Feature","properties":{"p":0.000175},"geometry":{"type":"Polygon","coordinates":[[[20.053125,49.2031],[20.0545,49.2031],[20.0545,49.204],[20.053125,49.204],[20.053125,49.2031]]]}},{"type":"Feature","properties":{"p":0.000175},"geometry":{"type":"Polygon","coordinates":[[[20.055875,49.2247],[20.05725,49.2247],[20.05725,49.2256],[20.055875,49.2256],[20.055875,49.2247]]]}},{"type":"Feature","properties":{"p":0.000175},"geometry":{"type":"Polygon","coordinates":[[[20.0105,49.2355],[20.011875,49.2355],[20.011875,49.2364],[20.0105,49.2364],[20.0105,49.2355]]]}},{"type":"Feature","properties":{"p":0.000174},"geometry":{"type":"Polygon","coordinates":[[[20.038,49.2373],[20.039375,49.2373],[20.039375,49.2382],[20.038,49.2382],[20.038,49.2373]]]}},{"type":"Feature","properties":{"p":0.000174},"geometry":{"type":"Polygon","coordinates":[[[20.020125,49.2301],[20.0215,49.2301],[20.0215,49.231],[20.020125,49.231],[20.020125,49.2301]]]}},{"type":"Feature","properties":{"p":0.000174},"geometry":{"type":"Polygon","coordinates":[[[20.014625,49.2157],[20.016,49.2157],[20.016,49.2166],[20.014625,49.2166],[20.014625,49.2157]]]}},{"type":"Feature","properties":{"p":0.000174},"geometry":{"type":"Polygon","coordinates":[[[20.0325,49.2256],[20.033875,49.2256],[20.033875,49.2265],[20.0325,49.2265],[20.0325,49.2256]]]}},{"type":"Feature","properties":{"p":0.000173},"geometry":{"type":"Polygon","coordinates":[[[20.031125,49.2319],[20.0325,49.2319],[20.0325,49.2328],[20.031125,49.2328],[20.031125,49.2319]]]}},{"type":"Feature","properties":{"p":0.000173},"geometry":{"type":"Polygon","coordinates":[[[20.077875,49.2463],[20.07925,49.2463],[20.07925,49.2472],[20.077875,49.2472],[20.077875,49.2463]]]}},{"type":"Feature","properties":{"p":0.000172},"geometry":{"type":"Polygon","coordinates":[[[20.00775,49.2067],[20.009125,49.2067],[20.009125,49.2076],[20.00775,49.2076],[20.00775,49.2067]]]}},{"type":"Feature","properties":{"p":0.000172},"geometry":{"type":"Polygon","coordinates":[[[20.006375,49.2274],[20.00775,49.2274],[20.00775,49.2283],[20.006375,49.2283],[20.006375,49.2274]]]}},{"type":"Feature","properties":{"p":0.000172},"geometry":{"type":"Polygon","coordinates":[[[20.080625,49.24],[20.082,49.24],[20.082,49.2409],[20.080625,49.2409],[20.080625,49.24]]]}},{"type":"Feature","properties":{"p":0.000171},"geometry":{"type":"Polygon","coordinates":[[[20.038,49.1977],[20.039375,49.1977],[20.039375,49.1986],[20.038,49.1986],[20.038,49.1977]]]}},{"type":"Feature","properties":{"p":0.000171},"geometry":{"type":"Polygon","coordinates":[[[20.02975,49.2175],[20.031125,49.2175],[20.031125,49.2184],[20.02975,49.2184],[20.02975,49.2175]]]}},{"type":"Feature","properties":{"p":0.00017},"geometry":{"type":"Polygon","coordinates":[[[20.0435,49.2058],[20.044875,49.2058],[20.044875,49.2067],[20.0435,49.2067],[20.0435,49.2058]]]}},{"type":"Feature","properties":{"p":0.00017},"geometry":{"type":"Polygon","coordinates":[[[20.025625,49.2391],[20.027,49.2391],[20.027,49.24],[20.025625,49.24],[20.025625,49.2391]]]}},{"type":"Feature","properties":{"p":0.000168},"geometry":{"type":"Polygon","coordinates":[[[20.06275,49.2121],[20.064125,49.2121],[20.064125,49.213],[20.06275,49.213],[20.06275,49.2121]]]}},{"type":"Feature","properties":{"p":0.000168},"geometry":{"type":"Polygon","coordinates":[[[20.011875,49.2157],[20.01325,49.2157],[20.01325,49.2166],[20.011875,49.2166],[20.011875,49.2157]]]}},{"type":"Feature","properties":{"p":0.000168},"geometry":{"type":"Polygon","coordinates":[[[20.031125,49.2481],[20.0325,49.2481],[20.0325,49.249],[20.031125,49.249],[20.031125,49.2481]]]}},{"type":"Feature","properties":{"p":0.000167},"geometry":{"type":"Polygon","coordinates":[[[20.04075,49.213],[20.042125,49.213],[20.042125,49.2139],[20.04075,49.2139],[20.04075,49.213]]]}},{"type":"Feature","properties":{"p":0.000167},"geometry":{"type":"Polygon","coordinates":[[[20.036625,49.213],[20.038,49.213],[20.038,49.2139],[20.036625,49.2139],[20.036625,49.213]]]}},{"type":"Feature","properties":{"p":0.000167},"geometry":{"type":"Polygon","coordinates":[[[20.0325,49.2013],[20.033875,49.2013],[20.033875,49.2022],[20.0325,49.2022],[20.0325,49.2013]]]}},{"type":"Feature","properties":{"p":0.000167},"geometry":{"type":"Polygon","coordinates":[[[20.0325,49.2193],[20.033875,49.2193],[20.033875,49.2202],[20.0325,49.2202],[20.0325,49.2193]]]}},{"type":"Feature","properties":{"p":0.000167},"geometry":{"type":"Polygon","coordinates":[[[20.016,49.2364],[20.017375,49.2364],[20.017375,49.2373],[20.016,49.2373],[20.016,49.2364]]]}},{"type":"Feature","properties":{"p":0.000165},"geometry":{"type":"Polygon","coordinates":[[[20.009125,49.2481],[20.0105,49.2481],[20.0105,49.249],[20.009125,49.249],[20.009125,49.2481]]]}},{"type":"Feature","properties":{"p":0.000165},"geometry":{"type":"Polygon","coordinates":[[[20.04625,49.2067],[20.047625,49.2067],[20.047625,49.2076],[20.04625,49.2076],[20.04625,49.2067]]]}},{"type":"Feature","properties":{"p":0.000165},"geometry":{"type":"Polygon","coordinates":[[[20.038,49.1995],[20.039375,49.1995],[20.039375,49.2004],[20.038,49.2004],[20.038,49.1995]]]}},{"type":"Feature","properties":{"p":0.000164},"geometry":{"type":"Polygon","coordinates":[[[20.031125,49.204],[20.0325,49.204],[20.0325,49.2049],[20.031125,49.2049],[20.031125,49.204]]]}},{"type":"Feature","properties":{"p":0.000164},"geometry":{"type":"Polygon","coordinates":[[[20.009125,49.2148],[20.0105,49.2148],[20.0105,49.2157],[20.009125,49.2157],[20.009125,49.2148]]]}},{"type":"Feature","properties":{"p":0.000164},"geometry":{"type":"Polygon","coordinates":[[[20.064125,49.1968],[20.0655,49.1968],[20.0655,49.1977],[20.064125,49.1977],[20.064125,49.1968]]]}},{"type":"Feature","properties":{"p":0.000164},"geometry":{"type":"Polygon","coordinates":[[[20.016,49.2103],[20.017375,49.2103],[20.017375,49.2112],[20.016,49.2112],[20.016,49.2103]]]}},{"type":"Feature","properties":{"p":0.000163},"geometry":{"type":"Polygon","coordinates":[[[20.01875,49.2265],[20.020125,49.2265],[20.020125,49.2274],[20.01875,49.2274],[20.01875,49.2265]]]}},{"type":"Feature","properties":{"p":0.000163},"geometry":{"type":"Polygon","coordinates":[[[20.05175,49.2139],[20.053125,49.2139],[20.053125,49.2148],[20.05175,49.2148],[20.05175,49.2139]]]}},{"type":"Feature","properties":{"p":0.000162},"geometry":{"type":"Polygon","coordinates":[[[20.047625,49.1968],[20.049,49.1968],[20.049,49.1977],[20.047625,49.1977],[20.047625,49.1968]]]}},{"type":"Feature","properties":{"p":0.000162},"geometry":{"type":"Polygon","coordinates":[[[20.006375,49.2157],[20.00775,49.2157],[20.00775,49.2166],[20.006375,49.2166],[20.006375,49.2157]]]}},{"type":"Feature","properties":{"p":0.000161},"geometry":{"type":"Polygon","coordinates":[[[20.00775,49.2022],[20.009125,49.2022],[20.009125,49.2031],[20.00775,49.2031],[20.00775,49.2022]]]}},{"type":"Feature","properties":{"p":0.000161},"geometry":{"type":"Polygon","coordinates":[[[20.049,49.2328],[20.050375,49.2328],[20.050375,49.2337],[20.049,49.2337],[20.049,49.2328]]]}},{"type":"Feature","properties":{"p":0.000161},"geometry":{"type":"Polygon","coordinates":[[[20.0435,49.2472],[20.044875,49.2472],[20.044875,49.2481],[20.0435,49.2481],[20.0435,49.2472]]]}},{"type":"Feature","properties":{"p":0.000161},"geometry":{"type":"Polygon","coordinates":[[[20.028375,49.2058],[20.02975,49.2058],[20.02975,49.2067],[20.028375,49.2067],[20.028375,49.2058]]]}},{"type":"Feature","properties":{"p":0.000161},"geometry":{"type":"Polygon","coordinates":[[[20.017375,49.2346],[20.01875,49.2346],[20.01875,49.2355],[20.017375,49.2355],[20.017375,49.2346]]]}},{"type":"Feature","properties":{"p":0.00016},"geometry":{"type":"Polygon","coordinates":[[[20.02425,49.2436],[20.025625,49.2436],[20.025625,49.2445],[20.02425,49.2445],[20.02425,49.2436]]]}},{"type":"Feature","properties":{"p":0.00016},"geometry":{"type":"Polygon","coordinates":[[[20.0765,49.2346],[20.077875,49.2346],[20.077875,49.2355],[20.0765,49.2355],[20.0765,49.2346]]]}},{"type":"Feature","properties":{"p":0.00016},"geometry":{"type":"Polygon","coordinates":[[[20.0765,49.2445],[20.077875,49.2445],[20.077875,49.2454],[20.0765,49.2454],[20.0765,49.2445]]]}},{"type":"Feature","properties":{"p":0.000159},"geometry":{"type":"Polygon","coordinates":[[[20.006375,49.2355],[20.00775,49.2355],[20.00775,49.2364],[20.006375,49.2364],[20.006375,49.2355]]]}},{"type":"Feature","properties":{"p":0.000158},"geometry":{"type":"Polygon","coordinates":[[[20.014625,49.2364],[20.016,49.2364],[20.016,49.2373],[20.014625,49.2373],[20.014625,49.2364]]]}},{"type":"Feature","properties":{"p":0.000157},"geometry":{"type":"Polygon","coordinates":[[[20.042125,49.1959],[20.0435,49.1959],[20.0435,49.1968],[20.042125,49.1968],[20.042125,49.1959]]]}},{"type":"Feature","properties":{"p":0.000157},"geometry":{"type":"Polygon","coordinates":[[[20.053125,49.2418],[20.0545,49.2418],[20.0545,49.2427],[20.053125,49.2427],[20.053125,49.2418]]]}},{"type":"Feature","properties":{"p":0.000156},"geometry":{"type":"Polygon","coordinates":[[[20.05175,49.2076],[20.053125,49.2076],[20.053125,49.2085],[20.05175,49.2085],[20.05175,49.2076]]]}},{"type":"Feature","properties":{"p":0.000156},"geometry":{"type":"Polygon","coordinates":[[[20.083375,49.2364],[20.08475,49.2364],[20.08475,49.2373],[20.083375,49.2373],[20.083375,49.2364]]]}},{"type":"Feature","properties":{"p":0.000156},"geometry":{"type":"Polygon","coordinates":[[[20.036625,49.195],[20.038,49.195],[20.038,49.1959],[20.036625,49.1959],[20.036625,49.195]]]}},{"type":"Feature","properties":{"p":0.000155},"geometry":{"type":"Polygon","coordinates":[[[20.016,49.2202],[20.017375,49.2202],[20.017375,49.2211],[20.016,49.2211],[20.016,49.2202]]]}},{"type":"Feature","properties":{"p":0.000154},"geometry":{"type":"Polygon","coordinates":[[[20.038,49.2265],[20.039375,49.2265],[20.039375,49.2274],[20.038,49.2274],[20.038,49.2265]]]}},{"type":"Feature","properties":{"p":0.000154},"geometry":{"type":"Polygon","coordinates":[[[20.083375,49.2247],[20.08475,49.2247],[20.08475,49.2256],[20.083375,49.2256],[20.083375,49.2247]]]}},{"type":"Feature","properties":{"p":0.000154},"geometry":{"type":"Polygon","coordinates":[[[20.06,49.2319],[20.061375,49.2319],[20.061375,49.2328],[20.06,49.2328],[20.06,49.2319]]]}},{"type":"Feature","properties":{"p":0.000154},"geometry":{"type":"Polygon","coordinates":[[[20.009125,49.2184],[20.0105,49.2184],[20.0105,49.2193],[20.009125,49.2193],[20.009125,49.2184]]]}},{"type":"Feature","properties":{"p":0.000154},"geometry":{"type":"Polygon","coordinates":[[[20.06275,49.2472],[20.064125,49.2472],[20.064125,49.2481],[20.06275,49.2481],[20.06275,49.2472]]]}},{"type":"Feature","properties":{"p":0.000153},"geometry":{"type":"Polygon","coordinates":[[[20.0765,49.2238],[20.077875,49.2238],[20.077875,49.2247],[20.0765,49.2247],[20.0765,49.2238]]]}},{"type":"Feature","properties":{"p":0.000153},"geometry":{"type":"Polygon","coordinates":[[[20.050375,49.2067],[20.05175,49.2067],[20.05175,49.2076],[20.050375,49.2076],[20.050375,49.2067]]]}},{"type":"Feature","properties":{"p":0.000153},"geometry":{"type":"Polygon","coordinates":[[[20.07375,49.2184],[20.075125,49.2184],[20.075125,49.2193],[20.07375,49.2193],[20.07375,49.2184]]]}},{"type":"Feature","properties":{"p":0.000153},"geometry":{"type":"Polygon","coordinates":[[[20.016,49.2346],[20.017375,49.2346],[20.017375,49.2355],[20.016,49.2355],[20.016,49.2346]]]}},{"type":"Feature","properties":{"p":0.000153},"geometry":{"type":"Polygon","coordinates":[[[20.011875,49.2139],[20.01325,49.2139],[20.01325,49.2148],[20.011875,49.2148],[20.011875,49.2139]]]}},{"type":"Feature","properties":{"p":0.000152},"geometry":{"type":"Polygon","coordinates":[[[20.036625,49.2445],[20.038,49.2445],[20.038,49.2454],[20.036625,49.2454],[20.036625,49.2445]]]}},{"type":"Feature","properties":{"p":0.000152},"geometry":{"type":"Polygon","coordinates":[[[20.017375,49.2076],[20.01875,49.2076],[20.01875,49.2085],[20.017375,49.2085],[20.017375,49.2076]]]}},{"type":"Feature","properties":{"p":0.000152},"geometry":{"type":"Polygon","coordinates":[[[20.016,49.2076],[20.017375,49.2076],[20.017375,49.2085],[20.016,49.2085],[20.016,49.2076]]]}},{"type":"Feature","properties":{"p":0.000151},"geometry":{"type":"Polygon","coordinates":[[[20.047625,49.2256],[20.049,49.2256],[20.049,49.2265],[20.047625,49.2265],[20.047625,49.2256]]]}},{"type":"Feature","properties":{"p":0.00015},"geometry":{"type":"Polygon","coordinates":[[[20.082,49.24],[20.083375,49.24],[20.083375,49.2409],[20.082,49.2409],[20.082,49.24]]]}},{"type":"Feature","properties":{"p":0.00015},"geometry":{"type":"Polygon","coordinates":[[[20.053125,49.1959],[20.0545,49.1959],[20.0545,49.1968],[20.053125,49.1968],[20.053125,49.1959]]]}},{"type":"Feature","properties":{"p":0.00015},"geometry":{"type":"Polygon","coordinates":[[[20.039375,49.2418],[20.04075,49.2418],[20.04075,49.2427],[20.039375,49.2427],[20.039375,49.2418]]]}},{"type":"Feature","properties":{"p":0.000149},"geometry":{"type":"Polygon","coordinates":[[[20.033875,49.2031],[20.03525,49.2031],[20.03525,49.204],[20.033875,49.204],[20.033875,49.2031]]]}},{"type":"Feature","properties":{"p":0.000149},"geometry":{"type":"Polygon","coordinates":[[[20.014625,49.1968],[20.016,49.1968],[20.016,49.1977],[20.014625,49.1977],[20.014625,49.1968]]]}},{"type":"Feature","properties":{"p":0.000148},"geometry":{"type":"Polygon","coordinates":[[[20.006375,49.2364],[20.00775,49.2364],[20.00775,49.2373],[20.006375,49.2373],[20.006375,49.2364]]]}},{"type":"Feature","properties":{"p":0.000148},"geometry":{"type":"Polygon","coordinates":[[[20.064125,49.2463],[20.0655,49.2463],[20.0655,49.2472],[20.064125,49.2472],[20.064125,49.2463]]]}},{"type":"Feature","properties":{"p":0.000148},"geometry":{"type":"Polygon","coordinates":[[[20.039375,49.2157],[20.04075,49.2157],[20.04075,49.2166],[20.039375,49.2166],[20.039375,49.2157]]]}},{"type":"Feature","properties":{"p":0.000148},"geometry":{"type":"Polygon","coordinates":[[[20.0105,49.2058],[20.011875,49.2058],[20.011875,49.2067],[20.0105,49.2067],[20.0105,49.2058]]]}},{"type":"Feature","properties":{"p":0.000148},"geometry":{"type":"Polygon","coordinates":[[[20.009125,49.2085],[20.0105,49.2085],[20.0105,49.2094],[20.009125,49.2094],[20.009125,49.2085]]]}},{"type":"Feature","properties":{"p":0.000147},"geometry":{"type":"Polygon","coordinates":[[[20.072375,49.213],[20.07375,49.213],[20.07375,49.2139],[20.072375,49.2139],[20.072375,49.213]]]}},{"type":"Feature","properties":{"p":0.000147},"geometry":{"type":"Polygon","coordinates":[[[20.038,49.2112],[20.039375,49.2112],[20.039375,49.2121],[20.038,49.2121],[20.038,49.2112]]]}},{"type":"Feature","properties":{"p":0.000146},"geometry":{"type":"Polygon","coordinates":[[[20.083375,49.2193],[20.08475,49.2193],[20.08475,49.2202],[20.083375,49.2202],[20.083375,49.2193]]]}},{"type":"Feature","properties":{"p":0.000146},"geometry":{"type":"Polygon","coordinates":[[[20.086125,49.2211],[20.0875,49.2211],[20.0875,49.222],[20.086125,49.222],[20.086125,49.2211]]]}},{"type":"Feature","properties":{"p":0.000146},"geometry":{"type":"Polygon","coordinates":[[[20.07925,49.2337],[20.080625,49.2337],[20.080625,49.2346],[20.07925,49.2346],[20.07925,49.2337]]]}},{"type":"Feature","properties":{"p":0.000146},"geometry":{"type":"Polygon","coordinates":[[[20.009125,49.2202],[20.0105,49.2202],[20.0105,49.2211],[20.009125,49.2211],[20.009125,49.2202]]]}},{"type":"Feature","properties":{"p":0.000145},"geometry":{"type":"Polygon","coordinates":[[[20.075125,49.2301],[20.0765,49.2301],[20.0765,49.231],[20.075125,49.231],[20.075125,49.2301]]]}},{"type":"Feature","properties":{"p":0.000145},"geometry":{"type":"Polygon","coordinates":[[[20.036625,49.2355],[20.038,49.2355],[20.038,49.2364],[20.036625,49.2364],[20.036625,49.2355]]]}},{"type":"Feature","properties":{"p":0.000144},"geometry":{"type":"Polygon","coordinates":[[[20.006375,49.2049],[20.00775,49.2049],[20.00775,49.2058],[20.006375,49.2058],[20.006375,49.2049]]]}},{"type":"Feature","properties":{"p":0.000144},"geometry":{"type":"Polygon","coordinates":[[[20.05175,49.2418],[20.053125,49.2418],[20.053125,49.2427],[20.05175,49.2427],[20.05175,49.2418]]]}},{"type":"Feature","properties":{"p":0.000144},"geometry":{"type":"Polygon","coordinates":[[[20.0215,49.2391],[20.022875,49.2391],[20.022875,49.24],[20.0215,49.24],[20.0215,49.2391]]]}},{"type":"Feature","properties":{"p":0.000144},"geometry":{"type":"Polygon","coordinates":[[[20.044875,49.2202],[20.04625,49.2202],[20.04625,49.2211],[20.044875,49.2211],[20.044875,49.2202]]]}},{"type":"Feature","properties":{"p":0.000143},"geometry":{"type":"Polygon","coordinates":[[[20.009125,49.2454],[20.0105,49.2454],[20.0105,49.2463],[20.009125,49.2463],[20.009125,49.2454]]]}},{"type":"Feature","properties":{"p":0.000143},"geometry":{"type":"Polygon","coordinates":[[[20.058625,49.1977],[20.06,49.1977],[20.06,49.1986],[20.058625,49.1986],[20.058625,49.1977]]]}},{"type":"Feature","properties":{"p":0.000142},"geometry":{"type":"Polygon","coordinates":[[[20.050375,49.2301],[20.05175,49.2301],[20.05175,49.231],[20.050375,49.231],[20.050375,49.2301]]]}},{"type":"Feature","properties":{"p":0.000142},"geometry":{"type":"Polygon","coordinates":[[[20.080625,49.2229],[20.082,49.2229],[20.082,49.2238],[20.080625,49.2238],[20.080625,49.2229]]]}},{"type":"Feature","properties":{"p":0.000142},"geometry":{"type":"Polygon","coordinates":[[[20.00775,49.2247],[20.009125,49.2247],[20.009125,49.2256],[20.00775,49.2256],[20.00775,49.2247]]]}},{"type":"Feature","properties":{"p":0.000142},"geometry":{"type":"Polygon","coordinates":[[[20.025625,49.2193],[20.027,49.2193],[20.027,49.2202],[20.025625,49.2202],[20.025625,49.2193]]]}},{"type":"Feature","properties":{"p":0.000141},"geometry":{"type":"Polygon","coordinates":[[[20.080625,49.2292],[20.082,49.2292],[20.082,49.2301],[20.080625,49.2301],[20.080625,49.2292]]]}},{"type":"Feature","properties":{"p":0.000141},"geometry":{"type":"Polygon","coordinates":[[[20.0545,49.2418],[20.055875,49.2418],[20.055875,49.2427],[20.0545,49.2427],[20.0545,49.2418]]]}},{"type":"Feature","properties":{"p":0.000141},"geometry":{"type":"Polygon","coordinates":[[[20.005,49.2004],[20.006375,49.2004],[20.006375,49.2013],[20.005,49.2013],[20.005,49.2004]]]}},{"type":"Feature","properties":{"p":0.00014},"geometry":{"type":"Polygon","coordinates":[[[20.050375,49.2418],[20.05175,49.2418],[20.05175,49.2427],[20.050375,49.2427],[20.050375,49.2418]]]}},{"type":"Feature","properties":{"p":0.00014},"geometry":{"type":"Polygon","coordinates":[[[20.055875,49.2049],[20.05725,49.2049],[20.05725,49.2058],[20.055875,49.2058],[20.055875,49.2049]]]}}]}