{"type":"FeatureCollection","properties":{"sc":"zawrat","method":"horizon"},"features":[{"type":"Feature","properties":{"col":10,"row":36,"p":0.137426},"geometry":{"type":"Polygon","coordinates":[[[20.01875,49.2157],[20.020125,49.2157],[20.020125,49.2166],[20.01875,49.2166],[20.01875,49.2157]]]}},{"type":"Feature","properties":{"col":8,"row":37,"p":0.080096},"geometry":{"type":"Polygon","coordinates":[[[20.016,49.2148],[20.017375,49.2148],[20.017375,49.2157],[20.016,49.2157],[20.016,49.2148]]]}},{"type":"Feature","properties":{"col":10,"row":37,"p":0.067111},"geometry":{"type":"Polygon","coordinates":[[[20.01875,49.2148],[20.020125,49.2148],[20.020125,49.2157],[20.01875,49.2157],[20.01875,49.2148]]]}},{"type":"Feature","properties":{"col":19,"row":43,"p":0.031852},"geometry":{"type":"Polygon","coordinates":[[[20.031125,49.2094],[20.0325,49.2094],[20.0325,49.2103],[20.031125,49.2103],[20.031125,49.2094]]]}},{"type":"Feature","properties":{"col":20,"row":43,"p":0.026517},"geometry":{"type":"Polygon","coordinates":[[[20.0325,49.2094],[20.033875,49.2094],[20.033875,49.2103],[20.0325,49.2103],[20.0325,49.2094]]]}},{"type":"Feature","properties":{"col":18,"row":43,"p":0.017635},"geometry":{"type":"Polygon","coordinates":[[[20.02975,49.2094],[20.031125,49.2094],[20.031125,49.2103],[20.02975,49.2103],[20.02975,49.2094]]]}},{"type":"Feature","properties":{"col":11,"row":37,"p":0.017407},"geometry":{"type":"Polygon","coordinates":[[[20.020125,49.2148],[20.0215,49.2148],[20.0215,49.2157],[20.020125,49.2157],[20.020125,49.2148]]]}},{"type":"Feature","properties":{"col":18,"row":42,"p":0.017335},"geometry":{"type":"Polygon","coordinates":[[[20.02975,49.2103],[20.031125,49.2103],[20.031125,49.2112],[20.02975,49.2112],[20.02975,49.2103]]]}},{"type":"Feature","properties":{"col":20,"row":44,"p":0.017183},"geometry":{"type":"Polygon","coordinates":[[[20.0325,49.2085],[20.033875,49.2085],[20.033875,49.2094],[20.0325,49.2094],[20.0325,49.2085]]]}},{"type":"Feature","properties":{"col":19,"row":42,"p":0.017091},"geometry":{"type":"Polygon","coordinates":[[[20.031125,49.2103],[20.0325,49.2103],[20.0325,49.2112],[20.031125,49.2112],[20.031125,49.2103]]]}},{"type":"Feature","properties":{"col":11,"row":36,"p":0.015651},"geometry":{"type":"Polygon","coordinates":[[[20.020125,49.2157],[20.0215,49.2157],[20.0215,49.2166],[20.020125,49.2166],[20.020125,49.2157]]]}},{"type":"Feature","properties":{"col":20,"row":45,"p":0.013568},"geometry":{"type":"Polygon","coordinates":[[[20.0325,49.2076],[20.033875,49.2076],[20.033875,49.2085],[20.0325,49.2085],[20.0325,49.2076]]]}},{"type":"Feature","properties":{"col":21,"row":43,"p":0.0115},"geometry":{"type":"Polygon","coordinates":[[[20.033875,49.2094],[20.03525,49.2094],[20.03525,49.2103],[20.033875,49.2103],[20.033875,49.2094]]]}},{"type":"Feature","properties":{"col":34,"row":37,"p":0.01086},"geometry":{"type":"Polygon","coordinates":[[[20.05175,49.2148],[20.053125,49.2148],[20.053125,49.2157],[20.05175,49.2157],[20.05175,49.2148]]]}},{"type":"Feature","properties":{"col":21,"row":1,"p":0.010142},"geometry":{"type":"Polygon","coordinates":[[[20.033875,49.2472],[20.03525,49.2472],[20.03525,49.2481],[20.033875,49.2481],[20.033875,49.2472]]]}},{"type":"Feature","properties":{"col":19,"row":44,"p":0.010123},"geometry":{"type":"Polygon","coordinates":[[[20.031125,49.2085],[20.0325,49.2085],[20.0325,49.2094],[20.031125,49.2094],[20.031125,49.2085]]]}},{"type":"Feature","properties":{"col":9,"row":37,"p":0.010111},"geometry":{"type":"Polygon","coordinates":[[[20.017375,49.2148],[20.01875,49.2148],[20.01875,49.2157],[20.017375,49.2157],[20.017375,49.2148]]]}},{"type":"Feature","properties":{"col":17,"row":42,"p":0.009589},"geometry":{"type":"Polygon","coordinates":[[[20.028375,49.2103],[20.02975,49.2103],[20.02975,49.2112],[20.028375,49.2112],[20.028375,49.2103]]]}},{"type":"Feature","properties":{"col":9,"row":36,"p":0.008868},"geometry":{"type":"Polygon","coordinates":[[[20.017375,49.2157],[20.01875,49.2157],[20.01875,49.2166],[20.017375,49.2166],[20.017375,49.2157]]]}},{"type":"Feature","properties":{"col":17,"row":43,"p":0.007844},"geometry":{"type":"Polygon","coordinates":[[[20.028375,49.2094],[20.02975,49.2094],[20.02975,49.2103],[20.028375,49.2103],[20.028375,49.2094]]]}},{"type":"Feature","properties":{"col":22,"row":0,"p":0.007717},"geometry":{"type":"Polygon","coordinates":[[[20.03525,49.2481],[20.036625,49.2481],[20.036625,49.249],[20.03525,49.249],[20.03525,49.2481]]]}},{"type":"Feature","properties":{"col":4,"row":46,"p":0.007542},"geometry":{"type":"Polygon","coordinates":[[[20.0105,49.2067],[20.011875,49.2067],[20.011875,49.2076],[20.0105,49.2076],[20.0105,49.2067]]]}},{"type":"Feature","properties":{"col":10,"row":35,"p":0.00733},"geometry":{"type":"Polygon","coordinates":[[[20.01875,49.2166],[20.020125,49.2166],[20.020125,49.2175],[20.01875,49.2175],[20.01875,49.2166]]]}},{"type":"Feature","properties":{"col":16,"row":42,"p":0.007003},"geometry":{"type":"Polygon","coordinates":[[[20.027,49.2103],[20.028375,49.2103],[20.028375,49.2112],[20.027,49.2112],[20.027,49.2103]]]}},{"type":"Feature","properties":{"col":9,"row":35,"p":0.006592},"geometry":{"type":"Polygon","coordinates":[[[20.017375,49.2166],[20.01875,49.2166],[20.01875,49.2175],[20.017375,49.2175],[20.017375,49.2166]]]}},{"type":"Feature","properties":{"col":34,"row":12,"p":0.006248},"geometry":{"type":"Polygon","coordinates":[[[20.05175,49.2373],[20.053125,49.2373],[20.053125,49.2382],[20.05175,49.2382],[20.05175,49.2373]]]}},{"type":"Feature","properties":{"col":20,"row":42,"p":0.005292},"geometry":{"type":"Polygon","coordinates":[[[20.0325,49.2103],[20.033875,49.2103],[20.033875,49.2112],[20.0325,49.2112],[20.0325,49.2103]]]}},{"type":"Feature","properties":{"col":15,"row":42,"p":0.00487},"geometry":{"type":"Polygon","coordinates":[[[20.025625,49.2103],[20.027,49.2103],[20.027,49.2112],[20.025625,49.2112],[20.025625,49.2103]]]}},{"type":"Feature","properties":{"col":11,"row":34,"p":0.004485},"geometry":{"type":"Polygon","coordinates":[[[20.020125,49.2175],[20.0215,49.2175],[20.0215,49.2184],[20.020125,49.2184],[20.020125,49.2175]]]}},{"type":"Feature","properties":{"col":0,"row":0,"p":0.004376},"geometry":{"type":"Polygon","coordinates":[[[20.005,49.2481],[20.006375,49.2481],[20.006375,49.249],[20.005,49.249],[20.005,49.2481]]]}},{"type":"Feature","properties":{"col":8,"row":35,"p":0.004298},"geometry":{"type":"Polygon","coordinates":[[[20.016,49.2166],[20.017375,49.2166],[20.017375,49.2175],[20.016,49.2175],[20.016,49.2166]]]}},{"type":"Feature","properties":{"col":9,"row":46,"p":0.004182},"geometry":{"type":"Polygon","coordinates":[[[20.017375,49.2067],[20.01875,49.2067],[20.01875,49.2076],[20.017375,49.2076],[20.017375,49.2067]]]}},{"type":"Feature","properties":{"col":6,"row":15,"p":0.004018},"geometry":{"type":"Polygon","coordinates":[[[20.01325,49.2346],[20.014625,49.2346],[20.014625,49.2355],[20.01325,49.2355],[20.01325,49.2346]]]}},{"type":"Feature","properties":{"col":41,"row":9,"p":0.003863},"geometry":{"type":"Polygon","coordinates":[[[20.061375,49.24],[20.06275,49.24],[20.06275,49.2409],[20.061375,49.2409],[20.061375,49.24]]]}},{"type":"Feature","properties":{"col":12,"row":44,"p":0.00381},"geometry":{"type":"Polygon","coordinates":[[[20.0215,49.2085],[20.022875,49.2085],[20.022875,49.2094],[20.0215,49.2094],[20.0215,49.2085]]]}},{"type":"Feature","properties":{"col":11,"row":38,"p":0.003576},"geometry":{"type":"Polygon","coordinates":[[[20.020125,49.2139],[20.0215,49.2139],[20.0215,49.2148],[20.020125,49.2148],[20.020125,49.2139]]]}},{"type":"Feature","properties":{"col":0,"row":4,"p":0.003571},"geometry":{"type":"Polygon","coordinates":[[[20.005,49.2445],[20.006375,49.2445],[20.006375,49.2454],[20.005,49.2454],[20.005,49.2445]]]}},{"type":"Feature","properties":{"col":37,"row":23,"p":0.003362},"geometry":{"type":"Polygon","coordinates":[[[20.055875,49.2274],[20.05725,49.2274],[20.05725,49.2283],[20.055875,49.2283],[20.055875,49.2274]]]}},{"type":"Feature","properties":{"col":21,"row":42,"p":0.003312},"geometry":{"type":"Polygon","coordinates":[[[20.033875,49.2103],[20.03525,49.2103],[20.03525,49.2112],[20.033875,49.2112],[20.033875,49.2103]]]}},{"type":"Feature","properties":{"col":19,"row":22,"p":0.003081},"geometry":{"type":"Polygon","coordinates":[[[20.031125,49.2283],[20.0325,49.2283],[20.0325,49.2292],[20.031125,49.2292],[20.031125,49.2283]]]}},{"type":"Feature","properties":{"col":18,"row":44,"p":0.002901},"geometry":{"type":"Polygon","coordinates":[[[20.02975,49.2085],[20.031125,49.2085],[20.031125,49.2094],[20.02975,49.2094],[20.02975,49.2085]]]}},{"type":"Feature","properties":{"col":10,"row":38,"p":0.002811},"geometry":{"type":"Polygon","coordinates":[[[20.01875,49.2139],[20.020125,49.2139],[20.020125,49.2148],[20.01875,49.2148],[20.01875,49.2139]]]}},{"type":"Feature","properties":{"col":32,"row":26,"p":0.002679},"geometry":{"type":"Polygon","coordinates":[[[20.049,49.2247],[20.050375,49.2247],[20.050375,49.2256],[20.049,49.2256],[20.049,49.2247]]]}},{"type":"Feature","properties":{"col":32,"row":27,"p":0.002659},"geometry":{"type":"Polygon","coordinates":[[[20.049,49.2238],[20.050375,49.2238],[20.050375,49.2247],[20.049,49.2247],[20.049,49.2238]]]}},{"type":"Feature","properties":{"col":40,"row":9,"p":0.002588},"geometry":{"type":"Polygon","coordinates":[[[20.06,49.24],[20.061375,49.24],[20.061375,49.2409],[20.06,49.2409],[20.06,49.24]]]}},{"type":"Feature","properties":{"col":9,"row":38,"p":0.002553},"geometry":{"type":"Polygon","coordinates":[[[20.017375,49.2139],[20.01875,49.2139],[20.01875,49.2148],[20.017375,49.2148],[20.017375,49.2139]]]}},{"type":"Feature","properties":{"col":26,"row":38,"p":0.00232},"geometry":{"type":"Polygon","coordinates":[[[20.04075,49.2139],[20.042125,49.2139],[20.042125,49.2148],[20.04075,49.2148],[20.04075,49.2139]]]}},{"type":"Feature","properties":{"col":5,"row":41,"p":0.002198},"geometry":{"type":"Polygon","coordinates":[[[20.011875,49.2112],[20.01325,49.2112],[20.01325,49.2121],[20.011875,49.2121],[20.011875,49.2112]]]}},{"type":"Feature","properties":{"col":8,"row":16,"p":0.002162},"geometry":{"type":"Polygon","coordinates":[[[20.016,49.2337],[20.017375,49.2337],[20.017375,49.2346],[20.016,49.2346],[20.016,49.2337]]]}},{"type":"Feature","properties":{"col":1,"row":44,"p":0.002122},"geometry":{"type":"Polygon","coordinates":[[[20.006375,49.2085],[20.00775,49.2085],[20.00775,49.2094],[20.006375,49.2094],[20.006375,49.2085]]]}},{"type":"Feature","properties":{"col":8,"row":38,"p":0.002107},"geometry":{"type":"Polygon","coordinates":[[[20.016,49.2139],[20.017375,49.2139],[20.017375,49.2148],[20.016,49.2148],[20.016,49.2139]]]}},{"type":"Feature","properties":{"col":2,"row":27,"p":0.002105},"geometry":{"type":"Polygon","coordinates":[[[20.00775,49.2238],[20.009125,49.2238],[20.009125,49.2247],[20.00775,49.2247],[20.00775,49.2238]]]}},{"type":"Feature","properties":{"col":22,"row":43,"p":0.00186},"geometry":{"type":"Polygon","coordinates":[[[20.03525,49.2094],[20.036625,49.2094],[20.036625,49.2103],[20.03525,49.2103],[20.03525,49.2094]]]}},{"type":"Feature","properties":{"col":10,"row":3,"p":0.001845},"geometry":{"type":"Polygon","coordinates":[[[20.01875,49.2454],[20.020125,49.2454],[20.020125,49.2463],[20.01875,49.2463],[20.01875,49.2454]]]}},{"type":"Feature","properties":{"col":8,"row":34,"p":0.001765},"geometry":{"type":"Polygon","coordinates":[[[20.016,49.2175],[20.017375,49.2175],[20.017375,49.2184],[20.016,49.2184],[20.016,49.2175]]]}},{"type":"Feature","properties":{"col":21,"row":2,"p":0.001719},"geometry":{"type":"Polygon","coordinates":[[[20.033875,49.2463],[20.03525,49.2463],[20.03525,49.2472],[20.033875,49.2472],[20.033875,49.2463]]]}},{"type":"Feature","properties":{"col":28,"row":36,"p":0.001709},"geometry":{"type":"Polygon","coordinates":[[[20.0435,49.2157],[20.044875,49.2157],[20.044875,49.2166],[20.0435,49.2166],[20.0435,49.2157]]]}},{"type":"Feature","properties":{"col":17,"row":11,"p":0.001708},"geometry":{"type":"Polygon","coordinates":[[[20.028375,49.2382],[20.02975,49.2382],[20.02975,49.2391],[20.028375,49.2391],[20.028375,49.2382]]]}},{"type":"Feature","properties":{"col":27,"row":38,"p":0.001666},"geometry":{"type":"Polygon","coordinates":[[[20.042125,49.2139],[20.0435,49.2139],[20.0435,49.2148],[20.042125,49.2148],[20.042125,49.2139]]]}},{"type":"Feature","properties":{"col":57,"row":3,"p":0.00166},"geometry":{"type":"Polygon","coordinates":[[[20.083375,49.2454],[20.08475,49.2454],[20.08475,49.2463],[20.083375,49.2463],[20.083375,49.2454]]]}},{"type":"Feature","properties":{"col":56,"row":4,"p":0.001636},"geometry":{"type":"Polygon","coordinates":[[[20.082,49.2445],[20.083375,49.2445],[20.083375,49.2454],[20.082,49.2454],[20.082,49.2445]]]}},{"type":"Feature","properties":{"col":33,"row":21,"p":0.001631},"geometry":{"type":"Polygon","coordinates":[[[20.050375,49.2292],[20.05175,49.2292],[20.05175,49.2301],[20.050375,49.2301],[20.050375,49.2292]]]}},{"type":"Feature","properties":{"col":17,"row":12,"p":0.001598},"geometry":{"type":"Polygon","coordinates":[[[20.028375,49.2373],[20.02975,49.2373],[20.02975,49.2382],[20.028375,49.2382],[20.028375,49.2373]]]}},{"type":"Feature","properties":{"col":6,"row":43,"p":0.001594},"geometry":{"type":"Polygon","coordinates":[[[20.01325,49.2094],[20.014625,49.2094],[20.014625,49.2103],[20.01325,49.2103],[20.01325,49.2094]]]}},{"type":"Feature","properties":{"col":0,"row":45,"p":0.001583},"geometry":{"type":"Polygon","coordinates":[[[20.005,49.2076],[20.006375,49.2076],[20.006375,49.2085],[20.005,49.2085],[20.005,49.2076]]]}},{"type":"Feature","properties":{"col":15,"row":37,"p":0.001559},"geometry":{"type":"Polygon","coordinates":[[[20.025625,49.2148],[20.027,49.2148],[20.027,49.2157],[20.025625,49.2157],[20.025625,49.2148]]]}},{"type":"Feature","properties":{"col":13,"row":0,"p":0.001552},"geometry":{"type":"Polygon","coordinates":[[[20.022875,49.2481],[20.02425,49.2481],[20.02425,49.249],[20.022875,49.249],[20.022875,49.2481]]]}},{"type":"Feature","properties":{"col":58,"row":57,"p":0.001526},"geometry":{"type":"Polygon","coordinates":[[[20.08475,49.1968],[20.086125,49.1968],[20.086125,49.1977],[20.08475,49.1977],[20.08475,49.1968]]]}},{"type":"Feature","properties":{"col":17,"row":41,"p":0.001524},"geometry":{"type":"Polygon","coordinates":[[[20.028375,49.2112],[20.02975,49.2112],[20.02975,49.2121],[20.028375,49.2121],[20.028375,49.2112]]]}},{"type":"Feature","properties":{"col":8,"row":36,"p":0.001514},"geometry":{"type":"Polygon","coordinates":[[[20.016,49.2157],[20.017375,49.2157],[20.017375,49.2166],[20.016,49.2166],[20.016,49.2157]]]}},{"type":"Feature","properties":{"col":21,"row":45,"p":0.001514},"geometry":{"type":"Polygon","coordinates":[[[20.033875,49.2076],[20.03525,49.2076],[20.03525,49.2085],[20.033875,49.2085],[20.033875,49.2076]]]}},{"type":"Feature","properties":{"col":15,"row":43,"p":0.001469},"geometry":{"type":"Polygon","coordinates":[[[20.025625,49.2094],[20.027,49.2094],[20.027,49.2103],[20.025625,49.2103],[20.025625,49.2094]]]}},{"type":"Feature","properties":{"col":33,"row":58,"p":0.001453},"geometry":{"type":"Polygon","coordinates":[[[20.050375,49.1959],[20.05175,49.1959],[20.05175,49.1968],[20.050375,49.1968],[20.050375,49.1959]]]}},{"type":"Feature","properties":{"col":1,"row":47,"p":0.001443},"geometry":{"type":"Polygon","coordinates":[[[20.006375,49.2058],[20.00775,49.2058],[20.00775,49.2067],[20.006375,49.2067],[20.006375,49.2058]]]}},{"type":"Feature","properties":{"col":29,"row":59,"p":0.00144},"geometry":{"type":"Polygon","coordinates":[[[20.044875,49.195],[20.04625,49.195],[20.04625,49.1959],[20.044875,49.1959],[20.044875,49.195]]]}},{"type":"Feature","properties":{"col":8,"row":30,"p":0.001428},"geometry":{"type":"Polygon","coordinates":[[[20.016,49.2211],[20.017375,49.2211],[20.017375,49.222],[20.016,49.222],[20.016,49.2211]]]}},{"type":"Feature","properties":{"col":13,"row":52,"p":0.001417},"geometry":{"type":"Polygon","coordinates":[[[20.022875,49.2013],[20.02425,49.2013],[20.02425,49.2022],[20.022875,49.2022],[20.022875,49.2013]]]}},{"type":"Feature","properties":{"col":16,"row":43,"p":0.001413},"geometry":{"type":"Polygon","coordinates":[[[20.027,49.2094],[20.028375,49.2094],[20.028375,49.2103],[20.027,49.2103],[20.027,49.2094]]]}},{"type":"Feature","properties":{"col":11,"row":46,"p":0.001384},"geometry":{"type":"Polygon","coordinates":[[[20.020125,49.2067],[20.0215,49.2067],[20.0215,49.2076],[20.020125,49.2076],[20.020125,49.2067]]]}},{"type":"Feature","properties":{"col":36,"row":57,"p":0.00135},"geometry":{"type":"Polygon","coordinates":[[[20.0545,49.1968],[20.055875,49.1968],[20.055875,49.1977],[20.0545,49.1977],[20.0545,49.1968]]]}},{"type":"Feature","properties":{"col":39,"row":3,"p":0.001341},"geometry":{"type":"Polygon","coordinates":[[[20.058625,49.2454],[20.06,49.2454],[20.06,49.2463],[20.058625,49.2463],[20.058625,49.2454]]]}},{"type":"Feature","properties":{"col":7,"row":27,"p":0.001329},"geometry":{"type":"Polygon","coordinates":[[[20.014625,49.2238],[20.016,49.2238],[20.016,49.2247],[20.014625,49.2247],[20.014625,49.2238]]]}},{"type":"Feature","properties":{"col":38,"row":3,"p":0.001319},"geometry":{"type":"Polygon","coordinates":[[[20.05725,49.2454],[20.058625,49.2454],[20.058625,49.2463],[20.05725,49.2463],[20.05725,49.2454]]]}},{"type":"Feature","properties":{"col":16,"row":53,"p":0.001311},"geometry":{"type":"Polygon","coordinates":[[[20.027,49.2004],[20.028375,49.2004],[20.028375,49.2013],[20.027,49.2013],[20.027,49.2004]]]}},{"type":"Feature","properties":{"col":18,"row":19,"p":0.001298},"geometry":{"type":"Polygon","coordinates":[[[20.02975,49.231],[20.031125,49.231],[20.031125,49.2319],[20.02975,49.2319],[20.02975,49.231]]]}},{"type":"Feature","properties":{"col":53,"row":6,"p":0.001273},"geometry":{"type":"Polygon","coordinates":[[[20.077875,49.2427],[20.07925,49.2427],[20.07925,49.2436],[20.077875,49.2436],[20.077875,49.2427]]]}},{"type":"Feature","properties":{"col":18,"row":12,"p":0.00127},"geometry":{"type":"Polygon","coordinates":[[[20.02975,49.2373],[20.031125,49.2373],[20.031125,49.2382],[20.02975,49.2382],[20.02975,49.2373]]]}},{"type":"Feature","properties":{"col":15,"row":11,"p":0.001261},"geometry":{"type":"Polygon","coordinates":[[[20.025625,49.2382],[20.027,49.2382],[20.027,49.2391],[20.025625,49.2391],[20.025625,49.2382]]]}},{"type":"Feature","properties":{"col":11,"row":47,"p":0.001257},"geometry":{"type":"Polygon","coordinates":[[[20.020125,49.2058],[20.0215,49.2058],[20.0215,49.2067],[20.020125,49.2067],[20.020125,49.2058]]]}},{"type":"Feature","properties":{"col":11,"row":35,"p":0.001242},"geometry":{"type":"Polygon","coordinates":[[[20.020125,49.2166],[20.0215,49.2166],[20.0215,49.2175],[20.020125,49.2175],[20.020125,49.2166]]]}},{"type":"Feature","properties":{"col":17,"row":17,"p":0.001221},"geometry":{"type":"Polygon","coordinates":[[[20.028375,49.2328],[20.02975,49.2328],[20.02975,49.2337],[20.028375,49.2337],[20.028375,49.2328]]]}},{"type":"Feature","properties":{"col":17,"row":53,"p":0.001213},"geometry":{"type":"Polygon","coordinates":[[[20.028375,49.2004],[20.02975,49.2004],[20.02975,49.2013],[20.028375,49.2013],[20.028375,49.2004]]]}},{"type":"Feature","properties":{"col":42,"row":22,"p":0.001209},"geometry":{"type":"Polygon","coordinates":[[[20.06275,49.2283],[20.064125,49.2283],[20.064125,49.2292],[20.06275,49.2292],[20.06275,49.2283]]]}},{"type":"Feature","properties":{"col":35,"row":12,"p":0.001197},"geometry":{"type":"Polygon","coordinates":[[[20.053125,49.2373],[20.0545,49.2373],[20.0545,49.2382],[20.053125,49.2382],[20.053125,49.2373]]]}},{"type":"Feature","properties":{"col":9,"row":44,"p":0.001188},"geometry":{"type":"Polygon","coordinates":[[[20.017375,49.2085],[20.01875,49.2085],[20.01875,49.2094],[20.017375,49.2094],[20.017375,49.2085]]]}},{"type":"Feature","properties":{"col":9,"row":34,"p":0.001152},"geometry":{"type":"Polygon","coordinates":[[[20.017375,49.2175],[20.01875,49.2175],[20.01875,49.2184],[20.017375,49.2184],[20.017375,49.2175]]]}},{"type":"Feature","properties":{"col":9,"row":27,"p":0.001152},"geometry":{"type":"Polygon","coordinates":[[[20.017375,49.2238],[20.01875,49.2238],[20.01875,49.2247],[20.017375,49.2247],[20.017375,49.2238]]]}},{"type":"Feature","properties":{"col":3,"row":24,"p":0.001143},"geometry":{"type":"Polygon","coordinates":[[[20.009125,49.2265],[20.0105,49.2265],[20.0105,49.2274],[20.009125,49.2274],[20.009125,49.2265]]]}},{"type":"Feature","properties":{"col":16,"row":52,"p":0.001141},"geometry":{"type":"Polygon","coordinates":[[[20.027,49.2013],[20.028375,49.2013],[20.028375,49.2022],[20.027,49.2022],[20.027,49.2013]]]}},{"type":"Feature","properties":{"col":40,"row":38,"p":0.001138},"geometry":{"type":"Polygon","coordinates":[[[20.06,49.2139],[20.061375,49.2139],[20.061375,49.2148],[20.06,49.2148],[20.06,49.2139]]]}},{"type":"Feature","properties":{"col":12,"row":46,"p":0.001132},"geometry":{"type":"Polygon","coordinates":[[[20.0215,49.2067],[20.022875,49.2067],[20.022875,49.2076],[20.0215,49.2076],[20.0215,49.2067]]]}},{"type":"Feature","properties":{"col":22,"row":42,"p":0.001131},"geometry":{"type":"Polygon","coordinates":[[[20.03525,49.2103],[20.036625,49.2103],[20.036625,49.2112],[20.03525,49.2112],[20.03525,49.2103]]]}},{"type":"Feature","properties":{"col":10,"row":47,"p":0.001121},"geometry":{"type":"Polygon","coordinates":[[[20.01875,49.2058],[20.020125,49.2058],[20.020125,49.2067],[20.01875,49.2067],[20.01875,49.2058]]]}},{"type":"Feature","properties":{"col":6,"row":44,"p":0.001117},"geometry":{"type":"Polygon","coordinates":[[[20.01325,49.2085],[20.014625,49.2085],[20.014625,49.2094],[20.01325,49.2094],[20.01325,49.2085]]]}},{"type":"Feature","properties":{"col":27,"row":22,"p":0.001116},"geometry":{"type":"Polygon","coordinates":[[[20.042125,49.2283],[20.0435,49.2283],[20.0435,49.2292],[20.042125,49.2292],[20.042125,49.2283]]]}},{"type":"Feature","properties":{"col":35,"row":38,"p":0.001115},"geometry":{"type":"Polygon","coordinates":[[[20.053125,49.2139],[20.0545,49.2139],[20.0545,49.2148],[20.053125,49.2148],[20.053125,49.2139]]]}},{"type":"Feature","properties":{"col":18,"row":10,"p":0.001114},"geometry":{"type":"Polygon","coordinates":[[[20.02975,49.2391],[20.031125,49.2391],[20.031125,49.24],[20.02975,49.24],[20.02975,49.2391]]]}},{"type":"Feature","properties":{"col":37,"row":56,"p":0.001106},"geometry":{"type":"Polygon","coordinates":[[[20.055875,49.1977],[20.05725,49.1977],[20.05725,49.1986],[20.055875,49.1986],[20.055875,49.1977]]]}},{"type":"Feature","properties":{"col":9,"row":47,"p":0.001086},"geometry":{"type":"Polygon","coordinates":[[[20.017375,49.2058],[20.01875,49.2058],[20.01875,49.2067],[20.017375,49.2067],[20.017375,49.2058]]]}},{"type":"Feature","properties":{"col":28,"row":37,"p":0.001085},"geometry":{"type":"Polygon","coordinates":[[[20.0435,49.2148],[20.044875,49.2148],[20.044875,49.2157],[20.0435,49.2157],[20.0435,49.2148]]]}},{"type":"Feature","properties":{"col":3,"row":46,"p":0.001078},"geometry":{"type":"Polygon","coordinates":[[[20.009125,49.2067],[20.0105,49.2067],[20.0105,49.2076],[20.009125,49.2076],[20.009125,49.2067]]]}},{"type":"Feature","properties":{"col":23,"row":54,"p":0.001078},"geometry":{"type":"Polygon","coordinates":[[[20.036625,49.1995],[20.038,49.1995],[20.038,49.2004],[20.036625,49.2004],[20.036625,49.1995]]]}},{"type":"Feature","properties":{"col":40,"row":3,"p":0.001075},"geometry":{"type":"Polygon","coordinates":[[[20.06,49.2454],[20.061375,49.2454],[20.061375,49.2463],[20.06,49.2463],[20.06,49.2454]]]}},{"type":"Feature","properties":{"col":0,"row":1,"p":0.001068},"geometry":{"type":"Polygon","coordinates":[[[20.005,49.2472],[20.006375,49.2472],[20.006375,49.2481],[20.005,49.2481],[20.005,49.2472]]]}},{"type":"Feature","properties":{"col":31,"row":20,"p":0.001062},"geometry":{"type":"Polygon","coordinates":[[[20.047625,49.2301],[20.049,49.2301],[20.049,49.231],[20.047625,49.231],[20.047625,49.2301]]]}},{"type":"Feature","properties":{"col":58,"row":59,"p":0.00106},"geometry":{"type":"Polygon","coordinates":[[[20.08475,49.195],[20.086125,49.195],[20.086125,49.1959],[20.08475,49.1959],[20.08475,49.195]]]}},{"type":"Feature","properties":{"col":56,"row":2,"p":0.001055},"geometry":{"type":"Polygon","coordinates":[[[20.082,49.2463],[20.083375,49.2463],[20.083375,49.2472],[20.082,49.2472],[20.082,49.2463]]]}},{"type":"Feature","properties":{"col":46,"row":14,"p":0.00102},"geometry":{"type":"Polygon","coordinates":[[[20.06825,49.2355],[20.069625,49.2355],[20.069625,49.2364],[20.06825,49.2364],[20.06825,49.2355]]]}},{"type":"Feature","properties":{"col":1,"row":2,"p":0.000996},"geometry":{"type":"Polygon","coordinates":[[[20.006375,49.2463],[20.00775,49.2463],[20.00775,49.2472],[20.006375,49.2472],[20.006375,49.2463]]]}},{"type":"Feature","properties":{"col":3,"row":17,"p":0.000984},"geometry":{"type":"Polygon","coordinates":[[[20.009125,49.2328],[20.0105,49.2328],[20.0105,49.2337],[20.009125,49.2337],[20.009125,49.2328]]]}},{"type":"Feature","properties":{"col":3,"row":18,"p":0.000972},"geometry":{"type":"Polygon","coordinates":[[[20.009125,49.2319],[20.0105,49.2319],[20.0105,49.2328],[20.009125,49.2328],[20.009125,49.2319]]]}},{"type":"Feature","properties":{"col":11,"row":4,"p":0.000963},"geometry":{"type":"Polygon","coordinates":[[[20.020125,49.2445],[20.0215,49.2445],[20.0215,49.2454],[20.020125,49.2454],[20.020125,49.2445]]]}},{"type":"Feature","properties":{"col":7,"row":34,"p":0.000952},"geometry":{"type":"Polygon","coordinates":[[[20.014625,49.2175],[20.016,49.2175],[20.016,49.2184],[20.014625,49.2184],[20.014625,49.2175]]]}},{"type":"Feature","properties":{"col":16,"row":41,"p":0.000946},"geometry":{"type":"Polygon","coordinates":[[[20.027,49.2112],[20.028375,49.2112],[20.028375,49.2121],[20.027,49.2121],[20.027,49.2112]]]}},{"type":"Feature","properties":{"col":8,"row":29,"p":0.000935},"geometry":{"type":"Polygon","coordinates":[[[20.016,49.222],[20.017375,49.222],[20.017375,49.2229],[20.016,49.2229],[20.016,49.222]]]}},{"type":"Feature","properties":{"col":53,"row":7,"p":0.000932},"geometry":{"type":"Polygon","coordinates":[[[20.077875,49.2418],[20.07925,49.2418],[20.07925,49.2427],[20.077875,49.2427],[20.077875,49.2418]]]}},{"type":"Feature","properties":{"col":19,"row":41,"p":0.000921},"geometry":{"type":"Polygon","coordinates":[[[20.031125,49.2112],[20.0325,49.2112],[20.0325,49.2121],[20.031125,49.2121],[20.031125,49.2112]]]}},{"type":"Feature","properties":{"col":59,"row":26,"p":0.000898},"geometry":{"type":"Polygon","coordinates":[[[20.086125,49.2247],[20.0875,49.2247],[20.0875,49.2256],[20.086125,49.2256],[20.086125,49.2247]]]}},{"type":"Feature","properties":{"col":5,"row":30,"p":0.000875},"geometry":{"type":"Polygon","coordinates":[[[20.011875,49.2211],[20.01325,49.2211],[20.01325,49.222],[20.011875,49.222],[20.011875,49.2211]]]}},{"type":"Feature","properties":{"col":35,"row":59,"p":0.000864},"geometry":{"type":"Polygon","coordinates":[[[20.053125,49.195],[20.0545,49.195],[20.0545,49.1959],[20.053125,49.1959],[20.053125,49.195]]]}},{"type":"Feature","properties":{"col":18,"row":9,"p":0.000857},"geometry":{"type":"Polygon","coordinates":[[[20.02975,49.24],[20.031125,49.24],[20.031125,49.2409],[20.02975,49.2409],[20.02975,49.24]]]}},{"type":"Feature","properties":{"col":10,"row":29,"p":0.000855},"geometry":{"type":"Polygon","coordinates":[[[20.01875,49.222],[20.020125,49.222],[20.020125,49.2229],[20.01875,49.2229],[20.01875,49.222]]]}},{"type":"Feature","properties":{"col":12,"row":47,"p":0.000848},"geometry":{"type":"Polygon","coordinates":[[[20.0215,49.2058],[20.022875,49.2058],[20.022875,49.2067],[20.0215,49.2067],[20.0215,49.2058]]]}},{"type":"Feature","properties":{"col":0,"row":47,"p":0.000848},"geometry":{"type":"Polygon","coordinates":[[[20.005,49.2058],[20.006375,49.2058],[20.006375,49.2067],[20.005,49.2067],[20.005,49.2058]]]}},{"type":"Feature","properties":{"col":32,"row":9,"p":0.000841},"geometry":{"type":"Polygon","coordinates":[[[20.049,49.24],[20.050375,49.24],[20.050375,49.2409],[20.049,49.2409],[20.049,49.24]]]}},{"type":"Feature","properties":{"col":12,"row":29,"p":0.000841},"geometry":{"type":"Polygon","coordinates":[[[20.0215,49.222],[20.022875,49.222],[20.022875,49.2229],[20.0215,49.2229],[20.0215,49.222]]]}},{"type":"Feature","properties":{"col":3,"row":16,"p":0.000841},"geometry":{"type":"Polygon","coordinates":[[[20.009125,49.2337],[20.0105,49.2337],[20.0105,49.2346],[20.009125,49.2346],[20.009125,49.2337]]]}},{"type":"Feature","properties":{"col":43,"row":16,"p":0.000822},"geometry":{"type":"Polygon","coordinates":[[[20.064125,49.2337],[20.0655,49.2337],[20.0655,49.2346],[20.064125,49.2346],[20.064125,49.2337]]]}},{"type":"Feature","properties":{"col":20,"row":41,"p":0.000815},"geometry":{"type":"Polygon","coordinates":[[[20.0325,49.2112],[20.033875,49.2112],[20.033875,49.2121],[20.0325,49.2121],[20.0325,49.2112]]]}},{"type":"Feature","properties":{"col":57,"row":0,"p":0.000809},"geometry":{"type":"Polygon","coordinates":[[[20.083375,49.2481],[20.08475,49.2481],[20.08475,49.249],[20.083375,49.249],[20.083375,49.2481]]]}},{"type":"Feature","properties":{"col":1,"row":37,"p":0.000799},"geometry":{"type":"Polygon","coordinates":[[[20.006375,49.2148],[20.00775,49.2148],[20.00775,49.2157],[20.006375,49.2157],[20.006375,49.2148]]]}},{"type":"Feature","properties":{"col":34,"row":14,"p":0.000791},"geometry":{"type":"Polygon","coordinates":[[[20.05175,49.2355],[20.053125,49.2355],[20.053125,49.2364],[20.05175,49.2364],[20.05175,49.2355]]]}},{"type":"Feature","properties":{"col":5,"row":29,"p":0.000788},"geometry":{"type":"Polygon","coordinates":[[[20.011875,49.222],[20.01325,49.222],[20.01325,49.2229],[20.011875,49.2229],[20.011875,49.222]]]}},{"type":"Feature","properties":{"col":16,"row":11,"p":0.000784},"geometry":{"type":"Polygon","coordinates":[[[20.027,49.2382],[20.028375,49.2382],[20.028375,49.2391],[20.027,49.2391],[20.027,49.2382]]]}},{"type":"Feature","properties":{"col":50,"row":8,"p":0.000777},"geometry":{"type":"Polygon","coordinates":[[[20.07375,49.2409],[20.075125,49.2409],[20.075125,49.2418],[20.07375,49.2418],[20.07375,49.2409]]]}},{"type":"Feature","properties":{"col":38,"row":24,"p":0.000774},"geometry":{"type":"Polygon","coordinates":[[[20.05725,49.2265],[20.058625,49.2265],[20.058625,49.2274],[20.05725,49.2274],[20.05725,49.2265]]]}},{"type":"Feature","properties":{"col":1,"row":45,"p":0.000774},"geometry":{"type":"Polygon","coordinates":[[[20.006375,49.2076],[20.00775,49.2076],[20.00775,49.2085],[20.006375,49.2085],[20.006375,49.2076]]]}},{"type":"Feature","properties":{"col":10,"row":40,"p":0.00077},"geometry":{"type":"Polygon","coordinates":[[[20.01875,49.2121],[20.020125,49.2121],[20.020125,49.213],[20.01875,49.213],[20.01875,49.2121]]]}},{"type":"Feature","properties":{"col":19,"row":45,"p":0.000761},"geometry":{"type":"Polygon","coordinates":[[[20.031125,49.2076],[20.0325,49.2076],[20.0325,49.2085],[20.031125,49.2085],[20.031125,49.2076]]]}},{"type":"Feature","properties":{"col":1,"row":17,"p":0.00076},"geometry":{"type":"Polygon","coordinates":[[[20.006375,49.2328],[20.00775,49.2328],[20.00775,49.2337],[20.006375,49.2337],[20.006375,49.2328]]]}},{"type":"Feature","properties":{"col":17,"row":38,"p":0.00076},"geometry":{"type":"Polygon","coordinates":[[[20.028375,49.2139],[20.02975,49.2139],[20.02975,49.2148],[20.028375,49.2148],[20.028375,49.2139]]]}},{"type":"Feature","properties":{"col":37,"row":24,"p":0.000757},"geometry":{"type":"Polygon","coordinates":[[[20.055875,49.2265],[20.05725,49.2265],[20.05725,49.2274],[20.055875,49.2274],[20.055875,49.2265]]]}},{"type":"Feature","properties":{"col":4,"row":38,"p":0.000755},"geometry":{"type":"Polygon","coordinates":[[[20.0105,49.2139],[20.011875,49.2139],[20.011875,49.2148],[20.0105,49.2148],[20.0105,49.2139]]]}},{"type":"Feature","properties":{"col":41,"row":19,"p":0.000754},"geometry":{"type":"Polygon","coordinates":[[[20.061375,49.231],[20.06275,49.231],[20.06275,49.2319],[20.061375,49.2319],[20.061375,49.231]]]}},{"type":"Feature","properties":{"col":34,"row":59,"p":0.000754},"geometry":{"type":"Polygon","coordinates":[[[20.05175,49.195],[20.053125,49.195],[20.053125,49.1959],[20.05175,49.1959],[20.05175,49.195]]]}},{"type":"Feature","properties":{"col":47,"row":40,"p":0.000753},"geometry":{"type":"Polygon","coordinates":[[[20.069625,49.2121],[20.071,49.2121],[20.071,49.213],[20.069625,49.213],[20.069625,49.2121]]]}},{"type":"Feature","properties":{"col":48,"row":10,"p":0.000752},"geometry":{"type":"Polygon","coordinates":[[[20.071,49.2391],[20.072375,49.2391],[20.072375,49.24],[20.071,49.24],[20.071,49.2391]]]}},{"type":"Feature","properties":{"col":41,"row":36,"p":0.000751},"geometry":{"type":"Polygon","coordinates":[[[20.061375,49.2157],[20.06275,49.2157],[20.06275,49.2166],[20.061375,49.2166],[20.061375,49.2157]]]}},{"type":"Feature","properties":{"col":14,"row":43,"p":0.000743},"geometry":{"type":"Polygon","coordinates":[[[20.02425,49.2094],[20.025625,49.2094],[20.025625,49.2103],[20.02425,49.2103],[20.02425,49.2094]]]}},{"type":"Feature","properties":{"col":49,"row":34,"p":0.000741},"geometry":{"type":"Polygon","coordinates":[[[20.072375,49.2175],[20.07375,49.2175],[20.07375,49.2184],[20.072375,49.2184],[20.072375,49.2175]]]}},{"type":"Feature","properties":{"col":36,"row":56,"p":0.000733},"geometry":{"type":"Polygon","coordinates":[[[20.0545,49.1977],[20.055875,49.1977],[20.055875,49.1986],[20.0545,49.1986],[20.0545,49.1977]]]}},{"type":"Feature","properties":{"col":40,"row":36,"p":0.000728},"geometry":{"type":"Polygon","coordinates":[[[20.06,49.2157],[20.061375,49.2157],[20.061375,49.2166],[20.06,49.2166],[20.06,49.2157]]]}},{"type":"Feature","properties":{"col":12,"row":26,"p":0.000723},"geometry":{"type":"Polygon","coordinates":[[[20.0215,49.2247],[20.022875,49.2247],[20.022875,49.2256],[20.0215,49.2256],[20.0215,49.2247]]]}},{"type":"Feature","properties":{"col":10,"row":48,"p":0.000717},"geometry":{"type":"Polygon","coordinates":[[[20.01875,49.2049],[20.020125,49.2049],[20.020125,49.2058],[20.01875,49.2058],[20.01875,49.2049]]]}},{"type":"Feature","properties":{"col":2,"row":11,"p":0.000717},"geometry":{"type":"Polygon","coordinates":[[[20.00775,49.2382],[20.009125,49.2382],[20.009125,49.2391],[20.00775,49.2391],[20.00775,49.2382]]]}},{"type":"Feature","properties":{"col":12,"row":59,"p":0.000715},"geometry":{"type":"Polygon","coordinates":[[[20.0215,49.195],[20.022875,49.195],[20.022875,49.1959],[20.0215,49.1959],[20.0215,49.195]]]}},{"type":"Feature","properties":{"col":4,"row":18,"p":0.000714},"geometry":{"type":"Polygon","coordinates":[[[20.0105,49.2319],[20.011875,49.2319],[20.011875,49.2328],[20.0105,49.2328],[20.0105,49.2319]]]}},{"type":"Feature","properties":{"col":2,"row":44,"p":0.000703},"geometry":{"type":"Polygon","coordinates":[[[20.00775,49.2085],[20.009125,49.2085],[20.009125,49.2094],[20.00775,49.2094],[20.00775,49.2085]]]}},{"type":"Feature","properties":{"col":7,"row":16,"p":0.000697},"geometry":{"type":"Polygon","coordinates":[[[20.014625,49.2337],[20.016,49.2337],[20.016,49.2346],[20.014625,49.2346],[20.014625,49.2337]]]}},{"type":"Feature","properties":{"col":48,"row":34,"p":0.000694},"geometry":{"type":"Polygon","coordinates":[[[20.071,49.2175],[20.072375,49.2175],[20.072375,49.2184],[20.071,49.2184],[20.071,49.2175]]]}},{"type":"Feature","properties":{"col":27,"row":46,"p":0.00069},"geometry":{"type":"Polygon","coordinates":[[[20.042125,49.2067],[20.0435,49.2067],[20.0435,49.2076],[20.042125,49.2076],[20.042125,49.2067]]]}},{"type":"Feature","properties":{"col":58,"row":8,"p":0.000684},"geometry":{"type":"Polygon","coordinates":[[[20.08475,49.2409],[20.086125,49.2409],[20.086125,49.2418],[20.08475,49.2418],[20.08475,49.2409]]]}},{"type":"Feature","properties":{"col":44,"row":24,"p":0.000684},"geometry":{"type":"Polygon","coordinates":[[[20.0655,49.2265],[20.066875,49.2265],[20.066875,49.2274],[20.0655,49.2274],[20.0655,49.2265]]]}},{"type":"Feature","properties":{"col":25,"row":2,"p":0.000673},"geometry":{"type":"Polygon","coordinates":[[[20.039375,49.2463],[20.04075,49.2463],[20.04075,49.2472],[20.039375,49.2472],[20.039375,49.2463]]]}},{"type":"Feature","properties":{"col":15,"row":36,"p":0.000672},"geometry":{"type":"Polygon","coordinates":[[[20.025625,49.2157],[20.027,49.2157],[20.027,49.2166],[20.025625,49.2166],[20.025625,49.2157]]]}},{"type":"Feature","properties":{"col":34,"row":17,"p":0.00067},"geometry":{"type":"Polygon","coordinates":[[[20.05175,49.2328],[20.053125,49.2328],[20.053125,49.2337],[20.05175,49.2337],[20.05175,49.2328]]]}},{"type":"Feature","properties":{"col":51,"row":26,"p":0.000667},"geometry":{"type":"Polygon","coordinates":[[[20.075125,49.2247],[20.0765,49.2247],[20.0765,49.2256],[20.075125,49.2256],[20.075125,49.2247]]]}},{"type":"Feature","properties":{"col":54,"row":35,"p":0.000662},"geometry":{"type":"Polygon","coordinates":[[[20.07925,49.2166],[20.080625,49.2166],[20.080625,49.2175],[20.07925,49.2175],[20.07925,49.2166]]]}},{"type":"Feature","properties":{"col":4,"row":19,"p":0.00066},"geometry":{"type":"Polygon","coordinates":[[[20.0105,49.231],[20.011875,49.231],[20.011875,49.2319],[20.0105,49.2319],[20.0105,49.231]]]}},{"type":"Feature","properties":{"col":35,"row":17,"p":0.000658},"geometry":{"type":"Polygon","coordinates":[[[20.053125,49.2328],[20.0545,49.2328],[20.0545,49.2337],[20.053125,49.2337],[20.053125,49.2328]]]}},{"type":"Feature","properties":{"col":4,"row":0,"p":0.000657},"geometry":{"type":"Polygon","coordinates":[[[20.0105,49.2481],[20.011875,49.2481],[20.011875,49.249],[20.0105,49.249],[20.0105,49.2481]]]}},{"type":"Feature","properties":{"col":10,"row":27,"p":0.000648},"geometry":{"type":"Polygon","coordinates":[[[20.01875,49.2238],[20.020125,49.2238],[20.020125,49.2247],[20.01875,49.2247],[20.01875,49.2238]]]}},{"type":"Feature","properties":{"col":40,"row":4,"p":0.000642},"geometry":{"type":"Polygon","coordinates":[[[20.06,49.2445],[20.061375,49.2445],[20.061375,49.2454],[20.06,49.2454],[20.06,49.2445]]]}},{"type":"Feature","properties":{"col":24,"row":26,"p":0.000635},"geometry":{"type":"Polygon","coordinates":[[[20.038,49.2247],[20.039375,49.2247],[20.039375,49.2256],[20.038,49.2256],[20.038,49.2247]]]}},{"type":"Feature","properties":{"col":18,"row":41,"p":0.000634},"geometry":{"type":"Polygon","coordinates":[[[20.02975,49.2112],[20.031125,49.2112],[20.031125,49.2121],[20.02975,49.2121],[20.02975,49.2112]]]}},{"type":"Feature","properties":{"col":5,"row":37,"p":0.000631},"geometry":{"type":"Polygon","coordinates":[[[20.011875,49.2148],[20.01325,49.2148],[20.01325,49.2157],[20.011875,49.2157],[20.011875,49.2148]]]}},{"type":"Feature","properties":{"col":3,"row":15,"p":0.00063},"geometry":{"type":"Polygon","coordinates":[[[20.009125,49.2346],[20.0105,49.2346],[20.0105,49.2355],[20.009125,49.2355],[20.009125,49.2346]]]}},{"type":"Feature","properties":{"col":40,"row":1,"p":0.000629},"geometry":{"type":"Polygon","coordinates":[[[20.06,49.2472],[20.061375,49.2472],[20.061375,49.2481],[20.06,49.2481],[20.06,49.2472]]]}},{"type":"Feature","properties":{"col":41,"row":0,"p":0.000628},"geometry":{"type":"Polygon","coordinates":[[[20.061375,49.2481],[20.06275,49.2481],[20.06275,49.249],[20.061375,49.249],[20.061375,49.2481]]]}},{"type":"Feature","properties":{"col":54,"row":29,"p":0.000627},"geometry":{"type":"Polygon","coordinates":[[[20.07925,49.222],[20.080625,49.222],[20.080625,49.2229],[20.07925,49.2229],[20.07925,49.222]]]}},{"type":"Feature","properties":{"col":38,"row":11,"p":0.000623},"geometry":{"type":"Polygon","coordinates":[[[20.05725,49.2382],[20.058625,49.2382],[20.058625,49.2391],[20.05725,49.2391],[20.05725,49.2382]]]}},{"type":"Feature","properties":{"col":25,"row":3,"p":0.000615},"geometry":{"type":"Polygon","coordinates":[[[20.039375,49.2454],[20.04075,49.2454],[20.04075,49.2463],[20.039375,49.2463],[20.039375,49.2454]]]}},{"type":"Feature","properties":{"col":9,"row":43,"p":0.000609},"geometry":{"type":"Polygon","coordinates":[[[20.017375,49.2094],[20.01875,49.2094],[20.01875,49.2103],[20.017375,49.2103],[20.017375,49.2094]]]}},{"type":"Feature","properties":{"col":11,"row":33,"p":0.000605},"geometry":{"type":"Polygon","coordinates":[[[20.020125,49.2184],[20.0215,49.2184],[20.0215,49.2193],[20.020125,49.2193],[20.020125,49.2184]]]}},{"type":"Feature","properties":{"col":34,"row":51,"p":0.000603},"geometry":{"type":"Polygon","coordinates":[[[20.05175,49.2022],[20.053125,49.2022],[20.053125,49.2031],[20.05175,49.2031],[20.05175,49.2022]]]}},{"type":"Feature","properties":{"col":28,"row":22,"p":0.000597},"geometry":{"type":"Polygon","coordinates":[[[20.0435,49.2283],[20.044875,49.2283],[20.044875,49.2292],[20.0435,49.2292],[20.0435,49.2283]]]}},{"type":"Feature","properties":{"col":20,"row":3,"p":0.00059},"geometry":{"type":"Polygon","coordinates":[[[20.0325,49.2454],[20.033875,49.2454],[20.033875,49.2463],[20.0325,49.2463],[20.0325,49.2454]]]}},{"type":"Feature","properties":{"col":38,"row":12,"p":0.000589},"geometry":{"type":"Polygon","coordinates":[[[20.05725,49.2373],[20.058625,49.2373],[20.058625,49.2382],[20.05725,49.2382],[20.05725,49.2373]]]}},{"type":"Feature","properties":{"col":5,"row":31,"p":0.000589},"geometry":{"type":"Polygon","coordinates":[[[20.011875,49.2202],[20.01325,49.2202],[20.01325,49.2211],[20.011875,49.2211],[20.011875,49.2202]]]}},{"type":"Feature","properties":{"col":0,"row":46,"p":0.000588},"geometry":{"type":"Polygon","coordinates":[[[20.005,49.2067],[20.006375,49.2067],[20.006375,49.2076],[20.005,49.2076],[20.005,49.2067]]]}},{"type":"Feature","properties":{"col":16,"row":54,"p":0.000587},"geometry":{"type":"Polygon","coordinates":[[[20.027,49.1995],[20.028375,49.1995],[20.028375,49.2004],[20.027,49.2004],[20.027,49.1995]]]}},{"type":"Feature","properties":{"col":2,"row":47,"p":0.000583},"geometry":{"type":"Polygon","coordinates":[[[20.00775,49.2058],[20.009125,49.2058],[20.009125,49.2067],[20.00775,49.2067],[20.00775,49.2058]]]}},{"type":"Feature","properties":{"col":50,"row":34,"p":0.000582},"geometry":{"type":"Polygon","coordinates":[[[20.07375,49.2175],[20.075125,49.2175],[20.075125,49.2184],[20.07375,49.2184],[20.07375,49.2175]]]}},{"type":"Feature","properties":{"col":2,"row":32,"p":0.000578},"geometry":{"type":"Polygon","coordinates":[[[20.00775,49.2193],[20.009125,49.2193],[20.009125,49.2202],[20.00775,49.2202],[20.00775,49.2193]]]}},{"type":"Feature","properties":{"col":1,"row":5,"p":0.000578},"geometry":{"type":"Polygon","coordinates":[[[20.006375,49.2436],[20.00775,49.2436],[20.00775,49.2445],[20.006375,49.2445],[20.006375,49.2436]]]}},{"type":"Feature","properties":{"col":24,"row":51,"p":0.000576},"geometry":{"type":"Polygon","coordinates":[[[20.038,49.2022],[20.039375,49.2022],[20.039375,49.2031],[20.038,49.2031],[20.038,49.2022]]]}},{"type":"Feature","properties":{"col":41,"row":1,"p":0.000574},"geometry":{"type":"Polygon","coordinates":[[[20.061375,49.2472],[20.06275,49.2472],[20.06275,49.2481],[20.061375,49.2481],[20.061375,49.2472]]]}},{"type":"Feature","properties":{"col":32,"row":59,"p":0.000574},"geometry":{"type":"Polygon","coordinates":[[[20.049,49.195],[20.050375,49.195],[20.050375,49.1959],[20.049,49.1959],[20.049,49.195]]]}},{"type":"Feature","properties":{"col":20,"row":51,"p":0.000573},"geometry":{"type":"Polygon","coordinates":[[[20.0325,49.2022],[20.033875,49.2022],[20.033875,49.2031],[20.0325,49.2031],[20.0325,49.2022]]]}},{"type":"Feature","properties":{"col":21,"row":23,"p":0.00057},"geometry":{"type":"Polygon","coordinates":[[[20.033875,49.2274],[20.03525,49.2274],[20.03525,49.2283],[20.033875,49.2283],[20.033875,49.2274]]]}},{"type":"Feature","properties":{"col":22,"row":52,"p":0.00057},"geometry":{"type":"Polygon","coordinates":[[[20.03525,49.2013],[20.036625,49.2013],[20.036625,49.2022],[20.03525,49.2022],[20.03525,49.2013]]]}},{"type":"Feature","properties":{"col":7,"row":38,"p":0.00057},"geometry":{"type":"Polygon","coordinates":[[[20.014625,49.2139],[20.016,49.2139],[20.016,49.2148],[20.014625,49.2148],[20.014625,49.2139]]]}},{"type":"Feature","properties":{"col":21,"row":22,"p":0.000569},"geometry":{"type":"Polygon","coordinates":[[[20.033875,49.2283],[20.03525,49.2283],[20.03525,49.2292],[20.033875,49.2292],[20.033875,49.2283]]]}},{"type":"Feature","properties":{"col":58,"row":22,"p":0.000569},"geometry":{"type":"Polygon","coordinates":[[[20.08475,49.2283],[20.086125,49.2283],[20.086125,49.2292],[20.08475,49.2292],[20.08475,49.2283]]]}},{"type":"Feature","properties":{"col":22,"row":15,"p":0.000567},"geometry":{"type":"Polygon","coordinates":[[[20.03525,49.2346],[20.036625,49.2346],[20.036625,49.2355],[20.03525,49.2355],[20.03525,49.2346]]]}},{"type":"Feature","properties":{"col":25,"row":55,"p":0.000564},"geometry":{"type":"Polygon","coordinates":[[[20.039375,49.1986],[20.04075,49.1986],[20.04075,49.1995],[20.039375,49.1995],[20.039375,49.1986]]]}},{"type":"Feature","properties":{"col":55,"row":4,"p":0.000563},"geometry":{"type":"Polygon","coordinates":[[[20.080625,49.2445],[20.082,49.2445],[20.082,49.2454],[20.080625,49.2454],[20.080625,49.2445]]]}},{"type":"Feature","properties":{"col":31,"row":23,"p":0.000558},"geometry":{"type":"Polygon","coordinates":[[[20.047625,49.2274],[20.049,49.2274],[20.049,49.2283],[20.047625,49.2283],[20.047625,49.2274]]]}},{"type":"Feature","properties":{"col":41,"row":20,"p":0.000545},"geometry":{"type":"Polygon","coordinates":[[[20.061375,49.2301],[20.06275,49.2301],[20.06275,49.231],[20.061375,49.231],[20.061375,49.2301]]]}},{"type":"Feature","properties":{"col":4,"row":20,"p":0.000539},"geometry":{"type":"Polygon","coordinates":[[[20.0105,49.2301],[20.011875,49.2301],[20.011875,49.231],[20.0105,49.231],[20.0105,49.2301]]]}},{"type":"Feature","properties":{"col":56,"row":27,"p":0.000535},"geometry":{"type":"Polygon","coordinates":[[[20.082,49.2238],[20.083375,49.2238],[20.083375,49.2247],[20.082,49.2247],[20.082,49.2238]]]}},{"type":"Feature","properties":{"col":11,"row":59,"p":0.000534},"geometry":{"type":"Polygon","coordinates":[[[20.020125,49.195],[20.0215,49.195],[20.0215,49.1959],[20.020125,49.1959],[20.020125,49.195]]]}},{"type":"Feature","properties":{"col":39,"row":4,"p":0.000529},"geometry":{"type":"Polygon","coordinates":[[[20.058625,49.2445],[20.06,49.2445],[20.06,49.2454],[20.058625,49.2454],[20.058625,49.2445]]]}},{"type":"Feature","properties":{"col":2,"row":5,"p":0.000528},"geometry":{"type":"Polygon","coordinates":[[[20.00775,49.2436],[20.009125,49.2436],[20.009125,49.2445],[20.00775,49.2445],[20.00775,49.2436]]]}},{"type":"Feature","properties":{"col":42,"row":0,"p":0.000527},"geometry":{"type":"Polygon","coordinates":[[[20.06275,49.2481],[20.064125,49.2481],[20.064125,49.249],[20.06275,49.249],[20.06275,49.2481]]]}},{"type":"Feature","properties":{"col":16,"row":12,"p":0.000523},"geometry":{"type":"Polygon","coordinates":[[[20.027,49.2373],[20.028375,49.2373],[20.028375,49.2382],[20.027,49.2382],[20.027,49.2373]]]}},{"type":"Feature","properties":{"col":19,"row":7,"p":0.000522},"geometry":{"type":"Polygon","coordinates":[[[20.031125,49.2418],[20.0325,49.2418],[20.0325,49.2427],[20.031125,49.2427],[20.031125,49.2418]]]}},{"type":"Feature","properties":{"col":20,"row":0,"p":0.000522},"geometry":{"type":"Polygon","coordinates":[[[20.0325,49.2481],[20.033875,49.2481],[20.033875,49.249],[20.0325,49.249],[20.0325,49.2481]]]}},{"type":"Feature","properties":{"col":18,"row":20,"p":0.000519},"geometry":{"type":"Polygon","coordinates":[[[20.02975,49.2301],[20.031125,49.2301],[20.031125,49.231],[20.02975,49.231],[20.02975,49.2301]]]}},{"type":"Feature","properties":{"col":11,"row":23,"p":0.000517},"geometry":{"type":"Polygon","coordinates":[[[20.020125,49.2274],[20.0215,49.2274],[20.0215,49.2283],[20.020125,49.2283],[20.020125,49.2274]]]}},{"type":"Feature","properties":{"col":10,"row":23,"p":0.000515},"geometry":{"type":"Polygon","coordinates":[[[20.01875,49.2274],[20.020125,49.2274],[20.020125,49.2283],[20.01875,49.2283],[20.01875,49.2274]]]}},{"type":"Feature","properties":{"col":4,"row":24,"p":0.000515},"geometry":{"type":"Polygon","coordinates":[[[20.0105,49.2265],[20.011875,49.2265],[20.011875,49.2274],[20.0105,49.2274],[20.0105,49.2265]]]}},{"type":"Feature","properties":{"col":21,"row":44,"p":0.000513},"geometry":{"type":"Polygon","coordinates":[[[20.033875,49.2085],[20.03525,49.2085],[20.03525,49.2094],[20.033875,49.2094],[20.033875,49.2085]]]}},{"type":"Feature","properties":{"col":11,"row":39,"p":0.000507},"geometry":{"type":"Polygon","coordinates":[[[20.020125,49.213],[20.0215,49.213],[20.0215,49.2139],[20.020125,49.2139],[20.020125,49.213]]]}},{"type":"Feature","properties":{"col":55,"row":7,"p":0.000507},"geometry":{"type":"Polygon","coordinates":[[[20.080625,49.2418],[20.082,49.2418],[20.082,49.2427],[20.080625,49.2427],[20.080625,49.2418]]]}},{"type":"Feature","properties":{"col":24,"row":3,"p":0.000506},"geometry":{"type":"Polygon","coordinates":[[[20.038,49.2454],[20.039375,49.2454],[20.039375,49.2463],[20.038,49.2463],[20.038,49.2454]]]}},{"type":"Feature","properties":{"col":47,"row":10,"p":0.000506},"geometry":{"type":"Polygon","coordinates":[[[20.069625,49.2391],[20.071,49.2391],[20.071,49.24],[20.069625,49.24],[20.069625,49.2391]]]}},{"type":"Feature","properties":{"col":0,"row":18,"p":0.000503},"geometry":{"type":"Polygon","coordinates":[[[20.005,49.2319],[20.006375,49.2319],[20.006375,49.2328],[20.005,49.2328],[20.005,49.2319]]]}},{"type":"Feature","properties":{"col":14,"row":36,"p":0.000498},"geometry":{"type":"Polygon","coordinates":[[[20.02425,49.2157],[20.025625,49.2157],[20.025625,49.2166],[20.02425,49.2166],[20.02425,49.2157]]]}},{"type":"Feature","properties":{"col":16,"row":38,"p":0.000495},"geometry":{"type":"Polygon","coordinates":[[[20.027,49.2139],[20.028375,49.2139],[20.028375,49.2148],[20.027,49.2148],[20.027,49.2139]]]}},{"type":"Feature","properties":{"col":7,"row":37,"p":0.000489},"geometry":{"type":"Polygon","coordinates":[[[20.014625,49.2148],[20.016,49.2148],[20.016,49.2157],[20.014625,49.2157],[20.014625,49.2148]]]}},{"type":"Feature","properties":{"col":4,"row":25,"p":0.000484},"geometry":{"type":"Polygon","coordinates":[[[20.0105,49.2256],[20.011875,49.2256],[20.011875,49.2265],[20.0105,49.2265],[20.0105,49.2256]]]}},{"type":"Feature","properties":{"col":52,"row":6,"p":0.000483},"geometry":{"type":"Polygon","coordinates":[[[20.0765,49.2427],[20.077875,49.2427],[20.077875,49.2436],[20.0765,49.2436],[20.0765,49.2427]]]}},{"type":"Feature","properties":{"col":55,"row":34,"p":0.000479},"geometry":{"type":"Polygon","coordinates":[[[20.080625,49.2175],[20.082,49.2175],[20.082,49.2184],[20.080625,49.2184],[20.080625,49.2175]]]}},{"type":"Feature","properties":{"col":20,"row":2,"p":0.000478},"geometry":{"type":"Polygon","coordinates":[[[20.0325,49.2463],[20.033875,49.2463],[20.033875,49.2472],[20.0325,49.2472],[20.0325,49.2463]]]}},{"type":"Feature","properties":{"col":1,"row":26,"p":0.000478},"geometry":{"type":"Polygon","coordinates":[[[20.006375,49.2247],[20.00775,49.2247],[20.00775,49.2256],[20.006375,49.2256],[20.006375,49.2247]]]}},{"type":"Feature","properties":{"col":1,"row":6,"p":0.000475},"geometry":{"type":"Polygon","coordinates":[[[20.006375,49.2427],[20.00775,49.2427],[20.00775,49.2436],[20.006375,49.2436],[20.006375,49.2427]]]}},{"type":"Feature","properties":{"col":12,"row":30,"p":0.000471},"geometry":{"type":"Polygon","coordinates":[[[20.0215,49.2211],[20.022875,49.2211],[20.022875,49.222],[20.0215,49.222],[20.0215,49.2211]]]}},{"type":"Feature","properties":{"col":31,"row":28,"p":0.00047},"geometry":{"type":"Polygon","coordinates":[[[20.047625,49.2229],[20.049,49.2229],[20.049,49.2238],[20.047625,49.2238],[20.047625,49.2229]]]}},{"type":"Feature","properties":{"col":21,"row":52,"p":0.000469},"geometry":{"type":"Polygon","coordinates":[[[20.033875,49.2013],[20.03525,49.2013],[20.03525,49.2022],[20.033875,49.2022],[20.033875,49.2013]]]}},{"type":"Feature","properties":{"col":9,"row":48,"p":0.000465},"geometry":{"type":"Polygon","coordinates":[[[20.017375,49.2049],[20.01875,49.2049],[20.01875,49.2058],[20.017375,49.2058],[20.017375,49.2049]]]}},{"type":"Feature","properties":{"col":24,"row":40,"p":0.000464},"geometry":{"type":"Polygon","coordinates":[[[20.038,49.2121],[20.039375,49.2121],[20.039375,49.213],[20.038,49.213],[20.038,49.2121]]]}},{"type":"Feature","properties":{"col":21,"row":12,"p":0.000458},"geometry":{"type":"Polygon","coordinates":[[[20.033875,49.2373],[20.03525,49.2373],[20.03525,49.2382],[20.033875,49.2382],[20.033875,49.2373]]]}},{"type":"Feature","properties":{"col":33,"row":59,"p":0.000456},"geometry":{"type":"Polygon","coordinates":[[[20.050375,49.195],[20.05175,49.195],[20.05175,49.1959],[20.050375,49.1959],[20.050375,49.195]]]}},{"type":"Feature","properties":{"col":2,"row":13,"p":0.000454},"geometry":{"type":"Polygon","coordinates":[[[20.00775,49.2364],[20.009125,49.2364],[20.009125,49.2373],[20.00775,49.2373],[20.00775,49.2364]]]}},{"type":"Feature","properties":{"col":53,"row":35,"p":0.000454},"geometry":{"type":"Polygon","coordinates":[[[20.077875,49.2166],[20.07925,49.2166],[20.07925,49.2175],[20.077875,49.2175],[20.077875,49.2166]]]}},{"type":"Feature","properties":{"col":24,"row":55,"p":0.000453},"geometry":{"type":"Polygon","coordinates":[[[20.038,49.1986],[20.039375,49.1986],[20.039375,49.1995],[20.038,49.1995],[20.038,49.1986]]]}},{"type":"Feature","properties":{"col":39,"row":44,"p":0.00045},"geometry":{"type":"Polygon","coordinates":[[[20.058625,49.2085],[20.06,49.2085],[20.06,49.2094],[20.058625,49.2094],[20.058625,49.2085]]]}},{"type":"Feature","properties":{"col":2,"row":14,"p":0.000447},"geometry":{"type":"Polygon","coordinates":[[[20.00775,49.2355],[20.009125,49.2355],[20.009125,49.2364],[20.00775,49.2364],[20.00775,49.2355]]]}},{"type":"Feature","properties":{"col":21,"row":0,"p":0.000446},"geometry":{"type":"Polygon","coordinates":[[[20.033875,49.2481],[20.03525,49.2481],[20.03525,49.249],[20.033875,49.249],[20.033875,49.2481]]]}},{"type":"Feature","properties":{"col":11,"row":29,"p":0.000445},"geometry":{"type":"Polygon","coordinates":[[[20.020125,49.222],[20.0215,49.222],[20.0215,49.2229],[20.020125,49.2229],[20.020125,49.222]]]}},{"type":"Feature","properties":{"col":54,"row":0,"p":0.000444},"geometry":{"type":"Polygon","coordinates":[[[20.07925,49.2481],[20.080625,49.2481],[20.080625,49.249],[20.07925,49.249],[20.07925,49.2481]]]}},{"type":"Feature","properties":{"col":1,"row":7,"p":0.000443},"geometry":{"type":"Polygon","coordinates":[[[20.006375,49.2418],[20.00775,49.2418],[20.00775,49.2427],[20.006375,49.2427],[20.006375,49.2418]]]}},{"type":"Feature","properties":{"col":19,"row":21,"p":0.00044},"geometry":{"type":"Polygon","coordinates":[[[20.031125,49.2292],[20.0325,49.2292],[20.0325,49.2301],[20.031125,49.2301],[20.031125,49.2292]]]}},{"type":"Feature","properties":{"col":26,"row":47,"p":0.000437},"geometry":{"type":"Polygon","coordinates":[[[20.04075,49.2058],[20.042125,49.2058],[20.042125,49.2067],[20.04075,49.2067],[20.04075,49.2058]]]}},{"type":"Feature","properties":{"col":25,"row":50,"p":0.000437},"geometry":{"type":"Polygon","coordinates":[[[20.039375,49.2031],[20.04075,49.2031],[20.04075,49.204],[20.039375,49.204],[20.039375,49.2031]]]}},{"type":"Feature","properties":{"col":10,"row":18,"p":0.000435},"geometry":{"type":"Polygon","coordinates":[[[20.01875,49.2319],[20.020125,49.2319],[20.020125,49.2328],[20.01875,49.2328],[20.01875,49.2319]]]}},{"type":"Feature","properties":{"col":3,"row":14,"p":0.000435},"geometry":{"type":"Polygon","coordinates":[[[20.009125,49.2355],[20.0105,49.2355],[20.0105,49.2364],[20.009125,49.2364],[20.009125,49.2355]]]}},{"type":"Feature","properties":{"col":8,"row":46,"p":0.000434},"geometry":{"type":"Polygon","coordinates":[[[20.016,49.2067],[20.017375,49.2067],[20.017375,49.2076],[20.016,49.2076],[20.016,49.2067]]]}},{"type":"Feature","properties":{"col":32,"row":23,"p":0.000428},"geometry":{"type":"Polygon","coordinates":[[[20.049,49.2274],[20.050375,49.2274],[20.050375,49.2283],[20.049,49.2283],[20.049,49.2274]]]}},{"type":"Feature","properties":{"col":30,"row":58,"p":0.000427},"geometry":{"type":"Polygon","coordinates":[[[20.04625,49.1959],[20.047625,49.1959],[20.047625,49.1968],[20.04625,49.1968],[20.04625,49.1959]]]}},{"type":"Feature","properties":{"col":3,"row":9,"p":0.000426},"geometry":{"type":"Polygon","coordinates":[[[20.009125,49.24],[20.0105,49.24],[20.0105,49.2409],[20.009125,49.2409],[20.009125,49.24]]]}},{"type":"Feature","properties":{"col":54,"row":1,"p":0.000424},"geometry":{"type":"Polygon","coordinates":[[[20.07925,49.2472],[20.080625,49.2472],[20.080625,49.2481],[20.07925,49.2481],[20.07925,49.2472]]]}},{"type":"Feature","properties":{"col":7,"row":35,"p":0.000422},"geometry":{"type":"Polygon","coordinates":[[[20.014625,49.2166],[20.016,49.2166],[20.016,49.2175],[20.014625,49.2175],[20.014625,49.2166]]]}},{"type":"Feature","properties":{"col":58,"row":21,"p":0.000421},"geometry":{"type":"Polygon","coordinates":[[[20.08475,49.2292],[20.086125,49.2292],[20.086125,49.2301],[20.08475,49.2301],[20.08475,49.2292]]]}},{"type":"Feature","properties":{"col":11,"row":30,"p":0.000421},"geometry":{"type":"Polygon","coordinates":[[[20.020125,49.2211],[20.0215,49.2211],[20.0215,49.222],[20.020125,49.222],[20.020125,49.2211]]]}},{"type":"Feature","properties":{"col":27,"row":36,"p":0.00042},"geometry":{"type":"Polygon","coordinates":[[[20.042125,49.2157],[20.0435,49.2157],[20.0435,49.2166],[20.042125,49.2166],[20.042125,49.2157]]]}},{"type":"Feature","properties":{"col":23,"row":51,"p":0.000419},"geometry":{"type":"Polygon","coordinates":[[[20.036625,49.2022],[20.038,49.2022],[20.038,49.2031],[20.036625,49.2031],[20.036625,49.2022]]]}},{"type":"Feature","properties":{"col":34,"row":13,"p":0.000417},"geometry":{"type":"Polygon","coordinates":[[[20.05175,49.2364],[20.053125,49.2364],[20.053125,49.2373],[20.05175,49.2373],[20.05175,49.2364]]]}},{"type":"Feature","properties":{"col":40,"row":0,"p":0.000417},"geometry":{"type":"Polygon","coordinates":[[[20.06,49.2481],[20.061375,49.2481],[20.061375,49.249],[20.06,49.249],[20.06,49.2481]]]}},{"type":"Feature","properties":{"col":2,"row":0,"p":0.000414},"geometry":{"type":"Polygon","coordinates":[[[20.00775,49.2481],[20.009125,49.2481],[20.009125,49.249],[20.00775,49.249],[20.00775,49.2481]]]}},{"type":"Feature","properties":{"col":4,"row":23,"p":0.000411},"geometry":{"type":"Polygon","coordinates":[[[20.0105,49.2274],[20.011875,49.2274],[20.011875,49.2283],[20.0105,49.2283],[20.0105,49.2274]]]}},{"type":"Feature","properties":{"col":39,"row":48,"p":0.00041},"geometry":{"type":"Polygon","coordinates":[[[20.058625,49.2049],[20.06,49.2049],[20.06,49.2058],[20.058625,49.2058],[20.058625,49.2049]]]}},{"type":"Feature","properties":{"col":54,"row":34,"p":0.000409},"geometry":{"type":"Polygon","coordinates":[[[20.07925,49.2175],[20.080625,49.2175],[20.080625,49.2184],[20.07925,49.2184],[20.07925,49.2175]]]}},{"type":"Feature","properties":{"col":36,"row":23,"p":0.000409},"geometry":{"type":"Polygon","coordinates":[[[20.0545,49.2274],[20.055875,49.2274],[20.055875,49.2283],[20.0545,49.2283],[20.0545,49.2274]]]}},{"type":"Feature","properties":{"col":24,"row":4,"p":0.000409},"geometry":{"type":"Polygon","coordinates":[[[20.038,49.2445],[20.039375,49.2445],[20.039375,49.2454],[20.038,49.2454],[20.038,49.2445]]]}},{"type":"Feature","properties":{"col":27,"row":57,"p":0.000408},"geometry":{"type":"Polygon","coordinates":[[[20.042125,49.1968],[20.0435,49.1968],[20.0435,49.1977],[20.042125,49.1977],[20.042125,49.1968]]]}},{"type":"Feature","properties":{"col":4,"row":44,"p":0.000408},"geometry":{"type":"Polygon","coordinates":[[[20.0105,49.2085],[20.011875,49.2085],[20.011875,49.2094],[20.0105,49.2094],[20.0105,49.2085]]]}},{"type":"Feature","properties":{"col":2,"row":6,"p":0.000402},"geometry":{"type":"Polygon","coordinates":[[[20.00775,49.2427],[20.009125,49.2427],[20.009125,49.2436],[20.00775,49.2436],[20.00775,49.2427]]]}},{"type":"Feature","properties":{"col":2,"row":52,"p":0.0004},"geometry":{"type":"Polygon","coordinates":[[[20.00775,49.2013],[20.009125,49.2013],[20.009125,49.2022],[20.00775,49.2022],[20.00775,49.2013]]]}},{"type":"Feature","properties":{"col":1,"row":24,"p":0.0004},"geometry":{"type":"Polygon","coordinates":[[[20.006375,49.2265],[20.00775,49.2265],[20.00775,49.2274],[20.006375,49.2274],[20.006375,49.2265]]]}},{"type":"Feature","properties":{"col":34,"row":58,"p":0.000399},"geometry":{"type":"Polygon","coordinates":[[[20.05175,49.1959],[20.053125,49.1959],[20.053125,49.1968],[20.05175,49.1968],[20.05175,49.1959]]]}},{"type":"Feature","properties":{"col":1,"row":25,"p":0.000399},"geometry":{"type":"Polygon","coordinates":[[[20.006375,49.2256],[20.00775,49.2256],[20.00775,49.2265],[20.006375,49.2265],[20.006375,49.2256]]]}},{"type":"Feature","properties":{"col":9,"row":23,"p":0.000399},"geometry":{"type":"Polygon","coordinates":[[[20.017375,49.2274],[20.01875,49.2274],[20.01875,49.2283],[20.017375,49.2283],[20.017375,49.2274]]]}},{"type":"Feature","properties":{"col":31,"row":59,"p":0.000396},"geometry":{"type":"Polygon","coordinates":[[[20.047625,49.195],[20.049,49.195],[20.049,49.1959],[20.047625,49.1959],[20.047625,49.195]]]}},{"type":"Feature","properties":{"col":4,"row":37,"p":0.000396},"geometry":{"type":"Polygon","coordinates":[[[20.0105,49.2148],[20.011875,49.2148],[20.011875,49.2157],[20.0105,49.2157],[20.0105,49.2148]]]}},{"type":"Feature","properties":{"col":22,"row":10,"p":0.000394},"geometry":{"type":"Polygon","coordinates":[[[20.03525,49.2391],[20.036625,49.2391],[20.036625,49.24],[20.03525,49.24],[20.03525,49.2391]]]}},{"type":"Feature","properties":{"col":53,"row":8,"p":0.000394},"geometry":{"type":"Polygon","coordinates":[[[20.077875,49.2409],[20.07925,49.2409],[20.07925,49.2418],[20.077875,49.2418],[20.077875,49.2409]]]}},{"type":"Feature","properties":{"col":17,"row":44,"p":0.000392},"geometry":{"type":"Polygon","coordinates":[[[20.028375,49.2085],[20.02975,49.2085],[20.02975,49.2094],[20.028375,49.2094],[20.028375,49.2085]]]}},{"type":"Feature","properties":{"col":0,"row":21,"p":0.000392},"geometry":{"type":"Polygon","coordinates":[[[20.005,49.2292],[20.006375,49.2292],[20.006375,49.2301],[20.005,49.2301],[20.005,49.2292]]]}},{"type":"Feature","properties":{"col":12,"row":31,"p":0.000392},"geometry":{"type":"Polygon","coordinates":[[[20.0215,49.2202],[20.022875,49.2202],[20.022875,49.2211],[20.0215,49.2211],[20.0215,49.2202]]]}},{"type":"Feature","properties":{"col":23,"row":15,"p":0.000387},"geometry":{"type":"Polygon","coordinates":[[[20.036625,49.2346],[20.038,49.2346],[20.038,49.2355],[20.036625,49.2355],[20.036625,49.2346]]]}},{"type":"Feature","properties":{"col":35,"row":11,"p":0.000386},"geometry":{"type":"Polygon","coordinates":[[[20.053125,49.2382],[20.0545,49.2382],[20.0545,49.2391],[20.053125,49.2391],[20.053125,49.2382]]]}},{"type":"Feature","properties":{"col":10,"row":28,"p":0.000383},"geometry":{"type":"Polygon","coordinates":[[[20.01875,49.2229],[20.020125,49.2229],[20.020125,49.2238],[20.01875,49.2238],[20.01875,49.2229]]]}},{"type":"Feature","properties":{"col":12,"row":8,"p":0.000383},"geometry":{"type":"Polygon","coordinates":[[[20.0215,49.2409],[20.022875,49.2409],[20.022875,49.2418],[20.0215,49.2418],[20.0215,49.2409]]]}},{"type":"Feature","properties":{"col":20,"row":23,"p":0.000383},"geometry":{"type":"Polygon","coordinates":[[[20.0325,49.2274],[20.033875,49.2274],[20.033875,49.2283],[20.0325,49.2283],[20.0325,49.2274]]]}},{"type":"Feature","properties":{"col":24,"row":53,"p":0.00038},"geometry":{"type":"Polygon","coordinates":[[[20.038,49.2004],[20.039375,49.2004],[20.039375,49.2013],[20.038,49.2013],[20.038,49.2004]]]}},{"type":"Feature","properties":{"col":43,"row":0,"p":0.000378},"geometry":{"type":"Polygon","coordinates":[[[20.064125,49.2481],[20.0655,49.2481],[20.0655,49.249],[20.064125,49.249],[20.064125,49.2481]]]}},{"type":"Feature","properties":{"col":51,"row":8,"p":0.000378},"geometry":{"type":"Polygon","coordinates":[[[20.075125,49.2409],[20.0765,49.2409],[20.0765,49.2418],[20.075125,49.2418],[20.075125,49.2409]]]}},{"type":"Feature","properties":{"col":9,"row":42,"p":0.000374},"geometry":{"type":"Polygon","coordinates":[[[20.017375,49.2103],[20.01875,49.2103],[20.01875,49.2112],[20.017375,49.2112],[20.017375,49.2103]]]}},{"type":"Feature","properties":{"col":34,"row":15,"p":0.000373},"geometry":{"type":"Polygon","coordinates":[[[20.05175,49.2346],[20.053125,49.2346],[20.053125,49.2355],[20.05175,49.2355],[20.05175,49.2346]]]}},{"type":"Feature","properties":{"col":1,"row":0,"p":0.00037},"geometry":{"type":"Polygon","coordinates":[[[20.006375,49.2481],[20.00775,49.2481],[20.00775,49.249],[20.006375,49.249],[20.006375,49.2481]]]}},{"type":"Feature","properties":{"col":2,"row":4,"p":0.00037},"geometry":{"type":"Polygon","coordinates":[[[20.00775,49.2445],[20.009125,49.2445],[20.009125,49.2454],[20.00775,49.2454],[20.00775,49.2445]]]}},{"type":"Feature","properties":{"col":29,"row":1,"p":0.000367},"geometry":{"type":"Polygon","coordinates":[[[20.044875,49.2472],[20.04625,49.2472],[20.04625,49.2481],[20.044875,49.2481],[20.044875,49.2472]]]}},{"type":"Feature","properties":{"col":40,"row":7,"p":0.000361},"geometry":{"type":"Polygon","coordinates":[[[20.06,49.2418],[20.061375,49.2418],[20.061375,49.2427],[20.06,49.2427],[20.06,49.2418]]]}},{"type":"Feature","properties":{"col":49,"row":55,"p":0.000361},"geometry":{"type":"Polygon","coordinates":[[[20.072375,49.1986],[20.07375,49.1986],[20.07375,49.1995],[20.072375,49.1995],[20.072375,49.1986]]]}},{"type":"Feature","properties":{"col":21,"row":40,"p":0.000358},"geometry":{"type":"Polygon","coordinates":[[[20.033875,49.2121],[20.03525,49.2121],[20.03525,49.213],[20.033875,49.213],[20.033875,49.2121]]]}},{"type":"Feature","properties":{"col":44,"row":25,"p":0.000357},"geometry":{"type":"Polygon","coordinates":[[[20.0655,49.2256],[20.066875,49.2256],[20.066875,49.2265],[20.0655,49.2265],[20.0655,49.2256]]]}},{"type":"Feature","properties":{"col":28,"row":46,"p":0.000356},"geometry":{"type":"Polygon","coordinates":[[[20.0435,49.2067],[20.044875,49.2067],[20.044875,49.2076],[20.0435,49.2076],[20.0435,49.2067]]]}},{"type":"Feature","properties":{"col":31,"row":26,"p":0.000355},"geometry":{"type":"Polygon","coordinates":[[[20.047625,49.2247],[20.049,49.2247],[20.049,49.2256],[20.047625,49.2256],[20.047625,49.2247]]]}},{"type":"Feature","properties":{"col":34,"row":20,"p":0.000355},"geometry":{"type":"Polygon","coordinates":[[[20.05175,49.2301],[20.053125,49.2301],[20.053125,49.231],[20.05175,49.231],[20.05175,49.2301]]]}},{"type":"Feature","properties":{"col":18,"row":21,"p":0.000353},"geometry":{"type":"Polygon","coordinates":[[[20.02975,49.2292],[20.031125,49.2292],[20.031125,49.2301],[20.02975,49.2301],[20.02975,49.2292]]]}},{"type":"Feature","properties":{"col":13,"row":10,"p":0.000352},"geometry":{"type":"Polygon","coordinates":[[[20.022875,49.2391],[20.02425,49.2391],[20.02425,49.24],[20.022875,49.24],[20.022875,49.2391]]]}},{"type":"Feature","properties":{"col":10,"row":46,"p":0.000351},"geometry":{"type":"Polygon","coordinates":[[[20.01875,49.2067],[20.020125,49.2067],[20.020125,49.2076],[20.01875,49.2076],[20.01875,49.2067]]]}},{"type":"Feature","properties":{"col":6,"row":16,"p":0.00035},"geometry":{"type":"Polygon","coordinates":[[[20.01325,49.2337],[20.014625,49.2337],[20.014625,49.2346],[20.01325,49.2346],[20.01325,49.2337]]]}},{"type":"Feature","properties":{"col":19,"row":6,"p":0.00035},"geometry":{"type":"Polygon","coordinates":[[[20.031125,49.2427],[20.0325,49.2427],[20.0325,49.2436],[20.031125,49.2436],[20.031125,49.2427]]]}},{"type":"Feature","properties":{"col":32,"row":16,"p":0.000349},"geometry":{"type":"Polygon","coordinates":[[[20.049,49.2337],[20.050375,49.2337],[20.050375,49.2346],[20.049,49.2346],[20.049,49.2337]]]}},{"type":"Feature","properties":{"col":25,"row":47,"p":0.000348},"geometry":{"type":"Polygon","coordinates":[[[20.039375,49.2058],[20.04075,49.2058],[20.04075,49.2067],[20.039375,49.2067],[20.039375,49.2058]]]}},{"type":"Feature","properties":{"col":20,"row":1,"p":0.000346},"geometry":{"type":"Polygon","coordinates":[[[20.0325,49.2472],[20.033875,49.2472],[20.033875,49.2481],[20.0325,49.2481],[20.0325,49.2472]]]}},{"type":"Feature","properties":{"col":19,"row":50,"p":0.000344},"geometry":{"type":"Polygon","coordinates":[[[20.031125,49.2031],[20.0325,49.2031],[20.0325,49.204],[20.031125,49.204],[20.031125,49.2031]]]}},{"type":"Feature","properties":{"col":21,"row":21,"p":0.000344},"geometry":{"type":"Polygon","coordinates":[[[20.033875,49.2292],[20.03525,49.2292],[20.03525,49.2301],[20.033875,49.2301],[20.033875,49.2292]]]}},{"type":"Feature","properties":{"col":25,"row":41,"p":0.000343},"geometry":{"type":"Polygon","coordinates":[[[20.039375,49.2112],[20.04075,49.2112],[20.04075,49.2121],[20.039375,49.2121],[20.039375,49.2112]]]}},{"type":"Feature","properties":{"col":33,"row":12,"p":0.000343},"geometry":{"type":"Polygon","coordinates":[[[20.050375,49.2373],[20.05175,49.2373],[20.05175,49.2382],[20.050375,49.2382],[20.050375,49.2373]]]}},{"type":"Feature","properties":{"col":19,"row":11,"p":0.000343},"geometry":{"type":"Polygon","coordinates":[[[20.031125,49.2382],[20.0325,49.2382],[20.0325,49.2391],[20.031125,49.2391],[20.031125,49.2382]]]}},{"type":"Feature","properties":{"col":9,"row":28,"p":0.000341},"geometry":{"type":"Polygon","coordinates":[[[20.017375,49.2229],[20.01875,49.2229],[20.01875,49.2238],[20.017375,49.2238],[20.017375,49.2229]]]}},{"type":"Feature","properties":{"col":34,"row":36,"p":0.000341},"geometry":{"type":"Polygon","coordinates":[[[20.05175,49.2157],[20.053125,49.2157],[20.053125,49.2166],[20.05175,49.2166],[20.05175,49.2157]]]}},{"type":"Feature","properties":{"col":57,"row":30,"p":0.00034},"geometry":{"type":"Polygon","coordinates":[[[20.083375,49.2211],[20.08475,49.2211],[20.08475,49.222],[20.083375,49.222],[20.083375,49.2211]]]}},{"type":"Feature","properties":{"col":27,"row":47,"p":0.000338},"geometry":{"type":"Polygon","coordinates":[[[20.042125,49.2058],[20.0435,49.2058],[20.0435,49.2067],[20.042125,49.2067],[20.042125,49.2058]]]}},{"type":"Feature","properties":{"col":47,"row":51,"p":0.000336},"geometry":{"type":"Polygon","coordinates":[[[20.069625,49.2022],[20.071,49.2022],[20.071,49.2031],[20.069625,49.2031],[20.069625,49.2022]]]}},{"type":"Feature","properties":{"col":22,"row":16,"p":0.000336},"geometry":{"type":"Polygon","coordinates":[[[20.03525,49.2337],[20.036625,49.2337],[20.036625,49.2346],[20.03525,49.2346],[20.03525,49.2337]]]}},{"type":"Feature","properties":{"col":3,"row":5,"p":0.000334},"geometry":{"type":"Polygon","coordinates":[[[20.009125,49.2436],[20.0105,49.2436],[20.0105,49.2445],[20.009125,49.2445],[20.009125,49.2436]]]}},{"type":"Feature","properties":{"col":33,"row":15,"p":0.000333},"geometry":{"type":"Polygon","coordinates":[[[20.050375,49.2346],[20.05175,49.2346],[20.05175,49.2355],[20.050375,49.2355],[20.050375,49.2346]]]}},{"type":"Feature","properties":{"col":14,"row":0,"p":0.000332},"geometry":{"type":"Polygon","coordinates":[[[20.02425,49.2481],[20.025625,49.2481],[20.025625,49.249],[20.02425,49.249],[20.02425,49.2481]]]}},{"type":"Feature","properties":{"col":1,"row":40,"p":0.000331},"geometry":{"type":"Polygon","coordinates":[[[20.006375,49.2121],[20.00775,49.2121],[20.00775,49.213],[20.006375,49.213],[20.006375,49.2121]]]}},{"type":"Feature","properties":{"col":25,"row":37,"p":0.00033},"geometry":{"type":"Polygon","coordinates":[[[20.039375,49.2148],[20.04075,49.2148],[20.04075,49.2157],[20.039375,49.2157],[20.039375,49.2148]]]}},{"type":"Feature","properties":{"col":26,"row":2,"p":0.000329},"geometry":{"type":"Polygon","coordinates":[[[20.04075,49.2463],[20.042125,49.2463],[20.042125,49.2472],[20.04075,49.2472],[20.04075,49.2463]]]}},{"type":"Feature","properties":{"col":22,"row":51,"p":0.000329},"geometry":{"type":"Polygon","coordinates":[[[20.03525,49.2022],[20.036625,49.2022],[20.036625,49.2031],[20.03525,49.2031],[20.03525,49.2022]]]}},{"type":"Feature","properties":{"col":27,"row":39,"p":0.000329},"geometry":{"type":"Polygon","coordinates":[[[20.042125,49.213],[20.0435,49.213],[20.0435,49.2139],[20.042125,49.2139],[20.042125,49.213]]]}},{"type":"Feature","properties":{"col":36,"row":15,"p":0.000329},"geometry":{"type":"Polygon","coordinates":[[[20.0545,49.2346],[20.055875,49.2346],[20.055875,49.2355],[20.0545,49.2355],[20.0545,49.2346]]]}},{"type":"Feature","properties":{"col":15,"row":41,"p":0.000328},"geometry":{"type":"Polygon","coordinates":[[[20.025625,49.2112],[20.027,49.2112],[20.027,49.2121],[20.025625,49.2121],[20.025625,49.2112]]]}},{"type":"Feature","properties":{"col":27,"row":41,"p":0.000327},"geometry":{"type":"Polygon","coordinates":[[[20.042125,49.2112],[20.0435,49.2112],[20.0435,49.2121],[20.042125,49.2121],[20.042125,49.2112]]]}},{"type":"Feature","properties":{"col":14,"row":10,"p":0.000327},"geometry":{"type":"Polygon","coordinates":[[[20.02425,49.2391],[20.025625,49.2391],[20.025625,49.24],[20.02425,49.24],[20.02425,49.2391]]]}},{"type":"Feature","properties":{"col":29,"row":22,"p":0.000327},"geometry":{"type":"Polygon","coordinates":[[[20.044875,49.2283],[20.04625,49.2283],[20.04625,49.2292],[20.044875,49.2292],[20.044875,49.2283]]]}},{"type":"Feature","properties":{"col":29,"row":36,"p":0.000318},"geometry":{"type":"Polygon","coordinates":[[[20.044875,49.2157],[20.04625,49.2157],[20.04625,49.2166],[20.044875,49.2166],[20.044875,49.2157]]]}},{"type":"Feature","properties":{"col":29,"row":2,"p":0.000318},"geometry":{"type":"Polygon","coordinates":[[[20.044875,49.2463],[20.04625,49.2463],[20.04625,49.2472],[20.044875,49.2472],[20.044875,49.2463]]]}},{"type":"Feature","properties":{"col":32,"row":34,"p":0.000317},"geometry":{"type":"Polygon","coordinates":[[[20.049,49.2175],[20.050375,49.2175],[20.050375,49.2184],[20.049,49.2184],[20.049,49.2175]]]}},{"type":"Feature","properties":{"col":13,"row":46,"p":0.000315},"geometry":{"type":"Polygon","coordinates":[[[20.022875,49.2067],[20.02425,49.2067],[20.02425,49.2076],[20.022875,49.2076],[20.022875,49.2067]]]}},{"type":"Feature","properties":{"col":26,"row":24,"p":0.000312},"geometry":{"type":"Polygon","coordinates":[[[20.04075,49.2265],[20.042125,49.2265],[20.042125,49.2274],[20.04075,49.2274],[20.04075,49.2265]]]}},{"type":"Feature","properties":{"col":20,"row":50,"p":0.000311},"geometry":{"type":"Polygon","coordinates":[[[20.0325,49.2031],[20.033875,49.2031],[20.033875,49.204],[20.0325,49.204],[20.0325,49.2031]]]}},{"type":"Feature","properties":{"col":31,"row":58,"p":0.000308},"geometry":{"type":"Polygon","coordinates":[[[20.047625,49.1959],[20.049,49.1959],[20.049,49.1968],[20.047625,49.1968],[20.047625,49.1959]]]}},{"type":"Feature","properties":{"col":31,"row":24,"p":0.000308},"geometry":{"type":"Polygon","coordinates":[[[20.047625,49.2265],[20.049,49.2265],[20.049,49.2274],[20.047625,49.2274],[20.047625,49.2265]]]}},{"type":"Feature","properties":{"col":59,"row":22,"p":0.000308},"geometry":{"type":"Polygon","coordinates":[[[20.086125,49.2283],[20.0875,49.2283],[20.0875,49.2292],[20.086125,49.2292],[20.086125,49.2283]]]}},{"type":"Feature","properties":{"col":0,"row":13,"p":0.000306},"geometry":{"type":"Polygon","coordinates":[[[20.005,49.2364],[20.006375,49.2364],[20.006375,49.2373],[20.005,49.2373],[20.005,49.2364]]]}},{"type":"Feature","properties":{"col":59,"row":8,"p":0.000305},"geometry":{"type":"Polygon","coordinates":[[[20.086125,49.2409],[20.0875,49.2409],[20.0875,49.2418],[20.086125,49.2418],[20.086125,49.2409]]]}},{"type":"Feature","properties":{"col":39,"row":39,"p":0.000304},"geometry":{"type":"Polygon","coordinates":[[[20.058625,49.213],[20.06,49.213],[20.06,49.2139],[20.058625,49.2139],[20.058625,49.213]]]}},{"type":"Feature","properties":{"col":7,"row":42,"p":0.000304},"geometry":{"type":"Polygon","coordinates":[[[20.014625,49.2103],[20.016,49.2103],[20.016,49.2112],[20.014625,49.2112],[20.014625,49.2103]]]}},{"type":"Feature","properties":{"col":0,"row":8,"p":0.000303},"geometry":{"type":"Polygon","coordinates":[[[20.005,49.2409],[20.006375,49.2409],[20.006375,49.2418],[20.005,49.2418],[20.005,49.2409]]]}},{"type":"Feature","properties":{"col":39,"row":0,"p":0.000303},"geometry":{"type":"Polygon","coordinates":[[[20.058625,49.2481],[20.06,49.2481],[20.06,49.249],[20.058625,49.249],[20.058625,49.2481]]]}},{"type":"Feature","properties":{"col":16,"row":15,"p":0.000303},"geometry":{"type":"Polygon","coordinates":[[[20.027,49.2346],[20.028375,49.2346],[20.028375,49.2355],[20.027,49.2355],[20.027,49.2346]]]}},{"type":"Feature","properties":{"col":13,"row":44,"p":0.000303},"geometry":{"type":"Polygon","coordinates":[[[20.022875,49.2085],[20.02425,49.2085],[20.02425,49.2094],[20.022875,49.2094],[20.022875,49.2085]]]}},{"type":"Feature","properties":{"col":39,"row":1,"p":0.000302},"geometry":{"type":"Polygon","coordinates":[[[20.058625,49.2472],[20.06,49.2472],[20.06,49.2481],[20.058625,49.2481],[20.058625,49.2472]]]}},{"type":"Feature","properties":{"col":2,"row":23,"p":0.000299},"geometry":{"type":"Polygon","coordinates":[[[20.00775,49.2274],[20.009125,49.2274],[20.009125,49.2283],[20.00775,49.2283],[20.00775,49.2274]]]}},{"type":"Feature","properties":{"col":1,"row":27,"p":0.000298},"geometry":{"type":"Polygon","coordinates":[[[20.006375,49.2238],[20.00775,49.2238],[20.00775,49.2247],[20.006375,49.2247],[20.006375,49.2238]]]}},{"type":"Feature","properties":{"col":25,"row":9,"p":0.000298},"geometry":{"type":"Polygon","coordinates":[[[20.039375,49.24],[20.04075,49.24],[20.04075,49.2409],[20.039375,49.2409],[20.039375,49.24]]]}},{"type":"Feature","properties":{"col":45,"row":24,"p":0.000298},"geometry":{"type":"Polygon","coordinates":[[[20.066875,49.2265],[20.06825,49.2265],[20.06825,49.2274],[20.066875,49.2274],[20.066875,49.2265]]]}},{"type":"Feature","properties":{"col":3,"row":4,"p":0.000296},"geometry":{"type":"Polygon","coordinates":[[[20.009125,49.2445],[20.0105,49.2445],[20.0105,49.2454],[20.009125,49.2454],[20.009125,49.2445]]]}},{"type":"Feature","properties":{"col":33,"row":6,"p":0.000296},"geometry":{"type":"Polygon","coordinates":[[[20.050375,49.2427],[20.05175,49.2427],[20.05175,49.2436],[20.050375,49.2436],[20.050375,49.2427]]]}},{"type":"Feature","properties":{"col":32,"row":13,"p":0.000295},"geometry":{"type":"Polygon","coordinates":[[[20.049,49.2364],[20.050375,49.2364],[20.050375,49.2373],[20.049,49.2373],[20.049,49.2364]]]}},{"type":"Feature","properties":{"col":20,"row":27,"p":0.000293},"geometry":{"type":"Polygon","coordinates":[[[20.0325,49.2238],[20.033875,49.2238],[20.033875,49.2247],[20.0325,49.2247],[20.0325,49.2238]]]}},{"type":"Feature","properties":{"col":6,"row":32,"p":0.000293},"geometry":{"type":"Polygon","coordinates":[[[20.01325,49.2193],[20.014625,49.2193],[20.014625,49.2202],[20.01325,49.2202],[20.01325,49.2193]]]}},{"type":"Feature","properties":{"col":32,"row":37,"p":0.000292},"geometry":{"type":"Polygon","coordinates":[[[20.049,49.2148],[20.050375,49.2148],[20.050375,49.2157],[20.049,49.2157],[20.049,49.2148]]]}},{"type":"Feature","properties":{"col":52,"row":5,"p":0.000288},"geometry":{"type":"Polygon","coordinates":[[[20.0765,49.2436],[20.077875,49.2436],[20.077875,49.2445],[20.0765,49.2445],[20.0765,49.2436]]]}},{"type":"Feature","properties":{"col":7,"row":14,"p":0.000288},"geometry":{"type":"Polygon","coordinates":[[[20.014625,49.2355],[20.016,49.2355],[20.016,49.2364],[20.014625,49.2364],[20.014625,49.2355]]]}},{"type":"Feature","properties":{"col":4,"row":54,"p":0.000287},"geometry":{"type":"Polygon","coordinates":[[[20.0105,49.1995],[20.011875,49.1995],[20.011875,49.2004],[20.0105,49.2004],[20.0105,49.1995]]]}},{"type":"Feature","properties":{"col":8,"row":47,"p":0.000287},"geometry":{"type":"Polygon","coordinates":[[[20.016,49.2058],[20.017375,49.2058],[20.017375,49.2067],[20.016,49.2067],[20.016,49.2058]]]}},{"type":"Feature","properties":{"col":53,"row":33,"p":0.000286},"geometry":{"type":"Polygon","coordinates":[[[20.077875,49.2184],[20.07925,49.2184],[20.07925,49.2193],[20.077875,49.2193],[20.077875,49.2184]]]}},{"type":"Feature","properties":{"col":25,"row":10,"p":0.000285},"geometry":{"type":"Polygon","coordinates":[[[20.039375,49.2391],[20.04075,49.2391],[20.04075,49.24],[20.039375,49.24],[20.039375,49.2391]]]}},{"type":"Feature","properties":{"col":52,"row":7,"p":0.000285},"geometry":{"type":"Polygon","coordinates":[[[20.0765,49.2418],[20.077875,49.2418],[20.077875,49.2427],[20.0765,49.2427],[20.0765,49.2418]]]}},{"type":"Feature","properties":{"col":49,"row":20,"p":0.000284},"geometry":{"type":"Polygon","coordinates":[[[20.072375,49.2301],[20.07375,49.2301],[20.07375,49.231],[20.072375,49.231],[20.072375,49.2301]]]}},{"type":"Feature","properties":{"col":0,"row":40,"p":0.000284},"geometry":{"type":"Polygon","coordinates":[[[20.005,49.2121],[20.006375,49.2121],[20.006375,49.213],[20.005,49.213],[20.005,49.2121]]]}},{"type":"Feature","properties":{"col":9,"row":40,"p":0.000283},"geometry":{"type":"Polygon","coordinates":[[[20.017375,49.2121],[20.01875,49.2121],[20.01875,49.213],[20.017375,49.213],[20.017375,49.2121]]]}},{"type":"Feature","properties":{"col":48,"row":11,"p":0.000281},"geometry":{"type":"Polygon","coordinates":[[[20.071,49.2382],[20.072375,49.2382],[20.072375,49.2391],[20.071,49.2391],[20.071,49.2382]]]}},{"type":"Feature","properties":{"col":37,"row":21,"p":0.000278},"geometry":{"type":"Polygon","coordinates":[[[20.055875,49.2292],[20.05725,49.2292],[20.05725,49.2301],[20.055875,49.2301],[20.055875,49.2292]]]}},{"type":"Feature","properties":{"col":22,"row":13,"p":0.000277},"geometry":{"type":"Polygon","coordinates":[[[20.03525,49.2364],[20.036625,49.2364],[20.036625,49.2373],[20.03525,49.2373],[20.03525,49.2364]]]}},{"type":"Feature","properties":{"col":25,"row":40,"p":0.000275},"geometry":{"type":"Polygon","coordinates":[[[20.039375,49.2121],[20.04075,49.2121],[20.04075,49.213],[20.039375,49.213],[20.039375,49.2121]]]}},{"type":"Feature","properties":{"col":41,"row":42,"p":0.000274},"geometry":{"type":"Polygon","coordinates":[[[20.061375,49.2103],[20.06275,49.2103],[20.06275,49.2112],[20.061375,49.2112],[20.061375,49.2103]]]}},{"type":"Feature","properties":{"col":8,"row":56,"p":0.000274},"geometry":{"type":"Polygon","coordinates":[[[20.016,49.1977],[20.017375,49.1977],[20.017375,49.1986],[20.016,49.1986],[20.016,49.1977]]]}},{"type":"Feature","properties":{"col":57,"row":35,"p":0.000272},"geometry":{"type":"Polygon","coordinates":[[[20.083375,49.2166],[20.08475,49.2166],[20.08475,49.2175],[20.083375,49.2175],[20.083375,49.2166]]]}},{"type":"Feature","properties":{"col":21,"row":51,"p":0.000271},"geometry":{"type":"Polygon","coordinates":[[[20.033875,49.2022],[20.03525,49.2022],[20.03525,49.2031],[20.033875,49.2031],[20.033875,49.2022]]]}},{"type":"Feature","properties":{"col":9,"row":17,"p":0.000269},"geometry":{"type":"Polygon","coordinates":[[[20.017375,49.2328],[20.01875,49.2328],[20.01875,49.2337],[20.017375,49.2337],[20.017375,49.2328]]]}},{"type":"Feature","properties":{"col":39,"row":45,"p":0.000269},"geometry":{"type":"Polygon","coordinates":[[[20.058625,49.2076],[20.06,49.2076],[20.06,49.2085],[20.058625,49.2085],[20.058625,49.2076]]]}},{"type":"Feature","properties":{"col":57,"row":21,"p":0.000266},"geometry":{"type":"Polygon","coordinates":[[[20.083375,49.2292],[20.08475,49.2292],[20.08475,49.2301],[20.083375,49.2301],[20.083375,49.2292]]]}},{"type":"Feature","properties":{"col":8,"row":28,"p":0.000266},"geometry":{"type":"Polygon","coordinates":[[[20.016,49.2229],[20.017375,49.2229],[20.017375,49.2238],[20.016,49.2238],[20.016,49.2229]]]}},{"type":"Feature","properties":{"col":0,"row":7,"p":0.000266},"geometry":{"type":"Polygon","coordinates":[[[20.005,49.2418],[20.006375,49.2418],[20.006375,49.2427],[20.005,49.2427],[20.005,49.2418]]]}},{"type":"Feature","properties":{"col":27,"row":21,"p":0.000266},"geometry":{"type":"Polygon","coordinates":[[[20.042125,49.2292],[20.0435,49.2292],[20.0435,49.2301],[20.042125,49.2301],[20.042125,49.2292]]]}},{"type":"Feature","properties":{"col":32,"row":15,"p":0.000265},"geometry":{"type":"Polygon","coordinates":[[[20.049,49.2346],[20.050375,49.2346],[20.050375,49.2355],[20.049,49.2355],[20.049,49.2346]]]}},{"type":"Feature","properties":{"col":28,"row":3,"p":0.000265},"geometry":{"type":"Polygon","coordinates":[[[20.0435,49.2454],[20.044875,49.2454],[20.044875,49.2463],[20.0435,49.2463],[20.0435,49.2454]]]}},{"type":"Feature","properties":{"col":0,"row":16,"p":0.000265},"geometry":{"type":"Polygon","coordinates":[[[20.005,49.2337],[20.006375,49.2337],[20.006375,49.2346],[20.005,49.2346],[20.005,49.2337]]]}},{"type":"Feature","properties":{"col":0,"row":24,"p":0.000264},"geometry":{"type":"Polygon","coordinates":[[[20.005,49.2265],[20.006375,49.2265],[20.006375,49.2274],[20.005,49.2274],[20.005,49.2265]]]}},{"type":"Feature","properties":{"col":4,"row":31,"p":0.000263},"geometry":{"type":"Polygon","coordinates":[[[20.0105,49.2202],[20.011875,49.2202],[20.011875,49.2211],[20.0105,49.2211],[20.0105,49.2202]]]}},{"type":"Feature","properties":{"col":35,"row":13,"p":0.000263},"geometry":{"type":"Polygon","coordinates":[[[20.053125,49.2364],[20.0545,49.2364],[20.0545,49.2373],[20.053125,49.2373],[20.053125,49.2364]]]}},{"type":"Feature","properties":{"col":4,"row":27,"p":0.000262},"geometry":{"type":"Polygon","coordinates":[[[20.0105,49.2238],[20.011875,49.2238],[20.011875,49.2247],[20.0105,49.2247],[20.0105,49.2238]]]}},{"type":"Feature","properties":{"col":5,"row":23,"p":0.000261},"geometry":{"type":"Polygon","coordinates":[[[20.011875,49.2274],[20.01325,49.2274],[20.01325,49.2283],[20.011875,49.2283],[20.011875,49.2274]]]}},{"type":"Feature","properties":{"col":19,"row":5,"p":0.00026},"geometry":{"type":"Polygon","coordinates":[[[20.031125,49.2436],[20.0325,49.2436],[20.0325,49.2445],[20.031125,49.2445],[20.031125,49.2436]]]}},{"type":"Feature","properties":{"col":41,"row":3,"p":0.000259},"geometry":{"type":"Polygon","coordinates":[[[20.061375,49.2454],[20.06275,49.2454],[20.06275,49.2463],[20.061375,49.2463],[20.061375,49.2454]]]}},{"type":"Feature","properties":{"col":10,"row":26,"p":0.000258},"geometry":{"type":"Polygon","coordinates":[[[20.01875,49.2247],[20.020125,49.2247],[20.020125,49.2256],[20.01875,49.2256],[20.01875,49.2247]]]}},{"type":"Feature","properties":{"col":56,"row":13,"p":0.000256},"geometry":{"type":"Polygon","coordinates":[[[20.082,49.2364],[20.083375,49.2364],[20.083375,49.2373],[20.082,49.2373],[20.082,49.2364]]]}},{"type":"Feature","properties":{"col":40,"row":37,"p":0.000256},"geometry":{"type":"Polygon","coordinates":[[[20.06,49.2148],[20.061375,49.2148],[20.061375,49.2157],[20.06,49.2157],[20.06,49.2148]]]}},{"type":"Feature","properties":{"col":12,"row":4,"p":0.000255},"geometry":{"type":"Polygon","coordinates":[[[20.0215,49.2445],[20.022875,49.2445],[20.022875,49.2454],[20.0215,49.2454],[20.0215,49.2445]]]}},{"type":"Feature","properties":{"col":53,"row":31,"p":0.000254},"geometry":{"type":"Polygon","coordinates":[[[20.077875,49.2202],[20.07925,49.2202],[20.07925,49.2211],[20.077875,49.2211],[20.077875,49.2202]]]}},{"type":"Feature","properties":{"col":45,"row":35,"p":0.000254},"geometry":{"type":"Polygon","coordinates":[[[20.066875,49.2166],[20.06825,49.2166],[20.06825,49.2175],[20.066875,49.2175],[20.066875,49.2166]]]}},{"type":"Feature","properties":{"col":35,"row":18,"p":0.000252},"geometry":{"type":"Polygon","coordinates":[[[20.053125,49.2319],[20.0545,49.2319],[20.0545,49.2328],[20.053125,49.2328],[20.053125,49.2319]]]}},{"type":"Feature","properties":{"col":28,"row":45,"p":0.000251},"geometry":{"type":"Polygon","coordinates":[[[20.0435,49.2076],[20.044875,49.2076],[20.044875,49.2085],[20.0435,49.2085],[20.0435,49.2076]]]}},{"type":"Feature","properties":{"col":8,"row":49,"p":0.000251},"geometry":{"type":"Polygon","coordinates":[[[20.016,49.204],[20.017375,49.204],[20.017375,49.2049],[20.016,49.2049],[20.016,49.204]]]}},{"type":"Feature","properties":{"col":42,"row":20,"p":0.000248},"geometry":{"type":"Polygon","coordinates":[[[20.06275,49.2301],[20.064125,49.2301],[20.064125,49.231],[20.06275,49.231],[20.06275,49.2301]]]}},{"type":"Feature","properties":{"col":54,"row":21,"p":0.000248},"geometry":{"type":"Polygon","coordinates":[[[20.07925,49.2292],[20.080625,49.2292],[20.080625,49.2301],[20.07925,49.2301],[20.07925,49.2292]]]}},{"type":"Feature","properties":{"col":36,"row":14,"p":0.000248},"geometry":{"type":"Polygon","coordinates":[[[20.0545,49.2355],[20.055875,49.2355],[20.055875,49.2364],[20.0545,49.2364],[20.0545,49.2355]]]}},{"type":"Feature","properties":{"col":24,"row":27,"p":0.000247},"geometry":{"type":"Polygon","coordinates":[[[20.038,49.2238],[20.039375,49.2238],[20.039375,49.2247],[20.038,49.2247],[20.038,49.2238]]]}},{"type":"Feature","properties":{"col":0,"row":50,"p":0.000245},"geometry":{"type":"Polygon","coordinates":[[[20.005,49.2031],[20.006375,49.2031],[20.006375,49.204],[20.005,49.204],[20.005,49.2031]]]}},{"type":"Feature","properties":{"col":25,"row":1,"p":0.000245},"geometry":{"type":"Polygon","coordinates":[[[20.039375,49.2472],[20.04075,49.2472],[20.04075,49.2481],[20.039375,49.2481],[20.039375,49.2472]]]}},{"type":"Feature","properties":{"col":30,"row":4,"p":0.000245},"geometry":{"type":"Polygon","coordinates":[[[20.04625,49.2445],[20.047625,49.2445],[20.047625,49.2454],[20.04625,49.2454],[20.04625,49.2445]]]}},{"type":"Feature","properties":{"col":16,"row":34,"p":0.000245},"geometry":{"type":"Polygon","coordinates":[[[20.027,49.2175],[20.028375,49.2175],[20.028375,49.2184],[20.027,49.2184],[20.027,49.2175]]]}},{"type":"Feature","properties":{"col":13,"row":23,"p":0.000244},"geometry":{"type":"Polygon","coordinates":[[[20.022875,49.2274],[20.02425,49.2274],[20.02425,49.2283],[20.022875,49.2283],[20.022875,49.2274]]]}},{"type":"Feature","properties":{"col":42,"row":9,"p":0.000244},"geometry":{"type":"Polygon","coordinates":[[[20.06275,49.24],[20.064125,49.24],[20.064125,49.2409],[20.06275,49.2409],[20.06275,49.24]]]}},{"type":"Feature","properties":{"col":55,"row":5,"p":0.000243},"geometry":{"type":"Polygon","coordinates":[[[20.080625,49.2436],[20.082,49.2436],[20.082,49.2445],[20.080625,49.2445],[20.080625,49.2436]]]}},{"type":"Feature","properties":{"col":21,"row":16,"p":0.000242},"geometry":{"type":"Polygon","coordinates":[[[20.033875,49.2337],[20.03525,49.2337],[20.03525,49.2346],[20.033875,49.2346],[20.033875,49.2337]]]}},{"type":"Feature","properties":{"col":6,"row":29,"p":0.000242},"geometry":{"type":"Polygon","coordinates":[[[20.01325,49.222],[20.014625,49.222],[20.014625,49.2229],[20.01325,49.2229],[20.01325,49.222]]]}},{"type":"Feature","properties":{"col":23,"row":52,"p":0.000241},"geometry":{"type":"Polygon","coordinates":[[[20.036625,49.2013],[20.038,49.2013],[20.038,49.2022],[20.036625,49.2022],[20.036625,49.2013]]]}},{"type":"Feature","properties":{"col":23,"row":10,"p":0.000241},"geometry":{"type":"Polygon","coordinates":[[[20.036625,49.2391],[20.038,49.2391],[20.038,49.24],[20.036625,49.24],[20.036625,49.2391]]]}},{"type":"Feature","properties":{"col":0,"row":22,"p":0.000241},"geometry":{"type":"Polygon","coordinates":[[[20.005,49.2283],[20.006375,49.2283],[20.006375,49.2292],[20.005,49.2292],[20.005,49.2283]]]}},{"type":"Feature","properties":{"col":38,"row":7,"p":0.000239},"geometry":{"type":"Polygon","coordinates":[[[20.05725,49.2418],[20.058625,49.2418],[20.058625,49.2427],[20.05725,49.2427],[20.05725,49.2418]]]}},{"type":"Feature","properties":{"col":8,"row":39,"p":0.000239},"geometry":{"type":"Polygon","coordinates":[[[20.016,49.213],[20.017375,49.213],[20.017375,49.2139],[20.016,49.2139],[20.016,49.213]]]}},{"type":"Feature","properties":{"col":16,"row":39,"p":0.000239},"geometry":{"type":"Polygon","coordinates":[[[20.027,49.213],[20.028375,49.213],[20.028375,49.2139],[20.027,49.2139],[20.027,49.213]]]}},{"type":"Feature","properties":{"col":7,"row":32,"p":0.000238},"geometry":{"type":"Polygon","coordinates":[[[20.014625,49.2193],[20.016,49.2193],[20.016,49.2202],[20.014625,49.2202],[20.014625,49.2193]]]}},{"type":"Feature","properties":{"col":14,"row":23,"p":0.000238},"geometry":{"type":"Polygon","coordinates":[[[20.02425,49.2274],[20.025625,49.2274],[20.025625,49.2283],[20.02425,49.2283],[20.02425,49.2274]]]}},{"type":"Feature","properties":{"col":48,"row":40,"p":0.000237},"geometry":{"type":"Polygon","coordinates":[[[20.071,49.2121],[20.072375,49.2121],[20.072375,49.213],[20.071,49.213],[20.071,49.2121]]]}},{"type":"Feature","properties":{"col":24,"row":13,"p":0.000237},"geometry":{"type":"Polygon","coordinates":[[[20.038,49.2364],[20.039375,49.2364],[20.039375,49.2373],[20.038,49.2373],[20.038,49.2364]]]}},{"type":"Feature","properties":{"col":9,"row":26,"p":0.000236},"geometry":{"type":"Polygon","coordinates":[[[20.017375,49.2247],[20.01875,49.2247],[20.01875,49.2256],[20.017375,49.2256],[20.017375,49.2247]]]}},{"type":"Feature","properties":{"col":23,"row":42,"p":0.000235},"geometry":{"type":"Polygon","coordinates":[[[20.036625,49.2103],[20.038,49.2103],[20.038,49.2112],[20.036625,49.2112],[20.036625,49.2103]]]}},{"type":"Feature","properties":{"col":29,"row":23,"p":0.000234},"geometry":{"type":"Polygon","coordinates":[[[20.044875,49.2274],[20.04625,49.2274],[20.04625,49.2283],[20.044875,49.2283],[20.044875,49.2274]]]}},{"type":"Feature","properties":{"col":13,"row":30,"p":0.000232},"geometry":{"type":"Polygon","coordinates":[[[20.022875,49.2211],[20.02425,49.2211],[20.02425,49.222],[20.022875,49.222],[20.022875,49.2211]]]}},{"type":"Feature","properties":{"col":35,"row":33,"p":0.000232},"geometry":{"type":"Polygon","coordinates":[[[20.053125,49.2184],[20.0545,49.2184],[20.0545,49.2193],[20.053125,49.2193],[20.053125,49.2184]]]}},{"type":"Feature","properties":{"col":3,"row":13,"p":0.00023},"geometry":{"type":"Polygon","coordinates":[[[20.009125,49.2364],[20.0105,49.2364],[20.0105,49.2373],[20.009125,49.2373],[20.009125,49.2364]]]}},{"type":"Feature","properties":{"col":38,"row":39,"p":0.00023},"geometry":{"type":"Polygon","coordinates":[[[20.05725,49.213],[20.058625,49.213],[20.058625,49.2139],[20.05725,49.2139],[20.05725,49.213]]]}},{"type":"Feature","properties":{"col":25,"row":54,"p":0.00023},"geometry":{"type":"Polygon","coordinates":[[[20.039375,49.1995],[20.04075,49.1995],[20.04075,49.2004],[20.039375,49.2004],[20.039375,49.1995]]]}},{"type":"Feature","properties":{"col":22,"row":45,"p":0.00023},"geometry":{"type":"Polygon","coordinates":[[[20.03525,49.2076],[20.036625,49.2076],[20.036625,49.2085],[20.03525,49.2085],[20.03525,49.2076]]]}},{"type":"Feature","properties":{"col":17,"row":9,"p":0.000229},"geometry":{"type":"Polygon","coordinates":[[[20.028375,49.24],[20.02975,49.24],[20.02975,49.2409],[20.028375,49.2409],[20.028375,49.24]]]}},{"type":"Feature","properties":{"col":16,"row":37,"p":0.000229},"geometry":{"type":"Polygon","coordinates":[[[20.027,49.2148],[20.028375,49.2148],[20.028375,49.2157],[20.027,49.2157],[20.027,49.2148]]]}},{"type":"Feature","properties":{"col":31,"row":6,"p":0.000228},"geometry":{"type":"Polygon","coordinates":[[[20.047625,49.2427],[20.049,49.2427],[20.049,49.2436],[20.047625,49.2436],[20.047625,49.2427]]]}},{"type":"Feature","properties":{"col":27,"row":1,"p":0.000227},"geometry":{"type":"Polygon","coordinates":[[[20.042125,49.2472],[20.0435,49.2472],[20.0435,49.2481],[20.042125,49.2481],[20.042125,49.2472]]]}},{"type":"Feature","properties":{"col":36,"row":59,"p":0.000225},"geometry":{"type":"Polygon","coordinates":[[[20.0545,49.195],[20.055875,49.195],[20.055875,49.1959],[20.0545,49.1959],[20.0545,49.195]]]}},{"type":"Feature","properties":{"col":9,"row":29,"p":0.000225},"geometry":{"type":"Polygon","coordinates":[[[20.017375,49.222],[20.01875,49.222],[20.01875,49.2229],[20.017375,49.2229],[20.017375,49.222]]]}},{"type":"Feature","properties":{"col":20,"row":26,"p":0.000225},"geometry":{"type":"Polygon","coordinates":[[[20.0325,49.2247],[20.033875,49.2247],[20.033875,49.2256],[20.0325,49.2256],[20.0325,49.2247]]]}},{"type":"Feature","properties":{"col":30,"row":6,"p":0.000225},"geometry":{"type":"Polygon","coordinates":[[[20.04625,49.2427],[20.047625,49.2427],[20.047625,49.2436],[20.04625,49.2436],[20.04625,49.2427]]]}},{"type":"Feature","properties":{"col":31,"row":5,"p":0.000224},"geometry":{"type":"Polygon","coordinates":[[[20.047625,49.2436],[20.049,49.2436],[20.049,49.2445],[20.047625,49.2445],[20.047625,49.2436]]]}},{"type":"Feature","properties":{"col":2,"row":37,"p":0.000223},"geometry":{"type":"Polygon","coordinates":[[[20.00775,49.2148],[20.009125,49.2148],[20.009125,49.2157],[20.00775,49.2157],[20.00775,49.2148]]]}},{"type":"Feature","properties":{"col":24,"row":2,"p":0.000222},"geometry":{"type":"Polygon","coordinates":[[[20.038,49.2463],[20.039375,49.2463],[20.039375,49.2472],[20.038,49.2472],[20.038,49.2463]]]}},{"type":"Feature","properties":{"col":19,"row":8,"p":0.000222},"geometry":{"type":"Polygon","coordinates":[[[20.031125,49.2409],[20.0325,49.2409],[20.0325,49.2418],[20.031125,49.2418],[20.031125,49.2409]]]}},{"type":"Feature","properties":{"col":14,"row":42,"p":0.000221},"geometry":{"type":"Polygon","coordinates":[[[20.02425,49.2103],[20.025625,49.2103],[20.025625,49.2112],[20.02425,49.2112],[20.02425,49.2103]]]}},{"type":"Feature","properties":{"col":29,"row":3,"p":0.00022},"geometry":{"type":"Polygon","coordinates":[[[20.044875,49.2454],[20.04625,49.2454],[20.04625,49.2463],[20.044875,49.2463],[20.044875,49.2454]]]}},{"type":"Feature","properties":{"col":26,"row":1,"p":0.00022},"geometry":{"type":"Polygon","coordinates":[[[20.04075,49.2472],[20.042125,49.2472],[20.042125,49.2481],[20.04075,49.2481],[20.04075,49.2472]]]}},{"type":"Feature","properties":{"col":28,"row":2,"p":0.00022},"geometry":{"type":"Polygon","coordinates":[[[20.0435,49.2463],[20.044875,49.2463],[20.044875,49.2472],[20.0435,49.2472],[20.0435,49.2463]]]}},{"type":"Feature","properties":{"col":4,"row":15,"p":0.00022},"geometry":{"type":"Polygon","coordinates":[[[20.0105,49.2346],[20.011875,49.2346],[20.011875,49.2355],[20.0105,49.2355],[20.0105,49.2346]]]}},{"type":"Feature","properties":{"col":15,"row":40,"p":0.000219},"geometry":{"type":"Polygon","coordinates":[[[20.025625,49.2121],[20.027,49.2121],[20.027,49.213],[20.025625,49.213],[20.025625,49.2121]]]}},{"type":"Feature","properties":{"col":7,"row":12,"p":0.000219},"geometry":{"type":"Polygon","coordinates":[[[20.014625,49.2373],[20.016,49.2373],[20.016,49.2382],[20.014625,49.2382],[20.014625,49.2373]]]}},{"type":"Feature","properties":{"col":3,"row":52,"p":0.000217},"geometry":{"type":"Polygon","coordinates":[[[20.009125,49.2013],[20.0105,49.2013],[20.0105,49.2022],[20.009125,49.2022],[20.009125,49.2013]]]}},{"type":"Feature","properties":{"col":36,"row":17,"p":0.000217},"geometry":{"type":"Polygon","coordinates":[[[20.0545,49.2328],[20.055875,49.2328],[20.055875,49.2337],[20.0545,49.2337],[20.0545,49.2328]]]}},{"type":"Feature","properties":{"col":54,"row":6,"p":0.000217},"geometry":{"type":"Polygon","coordinates":[[[20.07925,49.2427],[20.080625,49.2427],[20.080625,49.2436],[20.07925,49.2436],[20.07925,49.2427]]]}},{"type":"Feature","properties":{"col":51,"row":6,"p":0.000216},"geometry":{"type":"Polygon","coordinates":[[[20.075125,49.2427],[20.0765,49.2427],[20.0765,49.2436],[20.075125,49.2436],[20.075125,49.2427]]]}},{"type":"Feature","properties":{"col":29,"row":57,"p":0.000216},"geometry":{"type":"Polygon","coordinates":[[[20.044875,49.1968],[20.04625,49.1968],[20.04625,49.1977],[20.044875,49.1977],[20.044875,49.1968]]]}},{"type":"Feature","properties":{"col":33,"row":14,"p":0.000214},"geometry":{"type":"Polygon","coordinates":[[[20.050375,49.2355],[20.05175,49.2355],[20.05175,49.2364],[20.050375,49.2364],[20.050375,49.2355]]]}},{"type":"Feature","properties":{"col":9,"row":39,"p":0.000214},"geometry":{"type":"Polygon","coordinates":[[[20.017375,49.213],[20.01875,49.213],[20.01875,49.2139],[20.017375,49.2139],[20.017375,49.213]]]}},{"type":"Feature","properties":{"col":14,"row":32,"p":0.000214},"geometry":{"type":"Polygon","coordinates":[[[20.02425,49.2193],[20.025625,49.2193],[20.025625,49.2202],[20.02425,49.2202],[20.02425,49.2193]]]}},{"type":"Feature","properties":{"col":37,"row":3,"p":0.000214},"geometry":{"type":"Polygon","coordinates":[[[20.055875,49.2454],[20.05725,49.2454],[20.05725,49.2463],[20.055875,49.2463],[20.055875,49.2454]]]}},{"type":"Feature","properties":{"col":18,"row":14,"p":0.000213},"geometry":{"type":"Polygon","coordinates":[[[20.02975,49.2355],[20.031125,49.2355],[20.031125,49.2364],[20.02975,49.2364],[20.02975,49.2355]]]}},{"type":"Feature","properties":{"col":41,"row":34,"p":0.000213},"geometry":{"type":"Polygon","coordinates":[[[20.061375,49.2175],[20.06275,49.2175],[20.06275,49.2184],[20.061375,49.2184],[20.061375,49.2175]]]}},{"type":"Feature","properties":{"col":20,"row":46,"p":0.000213},"geometry":{"type":"Polygon","coordinates":[[[20.0325,49.2067],[20.033875,49.2067],[20.033875,49.2076],[20.0325,49.2076],[20.0325,49.2067]]]}},{"type":"Feature","properties":{"col":57,"row":22,"p":0.000213},"geometry":{"type":"Polygon","coordinates":[[[20.083375,49.2283],[20.08475,49.2283],[20.08475,49.2292],[20.083375,49.2292],[20.083375,49.2283]]]}},{"type":"Feature","properties":{"col":9,"row":30,"p":0.000212},"geometry":{"type":"Polygon","coordinates":[[[20.017375,49.2211],[20.01875,49.2211],[20.01875,49.222],[20.017375,49.222],[20.017375,49.2211]]]}},{"type":"Feature","properties":{"col":36,"row":12,"p":0.000212},"geometry":{"type":"Polygon","coordinates":[[[20.0545,49.2373],[20.055875,49.2373],[20.055875,49.2382],[20.0545,49.2382],[20.0545,49.2373]]]}},{"type":"Feature","properties":{"col":11,"row":28,"p":0.000212},"geometry":{"type":"Polygon","coordinates":[[[20.020125,49.2229],[20.0215,49.2229],[20.0215,49.2238],[20.020125,49.2238],[20.020125,49.2229]]]}},{"type":"Feature","properties":{"col":35,"row":14,"p":0.000211},"geometry":{"type":"Polygon","coordinates":[[[20.053125,49.2355],[20.0545,49.2355],[20.0545,49.2364],[20.053125,49.2364],[20.053125,49.2355]]]}},{"type":"Feature","properties":{"col":13,"row":31,"p":0.000211},"geometry":{"type":"Polygon","coordinates":[[[20.022875,49.2202],[20.02425,49.2202],[20.02425,49.2211],[20.022875,49.2211],[20.022875,49.2202]]]}},{"type":"Feature","properties":{"col":39,"row":57,"p":0.000211},"geometry":{"type":"Polygon","coordinates":[[[20.058625,49.1968],[20.06,49.1968],[20.06,49.1977],[20.058625,49.1977],[20.058625,49.1968]]]}},{"type":"Feature","properties":{"col":21,"row":46,"p":0.00021},"geometry":{"type":"Polygon","coordinates":[[[20.033875,49.2067],[20.03525,49.2067],[20.03525,49.2076],[20.033875,49.2076],[20.033875,49.2067]]]}},{"type":"Feature","properties":{"col":36,"row":18,"p":0.00021},"geometry":{"type":"Polygon","coordinates":[[[20.0545,49.2319],[20.055875,49.2319],[20.055875,49.2328],[20.0545,49.2328],[20.0545,49.2319]]]}},{"type":"Feature","properties":{"col":24,"row":58,"p":0.00021},"geometry":{"type":"Polygon","coordinates":[[[20.038,49.1959],[20.039375,49.1959],[20.039375,49.1968],[20.038,49.1968],[20.038,49.1959]]]}},{"type":"Feature","properties":{"col":13,"row":29,"p":0.00021},"geometry":{"type":"Polygon","coordinates":[[[20.022875,49.222],[20.02425,49.222],[20.02425,49.2229],[20.022875,49.2229],[20.022875,49.222]]]}},{"type":"Feature","properties":{"col":41,"row":4,"p":0.000209},"geometry":{"type":"Polygon","coordinates":[[[20.061375,49.2445],[20.06275,49.2445],[20.06275,49.2454],[20.061375,49.2454],[20.061375,49.2445]]]}},{"type":"Feature","properties":{"col":30,"row":57,"p":0.000209},"geometry":{"type":"Polygon","coordinates":[[[20.04625,49.1968],[20.047625,49.1968],[20.047625,49.1977],[20.04625,49.1977],[20.04625,49.1968]]]}},{"type":"Feature","properties":{"col":14,"row":9,"p":0.000209},"geometry":{"type":"Polygon","coordinates":[[[20.02425,49.24],[20.025625,49.24],[20.025625,49.2409],[20.02425,49.2409],[20.02425,49.24]]]}},{"type":"Feature","properties":{"col":6,"row":34,"p":0.000209},"geometry":{"type":"Polygon","coordinates":[[[20.01325,49.2175],[20.014625,49.2175],[20.014625,49.2184],[20.01325,49.2184],[20.01325,49.2175]]]}},{"type":"Feature","properties":{"col":13,"row":47,"p":0.000208},"geometry":{"type":"Polygon","coordinates":[[[20.022875,49.2058],[20.02425,49.2058],[20.02425,49.2067],[20.022875,49.2067],[20.022875,49.2058]]]}},{"type":"Feature","properties":{"col":19,"row":4,"p":0.000208},"geometry":{"type":"Polygon","coordinates":[[[20.031125,49.2445],[20.0325,49.2445],[20.0325,49.2454],[20.031125,49.2454],[20.031125,49.2445]]]}},{"type":"Feature","properties":{"col":12,"row":23,"p":0.000207},"geometry":{"type":"Polygon","coordinates":[[[20.0215,49.2274],[20.022875,49.2274],[20.022875,49.2283],[20.0215,49.2283],[20.0215,49.2274]]]}},{"type":"Feature","properties":{"col":14,"row":33,"p":0.000206},"geometry":{"type":"Polygon","coordinates":[[[20.02425,49.2184],[20.025625,49.2184],[20.025625,49.2193],[20.02425,49.2193],[20.02425,49.2184]]]}},{"type":"Feature","properties":{"col":10,"row":39,"p":0.000206},"geometry":{"type":"Polygon","coordinates":[[[20.01875,49.213],[20.020125,49.213],[20.020125,49.2139],[20.01875,49.2139],[20.01875,49.213]]]}},{"type":"Feature","properties":{"col":10,"row":41,"p":0.000206},"geometry":{"type":"Polygon","coordinates":[[[20.01875,49.2112],[20.020125,49.2112],[20.020125,49.2121],[20.01875,49.2121],[20.01875,49.2112]]]}},{"type":"Feature","properties":{"col":14,"row":31,"p":0.000206},"geometry":{"type":"Polygon","coordinates":[[[20.02425,49.2202],[20.025625,49.2202],[20.025625,49.2211],[20.02425,49.2211],[20.02425,49.2202]]]}},{"type":"Feature","properties":{"col":3,"row":47,"p":0.000204},"geometry":{"type":"Polygon","coordinates":[[[20.009125,49.2058],[20.0105,49.2058],[20.0105,49.2067],[20.009125,49.2067],[20.009125,49.2058]]]}},{"type":"Feature","properties":{"col":53,"row":14,"p":0.000203},"geometry":{"type":"Polygon","coordinates":[[[20.077875,49.2355],[20.07925,49.2355],[20.07925,49.2364],[20.077875,49.2364],[20.077875,49.2355]]]}},{"type":"Feature","properties":{"col":13,"row":25,"p":0.000202},"geometry":{"type":"Polygon","coordinates":[[[20.022875,49.2256],[20.02425,49.2256],[20.02425,49.2265],[20.022875,49.2265],[20.022875,49.2256]]]}},{"type":"Feature","properties":{"col":32,"row":25,"p":0.000202},"geometry":{"type":"Polygon","coordinates":[[[20.049,49.2256],[20.050375,49.2256],[20.050375,49.2265],[20.049,49.2265],[20.049,49.2256]]]}},{"type":"Feature","properties":{"col":22,"row":9,"p":0.000202},"geometry":{"type":"Polygon","coordinates":[[[20.03525,49.24],[20.036625,49.24],[20.036625,49.2409],[20.03525,49.2409],[20.03525,49.24]]]}},{"type":"Feature","properties":{"col":9,"row":3,"p":0.000202},"geometry":{"type":"Polygon","coordinates":[[[20.017375,49.2454],[20.01875,49.2454],[20.01875,49.2463],[20.017375,49.2463],[20.017375,49.2454]]]}},{"type":"Feature","properties":{"col":0,"row":3,"p":0.000202},"geometry":{"type":"Polygon","coordinates":[[[20.005,49.2454],[20.006375,49.2454],[20.006375,49.2463],[20.005,49.2463],[20.005,49.2454]]]}},{"type":"Feature","properties":{"col":25,"row":4,"p":0.000201},"geometry":{"type":"Polygon","coordinates":[[[20.039375,49.2445],[20.04075,49.2445],[20.04075,49.2454],[20.039375,49.2454],[20.039375,49.2445]]]}},{"type":"Feature","properties":{"col":17,"row":19,"p":0.000201},"geometry":{"type":"Polygon","coordinates":[[[20.028375,49.231],[20.02975,49.231],[20.02975,49.2319],[20.028375,49.2319],[20.028375,49.231]]]}},{"type":"Feature","properties":{"col":22,"row":8,"p":0.000201},"geometry":{"type":"Polygon","coordinates":[[[20.03525,49.2409],[20.036625,49.2409],[20.036625,49.2418],[20.03525,49.2418],[20.03525,49.2409]]]}},{"type":"Feature","properties":{"col":8,"row":40,"p":0.000201},"geometry":{"type":"Polygon","coordinates":[[[20.016,49.2121],[20.017375,49.2121],[20.017375,49.213],[20.016,49.213],[20.016,49.2121]]]}},{"type":"Feature","properties":{"col":30,"row":43,"p":0.000201},"geometry":{"type":"Polygon","coordinates":[[[20.04625,49.2094],[20.047625,49.2094],[20.047625,49.2103],[20.04625,49.2103],[20.04625,49.2094]]]}},{"type":"Feature","properties":{"col":26,"row":3,"p":0.0002},"geometry":{"type":"Polygon","coordinates":[[[20.04075,49.2454],[20.042125,49.2454],[20.042125,49.2463],[20.04075,49.2463],[20.04075,49.2454]]]}},{"type":"Feature","properties":{"col":56,"row":14,"p":0.0002},"geometry":{"type":"Polygon","coordinates":[[[20.082,49.2355],[20.083375,49.2355],[20.083375,49.2364],[20.082,49.2364],[20.082,49.2355]]]}},{"type":"Feature","properties":{"col":9,"row":41,"p":0.0002},"geometry":{"type":"Polygon","coordinates":[[[20.017375,49.2112],[20.01875,49.2112],[20.01875,49.2121],[20.017375,49.2121],[20.017375,49.2112]]]}},{"type":"Feature","properties":{"col":10,"row":34,"p":0.0002},"geometry":{"type":"Polygon","coordinates":[[[20.01875,49.2175],[20.020125,49.2175],[20.020125,49.2184],[20.01875,49.2184],[20.01875,49.2175]]]}},{"type":"Feature","properties":{"col":2,"row":22,"p":0.000199},"geometry":{"type":"Polygon","coordinates":[[[20.00775,49.2283],[20.009125,49.2283],[20.009125,49.2292],[20.00775,49.2292],[20.00775,49.2283]]]}},{"type":"Feature","properties":{"col":42,"row":49,"p":0.000199},"geometry":{"type":"Polygon","coordinates":[[[20.06275,49.204],[20.064125,49.204],[20.064125,49.2049],[20.06275,49.2049],[20.06275,49.204]]]}},{"type":"Feature","properties":{"col":4,"row":17,"p":0.000199},"geometry":{"type":"Polygon","coordinates":[[[20.0105,49.2328],[20.011875,49.2328],[20.011875,49.2337],[20.0105,49.2337],[20.0105,49.2328]]]}},{"type":"Feature","properties":{"col":6,"row":36,"p":0.000199},"geometry":{"type":"Polygon","coordinates":[[[20.01325,49.2157],[20.014625,49.2157],[20.014625,49.2166],[20.01325,49.2166],[20.01325,49.2157]]]}},{"type":"Feature","properties":{"col":19,"row":30,"p":0.000199},"geometry":{"type":"Polygon","coordinates":[[[20.031125,49.2211],[20.0325,49.2211],[20.0325,49.222],[20.031125,49.222],[20.031125,49.2211]]]}},{"type":"Feature","properties":{"col":0,"row":25,"p":0.000198},"geometry":{"type":"Polygon","coordinates":[[[20.005,49.2256],[20.006375,49.2256],[20.006375,49.2265],[20.005,49.2265],[20.005,49.2256]]]}},{"type":"Feature","properties":{"col":21,"row":20,"p":0.000198},"geometry":{"type":"Polygon","coordinates":[[[20.033875,49.2301],[20.03525,49.2301],[20.03525,49.231],[20.033875,49.231],[20.033875,49.2301]]]}},{"type":"Feature","properties":{"col":58,"row":26,"p":0.000198},"geometry":{"type":"Polygon","coordinates":[[[20.08475,49.2247],[20.086125,49.2247],[20.086125,49.2256],[20.08475,49.2256],[20.08475,49.2247]]]}},{"type":"Feature","properties":{"col":51,"row":5,"p":0.000197},"geometry":{"type":"Polygon","coordinates":[[[20.075125,49.2436],[20.0765,49.2436],[20.0765,49.2445],[20.075125,49.2445],[20.075125,49.2436]]]}},{"type":"Feature","properties":{"col":13,"row":24,"p":0.000196},"geometry":{"type":"Polygon","coordinates":[[[20.022875,49.2265],[20.02425,49.2265],[20.02425,49.2274],[20.022875,49.2274],[20.022875,49.2265]]]}},{"type":"Feature","properties":{"col":46,"row":34,"p":0.000196},"geometry":{"type":"Polygon","coordinates":[[[20.06825,49.2175],[20.069625,49.2175],[20.069625,49.2184],[20.06825,49.2184],[20.06825,49.2175]]]}},{"type":"Feature","properties":{"col":23,"row":13,"p":0.000196},"geometry":{"type":"Polygon","coordinates":[[[20.036625,49.2364],[20.038,49.2364],[20.038,49.2373],[20.036625,49.2373],[20.036625,49.2364]]]}},{"type":"Feature","properties":{"col":28,"row":4,"p":0.000196},"geometry":{"type":"Polygon","coordinates":[[[20.0435,49.2445],[20.044875,49.2445],[20.044875,49.2454],[20.0435,49.2454],[20.0435,49.2445]]]}},{"type":"Feature","properties":{"col":33,"row":52,"p":0.000195},"geometry":{"type":"Polygon","coordinates":[[[20.050375,49.2013],[20.05175,49.2013],[20.05175,49.2022],[20.050375,49.2022],[20.050375,49.2013]]]}},{"type":"Feature","properties":{"col":3,"row":19,"p":0.000195},"geometry":{"type":"Polygon","coordinates":[[[20.009125,49.231],[20.0105,49.231],[20.0105,49.2319],[20.009125,49.2319],[20.009125,49.231]]]}},{"type":"Feature","properties":{"col":28,"row":40,"p":0.000194},"geometry":{"type":"Polygon","coordinates":[[[20.0435,49.2121],[20.044875,49.2121],[20.044875,49.213],[20.0435,49.213],[20.0435,49.2121]]]}},{"type":"Feature","properties":{"col":13,"row":4,"p":0.000193},"geometry":{"type":"Polygon","coordinates":[[[20.022875,49.2445],[20.02425,49.2445],[20.02425,49.2454],[20.022875,49.2454],[20.022875,49.2445]]]}},{"type":"Feature","properties":{"col":35,"row":6,"p":0.000192},"geometry":{"type":"Polygon","coordinates":[[[20.053125,49.2427],[20.0545,49.2427],[20.0545,49.2436],[20.053125,49.2436],[20.053125,49.2427]]]}},{"type":"Feature","properties":{"col":3,"row":28,"p":0.000191},"geometry":{"type":"Polygon","coordinates":[[[20.009125,49.2229],[20.0105,49.2229],[20.0105,49.2238],[20.009125,49.2238],[20.009125,49.2229]]]}},{"type":"Feature","properties":{"col":52,"row":55,"p":0.000191},"geometry":{"type":"Polygon","coordinates":[[[20.0765,49.1986],[20.077875,49.1986],[20.077875,49.1995],[20.0765,49.1995],[20.0765,49.1986]]]}},{"type":"Feature","properties":{"col":47,"row":11,"p":0.00019},"geometry":{"type":"Polygon","coordinates":[[[20.069625,49.2382],[20.071,49.2382],[20.071,49.2391],[20.069625,49.2391],[20.069625,49.2382]]]}},{"type":"Feature","properties":{"col":32,"row":12,"p":0.00019},"geometry":{"type":"Polygon","coordinates":[[[20.049,49.2373],[20.050375,49.2373],[20.050375,49.2382],[20.049,49.2382],[20.049,49.2373]]]}},{"type":"Feature","properties":{"col":18,"row":48,"p":0.000188},"geometry":{"type":"Polygon","coordinates":[[[20.02975,49.2049],[20.031125,49.2049],[20.031125,49.2058],[20.02975,49.2058],[20.02975,49.2049]]]}},{"type":"Feature","properties":{"col":18,"row":13,"p":0.000187},"geometry":{"type":"Polygon","coordinates":[[[20.02975,49.2364],[20.031125,49.2364],[20.031125,49.2373],[20.02975,49.2373],[20.02975,49.2364]]]}},{"type":"Feature","properties":{"col":8,"row":14,"p":0.000186},"geometry":{"type":"Polygon","coordinates":[[[20.016,49.2355],[20.017375,49.2355],[20.017375,49.2364],[20.016,49.2364],[20.016,49.2355]]]}},{"type":"Feature","properties":{"col":33,"row":13,"p":0.000186},"geometry":{"type":"Polygon","coordinates":[[[20.050375,49.2364],[20.05175,49.2364],[20.05175,49.2373],[20.050375,49.2373],[20.050375,49.2364]]]}},{"type":"Feature","properties":{"col":2,"row":28,"p":0.000184},"geometry":{"type":"Polygon","coordinates":[[[20.00775,49.2229],[20.009125,49.2229],[20.009125,49.2238],[20.00775,49.2238],[20.00775,49.2229]]]}},{"type":"Feature","properties":{"col":27,"row":0,"p":0.000183},"geometry":{"type":"Polygon","coordinates":[[[20.042125,49.2481],[20.0435,49.2481],[20.0435,49.249],[20.042125,49.249],[20.042125,49.2481]]]}},{"type":"Feature","properties":{"col":34,"row":33,"p":0.000183},"geometry":{"type":"Polygon","coordinates":[[[20.05175,49.2184],[20.053125,49.2184],[20.053125,49.2193],[20.05175,49.2193],[20.05175,49.2184]]]}},{"type":"Feature","properties":{"col":51,"row":9,"p":0.000182},"geometry":{"type":"Polygon","coordinates":[[[20.075125,49.24],[20.0765,49.24],[20.0765,49.2409],[20.075125,49.2409],[20.075125,49.24]]]}},{"type":"Feature","properties":{"col":45,"row":36,"p":0.000182},"geometry":{"type":"Polygon","coordinates":[[[20.066875,49.2157],[20.06825,49.2157],[20.06825,49.2166],[20.066875,49.2166],[20.066875,49.2157]]]}},{"type":"Feature","properties":{"col":54,"row":17,"p":0.000181},"geometry":{"type":"Polygon","coordinates":[[[20.07925,49.2328],[20.080625,49.2328],[20.080625,49.2337],[20.07925,49.2337],[20.07925,49.2328]]]}},{"type":"Feature","properties":{"col":29,"row":46,"p":0.00018},"geometry":{"type":"Polygon","coordinates":[[[20.044875,49.2067],[20.04625,49.2067],[20.04625,49.2076],[20.044875,49.2076],[20.044875,49.2067]]]}},{"type":"Feature","properties":{"col":42,"row":36,"p":0.00018},"geometry":{"type":"Polygon","coordinates":[[[20.06275,49.2157],[20.064125,49.2157],[20.064125,49.2166],[20.06275,49.2166],[20.06275,49.2157]]]}},{"type":"Feature","properties":{"col":24,"row":9,"p":0.00018},"geometry":{"type":"Polygon","coordinates":[[[20.038,49.24],[20.039375,49.24],[20.039375,49.2409],[20.038,49.2409],[20.038,49.24]]]}},{"type":"Feature","properties":{"col":24,"row":17,"p":0.00018},"geometry":{"type":"Polygon","coordinates":[[[20.038,49.2328],[20.039375,49.2328],[20.039375,49.2337],[20.038,49.2337],[20.038,49.2328]]]}},{"type":"Feature","properties":{"col":0,"row":6,"p":0.000179},"geometry":{"type":"Polygon","coordinates":[[[20.005,49.2427],[20.006375,49.2427],[20.006375,49.2436],[20.005,49.2436],[20.005,49.2427]]]}},{"type":"Feature","properties":{"col":12,"row":9,"p":0.000179},"geometry":{"type":"Polygon","coordinates":[[[20.0215,49.24],[20.022875,49.24],[20.022875,49.2409],[20.0215,49.2409],[20.0215,49.24]]]}},{"type":"Feature","properties":{"col":10,"row":17,"p":0.000178},"geometry":{"type":"Polygon","coordinates":[[[20.01875,49.2328],[20.020125,49.2328],[20.020125,49.2337],[20.01875,49.2337],[20.01875,49.2328]]]}},{"type":"Feature","properties":{"col":18,"row":11,"p":0.000178},"geometry":{"type":"Polygon","coordinates":[[[20.02975,49.2382],[20.031125,49.2382],[20.031125,49.2391],[20.02975,49.2391],[20.02975,49.2382]]]}},{"type":"Feature","properties":{"col":29,"row":0,"p":0.000177},"geometry":{"type":"Polygon","coordinates":[[[20.044875,49.2481],[20.04625,49.2481],[20.04625,49.249],[20.044875,49.249],[20.044875,49.2481]]]}},{"type":"Feature","properties":{"col":55,"row":14,"p":0.000177},"geometry":{"type":"Polygon","coordinates":[[[20.080625,49.2355],[20.082,49.2355],[20.082,49.2364],[20.080625,49.2364],[20.080625,49.2355]]]}},{"type":"Feature","properties":{"col":40,"row":39,"p":0.000176},"geometry":{"type":"Polygon","coordinates":[[[20.06,49.213],[20.061375,49.213],[20.061375,49.2139],[20.06,49.2139],[20.06,49.213]]]}},{"type":"Feature","properties":{"col":2,"row":41,"p":0.000176},"geometry":{"type":"Polygon","coordinates":[[[20.00775,49.2112],[20.009125,49.2112],[20.009125,49.2121],[20.00775,49.2121],[20.00775,49.2112]]]}},{"type":"Feature","properties":{"col":35,"row":50,"p":0.000175},"geometry":{"type":"Polygon","coordinates":[[[20.053125,49.2031],[20.0545,49.2031],[20.0545,49.204],[20.053125,49.204],[20.053125,49.2031]]]}},{"type":"Feature","properties":{"col":37,"row":26,"p":0.000175},"geometry":{"type":"Polygon","coordinates":[[[20.055875,49.2247],[20.05725,49.2247],[20.05725,49.2256],[20.055875,49.2256],[20.055875,49.2247]]]}},{"type":"Feature","properties":{"col":4,"row":14,"p":0.000175},"geometry":{"type":"Polygon","coordinates":[[[20.0105,49.2355],[20.011875,49.2355],[20.011875,49.2364],[20.0105,49.2364],[20.0105,49.2355]]]}},{"type":"Feature","properties":{"col":24,"row":12,"p":0.000174},"geometry":{"type":"Polygon","coordinates":[[[20.038,49.2373],[20.039375,49.2373],[20.039375,49.2382],[20.038,49.2382],[20.038,49.2373]]]}},{"type":"Feature","properties":{"col":11,"row":20,"p":0.000174},"geometry":{"type":"Polygon","coordinates":[[[20.020125,49.2301],[20.0215,49.2301],[20.0215,49.231],[20.020125,49.231],[20.020125,49.2301]]]}},{"type":"Feature","properties":{"col":7,"row":36,"p":0.000174},"geometry":{"type":"Polygon","coordinates":[[[20.014625,49.2157],[20.016,49.2157],[20.016,49.2166],[20.014625,49.2166],[20.014625,49.2157]]]}},{"type":"Feature","properties":{"col":20,"row":25,"p":0.000174},"geometry":{"type":"Polygon","coordinates":[[[20.0325,49.2256],[20.033875,49.2256],[20.033875,49.2265],[20.0325,49.2265],[20.0325,49.2256]]]}},{"type":"Feature","properties":{"col":19,"row":18,"p":0.000173},"geometry":{"type":"Polygon","coordinates":[[[20.031125,49.2319],[20.0325,49.2319],[20.0325,49.2328],[20.031125,49.2328],[20.031125,49.2319]]]}},{"type":"Feature","properties":{"col":53,"row":2,"p":0.000173},"geometry":{"type":"Polygon","coordinates":[[[20.077875,49.2463],[20.07925,49.2463],[20.07925,49.2472],[20.077875,49.2472],[20.077875,49.2463]]]}},{"type":"Feature","properties":{"col":2,"row":46,"p":0.000172},"geometry":{"type":"Polygon","coordinates":[[[20.00775,49.2067],[20.009125,49.2067],[20.009125,49.2076],[20.00775,49.2076],[20.00775,49.2067]]]}},{"type":"Feature","properties":{"col":1,"row":23,"p":0.000172},"geometry":{"type":"Polygon","coordinates":[[[20.006375,49.2274],[20.00775,49.2274],[20.00775,49.2283],[20.006375,49.2283],[20.006375,49.2274]]]}},{"type":"Feature","properties":{"col":55,"row":9,"p":0.000172},"geometry":{"type":"Polygon","coordinates":[[[20.080625,49.24],[20.082,49.24],[20.082,49.2409],[20.080625,49.2409],[20.080625,49.24]]]}},{"type":"Feature","properties":{"col":24,"row":56,"p":0.000171},"geometry":{"type":"Polygon","coordinates":[[[20.038,49.1977],[20.039375,49.1977],[20.039375,49.1986],[20.038,49.1986],[20.038,49.1977]]]}},{"type":"Feature","properties":{"col":18,"row":34,"p":0.000171},"geometry":{"type":"Polygon","coordinates":[[[20.02975,49.2175],[20.031125,49.2175],[20.031125,49.2184],[20.02975,49.2184],[20.02975,49.2175]]]}},{"type":"Feature","properties":{"col":28,"row":47,"p":0.00017},"geometry":{"type":"Polygon","coordinates":[[[20.0435,49.2058],[20.044875,49.2058],[20.044875,49.2067],[20.0435,49.2067],[20.0435,49.2058]]]}},{"type":"Feature","properties":{"col":15,"row":10,"p":0.00017},"geometry":{"type":"Polygon","coordinates":[[[20.025625,49.2391],[20.027,49.2391],[20.027,49.24],[20.025625,49.24],[20.025625,49.2391]]]}},{"type":"Feature","properties":{"col":42,"row":40,"p":0.000168},"geometry":{"type":"Polygon","coordinates":[[[20.06275,49.2121],[20.064125,49.2121],[20.064125,49.213],[20.06275,49.213],[20.06275,49.2121]]]}},{"type":"Feature","properties":{"col":5,"row":36,"p":0.000168},"geometry":{"type":"Polygon","coordinates":[[[20.011875,49.2157],[20.01325,49.2157],[20.01325,49.2166],[20.011875,49.2166],[20.011875,49.2157]]]}},{"type":"Feature","properties":{"col":19,"row":0,"p":0.000168},"geometry":{"type":"Polygon","coordinates":[[[20.031125,49.2481],[20.0325,49.2481],[20.0325,49.249],[20.031125,49.249],[20.031125,49.2481]]]}},{"type":"Feature","properties":{"col":26,"row":39,"p":0.000167},"geometry":{"type":"Polygon","coordinates":[[[20.04075,49.213],[20.042125,49.213],[20.042125,49.2139],[20.04075,49.2139],[20.04075,49.213]]]}},{"type":"Feature","properties":{"col":23,"row":39,"p":0.000167},"geometry":{"type":"Polygon","coordinates":[[[20.036625,49.213],[20.038,49.213],[20.038,49.2139],[20.036625,49.2139],[20.036625,49.213]]]}},{"type":"Feature","properties":{"col":20,"row":52,"p":0.000167},"geometry":{"type":"Polygon","coordinates":[[[20.0325,49.2013],[20.033875,49.2013],[20.033875,49.2022],[20.0325,49.2022],[20.0325,49.2013]]]}},{"type":"Feature","properties":{"col":20,"row":32,"p":0.000167},"geometry":{"type":"Polygon","coordinates":[[[20.0325,49.2193],[20.033875,49.2193],[20.033875,49.2202],[20.0325,49.2202],[20.0325,49.2193]]]}},{"type":"Feature","properties":{"col":8,"row":13,"p":0.000167},"geometry":{"type":"Polygon","coordinates":[[[20.016,49.2364],[20.017375,49.2364],[20.017375,49.2373],[20.016,49.2373],[20.016,49.2364]]]}},{"type":"Feature","properties":{"col":3,"row":0,"p":0.000165},"geometry":{"type":"Polygon","coordinates":[[[20.009125,49.2481],[20.0105,49.2481],[20.0105,49.249],[20.009125,49.249],[20.009125,49.2481]]]}},{"type":"Feature","properties":{"col":30,"row":46,"p":0.000165},"geometry":{"type":"Polygon","coordinates":[[[20.04625,49.2067],[20.047625,49.2067],[20.047625,49.2076],[20.04625,49.2076],[20.04625,49.2067]]]}},{"type":"Feature","properties":{"col":24,"row":54,"p":0.000165},"geometry":{"type":"Polygon","coordinates":[[[20.038,49.1995],[20.039375,49.1995],[20.039375,49.2004],[20.038,49.2004],[20.038,49.1995]]]}},{"type":"Feature","properties":{"col":19,"row":49,"p":0.000164},"geometry":{"type":"Polygon","coordinates":[[[20.031125,49.204],[20.0325,49.204],[20.0325,49.2049],[20.031125,49.2049],[20.031125,49.204]]]}},{"type":"Feature","properties":{"col":3,"row":37,"p":0.000164},"geometry":{"type":"Polygon","coordinates":[[[20.009125,49.2148],[20.0105,49.2148],[20.0105,49.2157],[20.009125,49.2157],[20.009125,49.2148]]]}},{"type":"Feature","properties":{"col":43,"row":57,"p":0.000164},"geometry":{"type":"Polygon","coordinates":[[[20.064125,49.1968],[20.0655,49.1968],[20.0655,49.1977],[20.064125,49.1977],[20.064125,49.1968]]]}},{"type":"Feature","properties":{"col":8,"row":42,"p":0.000164},"geometry":{"type":"Polygon","coordinates":[[[20.016,49.2103],[20.017375,49.2103],[20.017375,49.2112],[20.016,49.2112],[20.016,49.2103]]]}},{"type":"Feature","properties":{"col":10,"row":24,"p":0.000163},"geometry":{"type":"Polygon","coordinates":[[[20.01875,49.2265],[20.020125,49.2265],[20.020125,49.2274],[20.01875,49.2274],[20.01875,49.2265]]]}},{"type":"Feature","properties":{"col":34,"row":38,"p":0.000163},"geometry":{"type":"Polygon","coordinates":[[[20.05175,49.2139],[20.053125,49.2139],[20.053125,49.2148],[20.05175,49.2148],[20.05175,49.2139]]]}},{"type":"Feature","properties":{"col":31,"row":57,"p":0.000162},"geometry":{"type":"Polygon","coordinates":[[[20.047625,49.1968],[20.049,49.1968],[20.049,49.1977],[20.047625,49.1977],[20.047625,49.1968]]]}},{"type":"Feature","properties":{"col":1,"row":36,"p":0.000162},"geometry":{"type":"Polygon","coordinates":[[[20.006375,49.2157],[20.00775,49.2157],[20.00775,49.2166],[20.006375,49.2166],[20.006375,49.2157]]]}},{"type":"Feature","properties":{"col":2,"row":51,"p":0.000161},"geometry":{"type":"Polygon","coordinates":[[[20.00775,49.2022],[20.009125,49.2022],[20.009125,49.2031],[20.00775,49.2031],[20.00775,49.2022]]]}},{"type":"Feature","properties":{"col":32,"row":17,"p":0.000161},"geometry":{"type":"Polygon","coordinates":[[[20.049,49.2328],[20.050375,49.2328],[20.050375,49.2337],[20.049,49.2337],[20.049,49.2328]]]}},{"type":"Feature","properties":{"col":28,"row":1,"p":0.000161},"geometry":{"type":"Polygon","coordinates":[[[20.0435,49.2472],[20.044875,49.2472],[20.044875,49.2481],[20.0435,49.2481],[20.0435,49.2472]]]}},{"type":"Feature","properties":{"col":17,"row":47,"p":0.000161},"geometry":{"type":"Polygon","coordinates":[[[20.028375,49.2058],[20.02975,49.2058],[20.02975,49.2067],[20.028375,49.2067],[20.028375,49.2058]]]}},{"type":"Feature","properties":{"col":9,"row":15,"p":0.000161},"geometry":{"type":"Polygon","coordinates":[[[20.017375,49.2346],[20.01875,49.2346],[20.01875,49.2355],[20.017375,49.2355],[20.017375,49.2346]]]}},{"type":"Feature","properties":{"col":14,"row":5,"p":0.00016},"geometry":{"type":"Polygon","coordinates":[[[20.02425,49.2436],[20.025625,49.2436],[20.025625,49.2445],[20.02425,49.2445],[20.02425,49.2436]]]}},{"type":"Feature","properties":{"col":52,"row":15,"p":0.00016},"geometry":{"type":"Polygon","coordinates":[[[20.0765,49.2346],[20.077875,49.2346],[20.077875,49.2355],[20.0765,49.2355],[20.0765,49.2346]]]}},{"type":"Feature","properties":{"col":52,"row":4,"p":0.00016},"geometry":{"type":"Polygon","coordinates":[[[20.0765,49.2445],[20.077875,49.2445],[20.077875,49.2454],[20.0765,49.2454],[20.0765,49.2445]]]}},{"type":"Feature","properties":{"col":1,"row":14,"p":0.000159},"geometry":{"type":"Polygon","coordinates":[[[20.006375,49.2355],[20.00775,49.2355],[20.00775,49.2364],[20.006375,49.2364],[20.006375,49.2355]]]}},{"type":"Feature","properties":{"col":7,"row":13,"p":0.000158},"geometry":{"type":"Polygon","coordinates":[[[20.014625,49.2364],[20.016,49.2364],[20.016,49.2373],[20.014625,49.2373],[20.014625,49.2364]]]}},{"type":"Feature","properties":{"col":27,"row":58,"p":0.000157},"geometry":{"type":"Polygon","coordinates":[[[20.042125,49.1959],[20.0435,49.1959],[20.0435,49.1968],[20.042125,49.1968],[20.042125,49.1959]]]}},{"type":"Feature","properties":{"col":35,"row":7,"p":0.000157},"geometry":{"type":"Polygon","coordinates":[[[20.053125,49.2418],[20.0545,49.2418],[20.0545,49.2427],[20.053125,49.2427],[20.053125,49.2418]]]}},{"type":"Feature","properties":{"col":34,"row":45,"p":0.000156},"geometry":{"type":"Polygon","coordinates":[[[20.05175,49.2076],[20.053125,49.2076],[20.053125,49.2085],[20.05175,49.2085],[20.05175,49.2076]]]}},{"type":"Feature","properties":{"col":57,"row":13,"p":0.000156},"geometry":{"type":"Polygon","coordinates":[[[20.083375,49.2364],[20.08475,49.2364],[20.08475,49.2373],[20.083375,49.2373],[20.083375,49.2364]]]}},{"type":"Feature","properties":{"col":23,"row":59,"p":0.000156},"geometry":{"type":"Polygon","coordinates":[[[20.036625,49.195],[20.038,49.195],[20.038,49.1959],[20.036625,49.1959],[20.036625,49.195]]]}},{"type":"Feature","properties":{"col":8,"row":31,"p":0.000155},"geometry":{"type":"Polygon","coordinates":[[[20.016,49.2202],[20.017375,49.2202],[20.017375,49.2211],[20.016,49.2211],[20.016,49.2202]]]}},{"type":"Feature","properties":{"col":24,"row":24,"p":0.000154},"geometry":{"type":"Polygon","coordinates":[[[20.038,49.2265],[20.039375,49.2265],[20.039375,49.2274],[20.038,49.2274],[20.038,49.2265]]]}},{"type":"Feature","properties":{"col":57,"row":26,"p":0.000154},"geometry":{"type":"Polygon","coordinates":[[[20.083375,49.2247],[20.08475,49.2247],[20.08475,49.2256],[20.083375,49.2256],[20.083375,49.2247]]]}},{"type":"Feature","properties":{"col":40,"row":18,"p":0.000154},"geometry":{"type":"Polygon","coordinates":[[[20.06,49.2319],[20.061375,49.2319],[20.061375,49.2328],[20.06,49.2328],[20.06,49.2319]]]}},{"type":"Feature","properties":{"col":3,"row":33,"p":0.000154},"geometry":{"type":"Polygon","coordinates":[[[20.009125,49.2184],[20.0105,49.2184],[20.0105,49.2193],[20.009125,49.2193],[20.009125,49.2184]]]}},{"type":"Feature","properties":{"col":42,"row":1,"p":0.000154},"geometry":{"type":"Polygon","coordinates":[[[20.06275,49.2472],[20.064125,49.2472],[20.064125,49.2481],[20.06275,49.2481],[20.06275,49.2472]]]}},{"type":"Feature","properties":{"col":52,"row":27,"p":0.000153},"geometry":{"type":"Polygon","coordinates":[[[20.0765,49.2238],[20.077875,49.2238],[20.077875,49.2247],[20.0765,49.2247],[20.0765,49.2238]]]}},{"type":"Feature","properties":{"col":33,"row":46,"p":0.000153},"geometry":{"type":"Polygon","coordinates":[[[20.050375,49.2067],[20.05175,49.2067],[20.05175,49.2076],[20.050375,49.2076],[20.050375,49.2067]]]}},{"type":"Feature","properties":{"col":50,"row":33,"p":0.000153},"geometry":{"type":"Polygon","coordinates":[[[20.07375,49.2184],[20.075125,49.2184],[20.075125,49.2193],[20.07375,49.2193],[20.07375,49.2184]]]}},{"type":"Feature","properties":{"col":8,"row":15,"p":0.000153},"geometry":{"type":"Polygon","coordinates":[[[20.016,49.2346],[20.017375,49.2346],[20.017375,49.2355],[20.016,49.2355],[20.016,49.2346]]]}},{"type":"Feature","properties":{"col":5,"row":38,"p":0.000153},"geometry":{"type":"Polygon","coordinates":[[[20.011875,49.2139],[20.01325,49.2139],[20.01325,49.2148],[20.011875,49.2148],[20.011875,49.2139]]]}},{"type":"Feature","properties":{"col":23,"row":4,"p":0.000152},"geometry":{"type":"Polygon","coordinates":[[[20.036625,49.2445],[20.038,49.2445],[20.038,49.2454],[20.036625,49.2454],[20.036625,49.2445]]]}},{"type":"Feature","properties":{"col":9,"row":45,"p":0.000152},"geometry":{"type":"Polygon","coordinates":[[[20.017375,49.2076],[20.01875,49.2076],[20.01875,49.2085],[20.017375,49.2085],[20.017375,49.2076]]]}},{"type":"Feature","properties":{"col":8,"row":45,"p":0.000152},"geometry":{"type":"Polygon","coordinates":[[[20.016,49.2076],[20.017375,49.2076],[20.017375,49.2085],[20.016,49.2085],[20.016,49.2076]]]}},{"type":"Feature","properties":{"col":31,"row":25,"p":0.000151},"geometry":{"type":"Polygon","coordinates":[[[20.047625,49.2256],[20.049,49.2256],[20.049,49.2265],[20.047625,49.2265],[20.047625,49.2256]]]}},{"type":"Feature","properties":{"col":56,"row":9,"p":0.00015},"geometry":{"type":"Polygon","coordinates":[[[20.082,49.24],[20.083375,49.24],[20.083375,49.2409],[20.082,49.2409],[20.082,49.24]]]}},{"type":"Feature","properties":{"col":35,"row":58,"p":0.00015},"geometry":{"type":"Polygon","coordinates":[[[20.053125,49.1959],[20.0545,49.1959],[20.0545,49.1968],[20.053125,49.1968],[20.053125,49.1959]]]}},{"type":"Feature","properties":{"col":25,"row":7,"p":0.00015},"geometry":{"type":"Polygon","coordinates":[[[20.039375,49.2418],[20.04075,49.2418],[20.04075,49.2427],[20.039375,49.2427],[20.039375,49.2418]]]}},{"type":"Feature","properties":{"col":21,"row":50,"p":0.000149},"geometry":{"type":"Polygon","coordinates":[[[20.033875,49.2031],[20.03525,49.2031],[20.03525,49.204],[20.033875,49.204],[20.033875,49.2031]]]}},{"type":"Feature","properties":{"col":7,"row":57,"p":0.000149},"geometry":{"type":"Polygon","coordinates":[[[20.014625,49.1968],[20.016,49.1968],[20.016,49.1977],[20.014625,49.1977],[20.014625,49.1968]]]}},{"type":"Feature","properties":{"col":1,"row":13,"p":0.000148},"geometry":{"type":"Polygon","coordinates":[[[20.006375,49.2364],[20.00775,49.2364],[20.00775,49.2373],[20.006375,49.2373],[20.006375,49.2364]]]}},{"type":"Feature","properties":{"col":43,"row":2,"p":0.000148},"geometry":{"type":"Polygon","coordinates":[[[20.064125,49.2463],[20.0655,49.2463],[20.0655,49.2472],[20.064125,49.2472],[20.064125,49.2463]]]}},{"type":"Feature","properties":{"col":25,"row":36,"p":0.000148},"geometry":{"type":"Polygon","coordinates":[[[20.039375,49.2157],[20.04075,49.2157],[20.04075,49.2166],[20.039375,49.2166],[20.039375,49.2157]]]}},{"type":"Feature","properties":{"col":4,"row":47,"p":0.000148},"geometry":{"type":"Polygon","coordinates":[[[20.0105,49.2058],[20.011875,49.2058],[20.011875,49.2067],[20.0105,49.2067],[20.0105,49.2058]]]}},{"type":"Feature","properties":{"col":3,"row":44,"p":0.000148},"geometry":{"type":"Polygon","coordinates":[[[20.009125,49.2085],[20.0105,49.2085],[20.0105,49.2094],[20.009125,49.2094],[20.009125,49.2085]]]}},{"type":"Feature","properties":{"col":49,"row":39,"p":0.000147},"geometry":{"type":"Polygon","coordinates":[[[20.072375,49.213],[20.07375,49.213],[20.07375,49.2139],[20.072375,49.2139],[20.072375,49.213]]]}},{"type":"Feature","properties":{"col":24,"row":41,"p":0.000147},"geometry":{"type":"Polygon","coordinates":[[[20.038,49.2112],[20.039375,49.2112],[20.039375,49.2121],[20.038,49.2121],[20.038,49.2112]]]}},{"type":"Feature","properties":{"col":57,"row":32,"p":0.000146},"geometry":{"type":"Polygon","coordinates":[[[20.083375,49.2193],[20.08475,49.2193],[20.08475,49.2202],[20.083375,49.2202],[20.083375,49.2193]]]}},{"type":"Feature","properties":{"col":59,"row":30,"p":0.000146},"geometry":{"type":"Polygon","coordinates":[[[20.086125,49.2211],[20.0875,49.2211],[20.0875,49.222],[20.086125,49.222],[20.086125,49.2211]]]}},{"type":"Feature","properties":{"col":54,"row":16,"p":0.000146},"geometry":{"type":"Polygon","coordinates":[[[20.07925,49.2337],[20.080625,49.2337],[20.080625,49.2346],[20.07925,49.2346],[20.07925,49.2337]]]}},{"type":"Feature","properties":{"col":3,"row":31,"p":0.000146},"geometry":{"type":"Polygon","coordinates":[[[20.009125,49.2202],[20.0105,49.2202],[20.0105,49.2211],[20.009125,49.2211],[20.009125,49.2202]]]}},{"type":"Feature","properties":{"col":51,"row":20,"p":0.000145},"geometry":{"type":"Polygon","coordinates":[[[20.075125,49.2301],[20.0765,49.2301],[20.0765,49.231],[20.075125,49.231],[20.075125,49.2301]]]}},{"type":"Feature","properties":{"col":23,"row":14,"p":0.000145},"geometry":{"type":"Polygon","coordinates":[[[20.036625,49.2355],[20.038,49.2355],[20.038,49.2364],[20.036625,49.2364],[20.036625,49.2355]]]}},{"type":"Feature","properties":{"col":1,"row":48,"p":0.000144},"geometry":{"type":"Polygon","coordinates":[[[20.006375,49.2049],[20.00775,49.2049],[20.00775,49.2058],[20.006375,49.2058],[20.006375,49.2049]]]}},{"type":"Feature","properties":{"col":34,"row":7,"p":0.000144},"geometry":{"type":"Polygon","coordinates":[[[20.05175,49.2418],[20.053125,49.2418],[20.053125,49.2427],[20.05175,49.2427],[20.05175,49.2418]]]}},{"type":"Feature","properties":{"col":12,"row":10,"p":0.000144},"geometry":{"type":"Polygon","coordinates":[[[20.0215,49.2391],[20.022875,49.2391],[20.022875,49.24],[20.0215,49.24],[20.0215,49.2391]]]}},{"type":"Feature","properties":{"col":29,"row":31,"p":0.000144},"geometry":{"type":"Polygon","coordinates":[[[20.044875,49.2202],[20.04625,49.2202],[20.04625,49.2211],[20.044875,49.2211],[20.044875,49.2202]]]}},{"type":"Feature","properties":{"col":3,"row":3,"p":0.000143},"geometry":{"type":"Polygon","coordinates":[[[20.009125,49.2454],[20.0105,49.2454],[20.0105,49.2463],[20.009125,49.2463],[20.009125,49.2454]]]}},{"type":"Feature","properties":{"col":39,"row":56,"p":0.000143},"geometry":{"type":"Polygon","coordinates":[[[20.058625,49.1977],[20.06,49.1977],[20.06,49.1986],[20.058625,49.1986],[20.058625,49.1977]]]}},{"type":"Feature","properties":{"col":33,"row":20,"p":0.000142},"geometry":{"type":"Polygon","coordinates":[[[20.050375,49.2301],[20.05175,49.2301],[20.05175,49.231],[20.050375,49.231],[20.050375,49.2301]]]}},{"type":"Feature","properties":{"col":55,"row":28,"p":0.000142},"geometry":{"type":"Polygon","coordinates":[[[20.080625,49.2229],[20.082,49.2229],[20.082,49.2238],[20.080625,49.2238],[20.080625,49.2229]]]}},{"type":"Feature","properties":{"col":2,"row":26,"p":0.000142},"geometry":{"type":"Polygon","coordinates":[[[20.00775,49.2247],[20.009125,49.2247],[20.009125,49.2256],[20.00775,49.2256],[20.00775,49.2247]]]}},{"type":"Feature","properties":{"col":15,"row":32,"p":0.000142},"geometry":{"type":"Polygon","coordinates":[[[20.025625,49.2193],[20.027,49.2193],[20.027,49.2202],[20.025625,49.2202],[20.025625,49.2193]]]}},{"type":"Feature","properties":{"col":55,"row":21,"p":0.000141},"geometry":{"type":"Polygon","coordinates":[[[20.080625,49.2292],[20.082,49.2292],[20.082,49.2301],[20.080625,49.2301],[20.080625,49.2292]]]}},{"type":"Feature","properties":{"col":36,"row":7,"p":0.000141},"geometry":{"type":"Polygon","coordinates":[[[20.0545,49.2418],[20.055875,49.2418],[20.055875,49.2427],[20.0545,49.2427],[20.0545,49.2418]]]}},{"type":"Feature","properties":{"col":0,"row":53,"p":0.000141},"geometry":{"type":"Polygon","coordinates":[[[20.005,49.2004],[20.006375,49.2004],[20.006375,49.2013],[20.005,49.2013],[20.005,49.2004]]]}},{"type":"Feature","properties":{"col":33,"row":7,"p":0.00014},"geometry":{"type":"Polygon","coordinates":[[[20.050375,49.2418],[20.05175,49.2418],[20.05175,49.2427],[20.050375,49.2427],[20.050375,49.2418]]]}},{"type":"Feature","properties":{"col":37,"row":48,"p":0.00014},"geometry":{"type":"Polygon","coordinates":[[[20.055875,49.2049],[20.05725,49.2049],[20.05725,49.2058],[20.055875,49.2058],[20.055875,49.2049]]]}},{"type":"Feature","properties":{"col":15,"row":1,"p":0.000138},"geometry":{"type":"Polygon","coordinates":[[[20.025625,49.2472],[20.027,49.2472],[20.027,49.2481],[20.025625,49.2481],[20.025625,49.2472]]]}},{"type":"Feature","properties":{"col":54,"row":15,"p":0.000138},"geometry":{"type":"Polygon","coordinates":[[[20.07925,49.2346],[20.080625,49.2346],[20.080625,49.2355],[20.07925,49.2355],[20.07925,49.2346]]]}},{"type":"Feature","properties":{"col":4,"row":55,"p":0.000137},"geometry":{"type":"Polygon","coordinates":[[[20.0105,49.1986],[20.011875,49.1986],[20.011875,49.1995],[20.0105,49.1995],[20.0105,49.1986]]]}},{"type":"Feature","properties":{"col":5,"row":4,"p":0.000137},"geometry":{"type":"Polygon","coordinates":[[[20.011875,49.2445],[20.01325,49.2445],[20.01325,49.2454],[20.011875,49.2454],[20.011875,49.2445]]]}},{"type":"Feature","properties":{"col":3,"row":32,"p":0.000136},"geometry":{"type":"Polygon","coordinates":[[[20.009125,49.2193],[20.0105,49.2193],[20.0105,49.2202],[20.009125,49.2202],[20.009125,49.2193]]]}},{"type":"Feature","properties":{"col":30,"row":5,"p":0.000136},"geometry":{"type":"Polygon","coordinates":[[[20.04625,49.2436],[20.047625,49.2436],[20.047625,49.2445],[20.04625,49.2445],[20.04625,49.2436]]]}},{"type":"Feature","properties":{"col":2,"row":21,"p":0.000136},"geometry":{"type":"Polygon","coordinates":[[[20.00775,49.2292],[20.009125,49.2292],[20.009125,49.2301],[20.00775,49.2301],[20.00775,49.2292]]]}},{"type":"Feature","properties":{"col":17,"row":29,"p":0.000135},"geometry":{"type":"Polygon","coordinates":[[[20.028375,49.222],[20.02975,49.222],[20.02975,49.2229],[20.028375,49.2229],[20.028375,49.222]]]}},{"type":"Feature","properties":{"col":42,"row":21,"p":0.000134},"geometry":{"type":"Polygon","coordinates":[[[20.06275,49.2292],[20.064125,49.2292],[20.064125,49.2301],[20.06275,49.2301],[20.06275,49.2292]]]}},{"type":"Feature","properties":{"col":19,"row":1,"p":0.000133},"geometry":{"type":"Polygon","coordinates":[[[20.031125,49.2472],[20.0325,49.2472],[20.0325,49.2481],[20.031125,49.2481],[20.031125,49.2472]]]}},{"type":"Feature","properties":{"col":34,"row":9,"p":0.000133},"geometry":{"type":"Polygon","coordinates":[[[20.05175,49.24],[20.053125,49.24],[20.053125,49.2409],[20.05175,49.2409],[20.05175,49.24]]]}},{"type":"Feature","properties":{"col":8,"row":41,"p":0.000132},"geometry":{"type":"Polygon","coordinates":[[[20.016,49.2112],[20.017375,49.2112],[20.017375,49.2121],[20.016,49.2121],[20.016,49.2112]]]}},{"type":"Feature","properties":{"col":50,"row":31,"p":0.000132},"geometry":{"type":"Polygon","coordinates":[[[20.07375,49.2202],[20.075125,49.2202],[20.075125,49.2211],[20.07375,49.2211],[20.07375,49.2202]]]}},{"type":"Feature","properties":{"col":30,"row":3,"p":0.000131},"geometry":{"type":"Polygon","coordinates":[[[20.04625,49.2454],[20.047625,49.2454],[20.047625,49.2463],[20.04625,49.2463],[20.04625,49.2454]]]}},{"type":"Feature","properties":{"col":11,"row":48,"p":0.000131},"geometry":{"type":"Polygon","coordinates":[[[20.020125,49.2049],[20.0215,49.2049],[20.0215,49.2058],[20.020125,49.2058],[20.020125,49.2049]]]}},{"type":"Feature","properties":{"col":51,"row":15,"p":0.000131},"geometry":{"type":"Polygon","coordinates":[[[20.075125,49.2346],[20.0765,49.2346],[20.0765,49.2355],[20.075125,49.2355],[20.075125,49.2346]]]}},{"type":"Feature","properties":{"col":50,"row":15,"p":0.00013},"geometry":{"type":"Polygon","coordinates":[[[20.07375,49.2346],[20.075125,49.2346],[20.075125,49.2355],[20.07375,49.2355],[20.07375,49.2346]]]}},{"type":"Feature","properties":{"col":56,"row":1,"p":0.00013},"geometry":{"type":"Polygon","coordinates":[[[20.082,49.2472],[20.083375,49.2472],[20.083375,49.2481],[20.082,49.2481],[20.082,49.2472]]]}},{"type":"Feature","properties":{"col":38,"row":25,"p":0.00013},"geometry":{"type":"Polygon","coordinates":[[[20.05725,49.2256],[20.058625,49.2256],[20.058625,49.2265],[20.05725,49.2265],[20.05725,49.2256]]]}},{"type":"Feature","properties":{"col":5,"row":44,"p":0.000127},"geometry":{"type":"Polygon","coordinates":[[[20.011875,49.2085],[20.01325,49.2085],[20.01325,49.2094],[20.011875,49.2094],[20.011875,49.2085]]]}},{"type":"Feature","properties":{"col":30,"row":42,"p":0.000127},"geometry":{"type":"Polygon","coordinates":[[[20.04625,49.2103],[20.047625,49.2103],[20.047625,49.2112],[20.04625,49.2112],[20.04625,49.2103]]]}},{"type":"Feature","properties":{"col":3,"row":6,"p":0.000127},"geometry":{"type":"Polygon","coordinates":[[[20.009125,49.2427],[20.0105,49.2427],[20.0105,49.2436],[20.009125,49.2436],[20.009125,49.2427]]]}},{"type":"Feature","properties":{"col":22,"row":12,"p":0.000127},"geometry":{"type":"Polygon","coordinates":[[[20.03525,49.2373],[20.036625,49.2373],[20.036625,49.2382],[20.03525,49.2382],[20.03525,49.2373]]]}},{"type":"Feature","properties":{"col":13,"row":32,"p":0.000127},"geometry":{"type":"Polygon","coordinates":[[[20.022875,49.2193],[20.02425,49.2193],[20.02425,49.2202],[20.022875,49.2202],[20.022875,49.2193]]]}},{"type":"Feature","properties":{"col":13,"row":11,"p":0.000127},"geometry":{"type":"Polygon","coordinates":[[[20.022875,49.2382],[20.02425,49.2382],[20.02425,49.2391],[20.022875,49.2391],[20.022875,49.2382]]]}},{"type":"Feature","properties":{"col":30,"row":0,"p":0.000127},"geometry":{"type":"Polygon","coordinates":[[[20.04625,49.2481],[20.047625,49.2481],[20.047625,49.249],[20.04625,49.249],[20.04625,49.2481]]]}},{"type":"Feature","properties":{"col":36,"row":33,"p":0.000127},"geometry":{"type":"Polygon","coordinates":[[[20.0545,49.2184],[20.055875,49.2184],[20.055875,49.2193],[20.0545,49.2193],[20.0545,49.2184]]]}},{"type":"Feature","properties":{"col":30,"row":16,"p":0.000126},"geometry":{"type":"Polygon","coordinates":[[[20.04625,49.2337],[20.047625,49.2337],[20.047625,49.2346],[20.04625,49.2346],[20.04625,49.2337]]]}},{"type":"Feature","properties":{"col":17,"row":16,"p":0.000126},"geometry":{"type":"Polygon","coordinates":[[[20.028375,49.2337],[20.02975,49.2337],[20.02975,49.2346],[20.028375,49.2346],[20.028375,49.2337]]]}},{"type":"Feature","properties":{"col":8,"row":23,"p":0.000125},"geometry":{"type":"Polygon","coordinates":[[[20.016,49.2274],[20.017375,49.2274],[20.017375,49.2283],[20.016,49.2283],[20.016,49.2274]]]}},{"type":"Feature","properties":{"col":14,"row":30,"p":0.000125},"geometry":{"type":"Polygon","coordinates":[[[20.02425,49.2211],[20.025625,49.2211],[20.025625,49.222],[20.02425,49.222],[20.02425,49.2211]]]}},{"type":"Feature","properties":{"col":33,"row":16,"p":0.000124},"geometry":{"type":"Polygon","coordinates":[[[20.050375,49.2337],[20.05175,49.2337],[20.05175,49.2346],[20.050375,49.2346],[20.050375,49.2337]]]}},{"type":"Feature","properties":{"col":10,"row":42,"p":0.000124},"geometry":{"type":"Polygon","coordinates":[[[20.01875,49.2103],[20.020125,49.2103],[20.020125,49.2112],[20.01875,49.2112],[20.01875,49.2103]]]}},{"type":"Feature","properties":{"col":19,"row":32,"p":0.000124},"geometry":{"type":"Polygon","coordinates":[[[20.031125,49.2193],[20.0325,49.2193],[20.0325,49.2202],[20.031125,49.2202],[20.031125,49.2193]]]}},{"type":"Feature","properties":{"col":3,"row":2,"p":0.000124},"geometry":{"type":"Polygon","coordinates":[[[20.009125,49.2463],[20.0105,49.2463],[20.0105,49.2472],[20.009125,49.2472],[20.009125,49.2463]]]}},{"type":"Feature","properties":{"col":13,"row":5,"p":0.000124},"geometry":{"type":"Polygon","coordinates":[[[20.022875,49.2436],[20.02425,49.2436],[20.02425,49.2445],[20.022875,49.2445],[20.022875,49.2436]]]}},{"type":"Feature","properties":{"col":43,"row":25,"p":0.000123},"geometry":{"type":"Polygon","coordinates":[[[20.064125,49.2256],[20.0655,49.2256],[20.0655,49.2265],[20.064125,49.2265],[20.064125,49.2256]]]}},{"type":"Feature","properties":{"col":35,"row":8,"p":0.000123},"geometry":{"type":"Polygon","coordinates":[[[20.053125,49.2409],[20.0545,49.2409],[20.0545,49.2418],[20.053125,49.2418],[20.053125,49.2409]]]}},{"type":"Feature","properties":{"col":21,"row":10,"p":0.000122},"geometry":{"type":"Polygon","coordinates":[[[20.033875,49.2391],[20.03525,49.2391],[20.03525,49.24],[20.033875,49.24],[20.033875,49.2391]]]}},{"type":"Feature","properties":{"col":0,"row":48,"p":0.000122},"geometry":{"type":"Polygon","coordinates":[[[20.005,49.2049],[20.006375,49.2049],[20.006375,49.2058],[20.005,49.2058],[20.005,49.2049]]]}},{"type":"Feature","properties":{"col":29,"row":42,"p":0.000121},"geometry":{"type":"Polygon","coordinates":[[[20.044875,49.2103],[20.04625,49.2103],[20.04625,49.2112],[20.044875,49.2112],[20.044875,49.2103]]]}},{"type":"Feature","properties":{"col":24,"row":39,"p":0.000121},"geometry":{"type":"Polygon","coordinates":[[[20.038,49.213],[20.039375,49.213],[20.039375,49.2139],[20.038,49.2139],[20.038,49.213]]]}},{"type":"Feature","properties":{"col":6,"row":4,"p":0.000121},"geometry":{"type":"Polygon","coordinates":[[[20.01325,49.2445],[20.014625,49.2445],[20.014625,49.2454],[20.01325,49.2454],[20.01325,49.2445]]]}},{"type":"Feature","properties":{"col":4,"row":52,"p":0.000121},"geometry":{"type":"Polygon","coordinates":[[[20.0105,49.2013],[20.011875,49.2013],[20.011875,49.2022],[20.0105,49.2022],[20.0105,49.2013]]]}},{"type":"Feature","properties":{"col":20,"row":19,"p":0.000121},"geometry":{"type":"Polygon","coordinates":[[[20.0325,49.231],[20.033875,49.231],[20.033875,49.2319],[20.0325,49.2319],[20.0325,49.231]]]}},{"type":"Feature","properties":{"col":29,"row":45,"p":0.00012},"geometry":{"type":"Polygon","coordinates":[[[20.044875,49.2076],[20.04625,49.2076],[20.04625,49.2085],[20.044875,49.2085],[20.044875,49.2076]]]}},{"type":"Feature","properties":{"col":52,"row":26,"p":0.00012},"geometry":{"type":"Polygon","coordinates":[[[20.0765,49.2247],[20.077875,49.2247],[20.077875,49.2256],[20.0765,49.2256],[20.0765,49.2247]]]}},{"type":"Feature","properties":{"col":36,"row":22,"p":0.00012},"geometry":{"type":"Polygon","coordinates":[[[20.0545,49.2283],[20.055875,49.2283],[20.055875,49.2292],[20.0545,49.2292],[20.0545,49.2283]]]}},{"type":"Feature","properties":{"col":38,"row":40,"p":0.000119},"geometry":{"type":"Polygon","coordinates":[[[20.05725,49.2121],[20.058625,49.2121],[20.058625,49.213],[20.05725,49.213],[20.05725,49.2121]]]}},{"type":"Feature","properties":{"col":10,"row":25,"p":0.000119},"geometry":{"type":"Polygon","coordinates":[[[20.01875,49.2256],[20.020125,49.2256],[20.020125,49.2265],[20.01875,49.2265],[20.01875,49.2256]]]}},{"type":"Feature","properties":{"col":19,"row":31,"p":0.000119},"geometry":{"type":"Polygon","coordinates":[[[20.031125,49.2202],[20.0325,49.2202],[20.0325,49.2211],[20.031125,49.2211],[20.031125,49.2202]]]}},{"type":"Feature","properties":{"col":5,"row":42,"p":0.000119},"geometry":{"type":"Polygon","coordinates":[[[20.011875,49.2103],[20.01325,49.2103],[20.01325,49.2112],[20.011875,49.2112],[20.011875,49.2103]]]}},{"type":"Feature","properties":{"col":44,"row":36,"p":0.000118},"geometry":{"type":"Polygon","coordinates":[[[20.0655,49.2157],[20.066875,49.2157],[20.066875,49.2166],[20.0655,49.2166],[20.0655,49.2157]]]}},{"type":"Feature","properties":{"col":20,"row":20,"p":0.000118},"geometry":{"type":"Polygon","coordinates":[[[20.0325,49.2301],[20.033875,49.2301],[20.033875,49.231],[20.0325,49.231],[20.0325,49.2301]]]}},{"type":"Feature","properties":{"col":56,"row":12,"p":0.000117},"geometry":{"type":"Polygon","coordinates":[[[20.082,49.2373],[20.083375,49.2373],[20.083375,49.2382],[20.082,49.2382],[20.082,49.2373]]]}},{"type":"Feature","properties":{"col":23,"row":5,"p":0.000117},"geometry":{"type":"Polygon","coordinates":[[[20.036625,49.2436],[20.038,49.2436],[20.038,49.2445],[20.036625,49.2445],[20.036625,49.2436]]]}},{"type":"Feature","properties":{"col":23,"row":9,"p":0.000116},"geometry":{"type":"Polygon","coordinates":[[[20.036625,49.24],[20.038,49.24],[20.038,49.2409],[20.036625,49.2409],[20.036625,49.24]]]}},{"type":"Feature","properties":{"col":7,"row":18,"p":0.000115},"geometry":{"type":"Polygon","coordinates":[[[20.014625,49.2319],[20.016,49.2319],[20.016,49.2328],[20.014625,49.2328],[20.014625,49.2319]]]}},{"type":"Feature","properties":{"col":10,"row":30,"p":0.000115},"geometry":{"type":"Polygon","coordinates":[[[20.01875,49.2211],[20.020125,49.2211],[20.020125,49.222],[20.01875,49.222],[20.01875,49.2211]]]}},{"type":"Feature","properties":{"col":41,"row":16,"p":0.000115},"geometry":{"type":"Polygon","coordinates":[[[20.061375,49.2337],[20.06275,49.2337],[20.06275,49.2346],[20.061375,49.2346],[20.061375,49.2337]]]}},{"type":"Feature","properties":{"col":1,"row":32,"p":0.000114},"geometry":{"type":"Polygon","coordinates":[[[20.006375,49.2193],[20.00775,49.2193],[20.00775,49.2202],[20.006375,49.2202],[20.006375,49.2193]]]}},{"type":"Feature","properties":{"col":5,"row":28,"p":0.000114},"geometry":{"type":"Polygon","coordinates":[[[20.011875,49.2229],[20.01325,49.2229],[20.01325,49.2238],[20.011875,49.2238],[20.011875,49.2229]]]}},{"type":"Feature","properties":{"col":8,"row":32,"p":0.000113},"geometry":{"type":"Polygon","coordinates":[[[20.016,49.2193],[20.017375,49.2193],[20.017375,49.2202],[20.016,49.2202],[20.016,49.2193]]]}},{"type":"Feature","properties":{"col":22,"row":46,"p":0.000113},"geometry":{"type":"Polygon","coordinates":[[[20.03525,49.2067],[20.036625,49.2067],[20.036625,49.2076],[20.03525,49.2076],[20.03525,49.2067]]]}},{"type":"Feature","properties":{"col":52,"row":9,"p":0.000112},"geometry":{"type":"Polygon","coordinates":[[[20.0765,49.24],[20.077875,49.24],[20.077875,49.2409],[20.0765,49.2409],[20.0765,49.24]]]}},{"type":"Feature","properties":{"col":26,"row":37,"p":0.000111},"geometry":{"type":"Polygon","coordinates":[[[20.04075,49.2148],[20.042125,49.2148],[20.042125,49.2157],[20.04075,49.2157],[20.04075,49.2148]]]}},{"type":"Feature","properties":{"col":0,"row":5,"p":0.000111},"geometry":{"type":"Polygon","coordinates":[[[20.005,49.2436],[20.006375,49.2436],[20.006375,49.2445],[20.005,49.2445],[20.005,49.2436]]]}},{"type":"Feature","properties":{"col":5,"row":5,"p":0.00011},"geometry":{"type":"Polygon","coordinates":[[[20.011875,49.2436],[20.01325,49.2436],[20.01325,49.2445],[20.011875,49.2445],[20.011875,49.2436]]]}},{"type":"Feature","properties":{"col":31,"row":7,"p":0.00011},"geometry":{"type":"Polygon","coordinates":[[[20.047625,49.2418],[20.049,49.2418],[20.049,49.2427],[20.047625,49.2427],[20.047625,49.2418]]]}},{"type":"Feature","properties":{"col":25,"row":8,"p":0.000109},"geometry":{"type":"Polygon","coordinates":[[[20.039375,49.2409],[20.04075,49.2409],[20.04075,49.2418],[20.039375,49.2418],[20.039375,49.2409]]]}},{"type":"Feature","properties":{"col":11,"row":24,"p":0.000109},"geometry":{"type":"Polygon","coordinates":[[[20.020125,49.2265],[20.0215,49.2265],[20.0215,49.2274],[20.020125,49.2274],[20.020125,49.2265]]]}},{"type":"Feature","properties":{"col":9,"row":24,"p":0.000109},"geometry":{"type":"Polygon","coordinates":[[[20.017375,49.2265],[20.01875,49.2265],[20.01875,49.2274],[20.017375,49.2274],[20.017375,49.2265]]]}},{"type":"Feature","properties":{"col":54,"row":18,"p":0.000109},"geometry":{"type":"Polygon","coordinates":[[[20.07925,49.2319],[20.080625,49.2319],[20.080625,49.2328],[20.07925,49.2328],[20.07925,49.2319]]]}},{"type":"Feature","properties":{"col":19,"row":33,"p":0.000109},"geometry":{"type":"Polygon","coordinates":[[[20.031125,49.2184],[20.0325,49.2184],[20.0325,49.2193],[20.031125,49.2193],[20.031125,49.2184]]]}},{"type":"Feature","properties":{"col":24,"row":1,"p":0.000108},"geometry":{"type":"Polygon","coordinates":[[[20.038,49.2472],[20.039375,49.2472],[20.039375,49.2481],[20.038,49.2481],[20.038,49.2472]]]}},{"type":"Feature","properties":{"col":46,"row":51,"p":0.000108},"geometry":{"type":"Polygon","coordinates":[[[20.06825,49.2022],[20.069625,49.2022],[20.069625,49.2031],[20.06825,49.2031],[20.06825,49.2022]]]}},{"type":"Feature","properties":{"col":3,"row":1,"p":0.000107},"geometry":{"type":"Polygon","coordinates":[[[20.009125,49.2472],[20.0105,49.2472],[20.0105,49.2481],[20.009125,49.2481],[20.009125,49.2472]]]}},{"type":"Feature","properties":{"col":19,"row":27,"p":0.000107},"geometry":{"type":"Polygon","coordinates":[[[20.031125,49.2238],[20.0325,49.2238],[20.0325,49.2247],[20.031125,49.2247],[20.031125,49.2238]]]}},{"type":"Feature","properties":{"col":2,"row":7,"p":0.000107},"geometry":{"type":"Polygon","coordinates":[[[20.00775,49.2418],[20.009125,49.2418],[20.009125,49.2427],[20.00775,49.2427],[20.00775,49.2418]]]}},{"type":"Feature","properties":{"col":44,"row":0,"p":0.000107},"geometry":{"type":"Polygon","coordinates":[[[20.0655,49.2481],[20.066875,49.2481],[20.066875,49.249],[20.0655,49.249],[20.0655,49.2481]]]}},{"type":"Feature","properties":{"col":32,"row":14,"p":0.000107},"geometry":{"type":"Polygon","coordinates":[[[20.049,49.2355],[20.050375,49.2355],[20.050375,49.2364],[20.049,49.2364],[20.049,49.2355]]]}},{"type":"Feature","properties":{"col":4,"row":51,"p":0.000106},"geometry":{"type":"Polygon","coordinates":[[[20.0105,49.2022],[20.011875,49.2022],[20.011875,49.2031],[20.0105,49.2031],[20.0105,49.2022]]]}},{"type":"Feature","properties":{"col":51,"row":7,"p":0.000106},"geometry":{"type":"Polygon","coordinates":[[[20.075125,49.2418],[20.0765,49.2418],[20.0765,49.2427],[20.075125,49.2427],[20.075125,49.2418]]]}},{"type":"Feature","properties":{"col":32,"row":46,"p":0.000106},"geometry":{"type":"Polygon","coordinates":[[[20.049,49.2067],[20.050375,49.2067],[20.050375,49.2076],[20.049,49.2076],[20.049,49.2067]]]}},{"type":"Feature","properties":{"col":18,"row":33,"p":0.000106},"geometry":{"type":"Polygon","coordinates":[[[20.02975,49.2184],[20.031125,49.2184],[20.031125,49.2193],[20.02975,49.2193],[20.02975,49.2184]]]}},{"type":"Feature","properties":{"col":33,"row":35,"p":0.000106},"geometry":{"type":"Polygon","coordinates":[[[20.050375,49.2166],[20.05175,49.2166],[20.05175,49.2175],[20.050375,49.2175],[20.050375,49.2166]]]}},{"type":"Feature","properties":{"col":20,"row":10,"p":0.000105},"geometry":{"type":"Polygon","coordinates":[[[20.0325,49.2391],[20.033875,49.2391],[20.033875,49.24],[20.0325,49.24],[20.0325,49.2391]]]}},{"type":"Feature","properties":{"col":0,"row":26,"p":0.000105},"geometry":{"type":"Polygon","coordinates":[[[20.005,49.2247],[20.006375,49.2247],[20.006375,49.2256],[20.005,49.2256],[20.005,49.2247]]]}},{"type":"Feature","properties":{"col":27,"row":40,"p":0.000105},"geometry":{"type":"Polygon","coordinates":[[[20.042125,49.2121],[20.0435,49.2121],[20.0435,49.213],[20.042125,49.213],[20.042125,49.2121]]]}},{"type":"Feature","properties":{"col":58,"row":35,"p":0.000104},"geometry":{"type":"Polygon","coordinates":[[[20.08475,49.2166],[20.086125,49.2166],[20.086125,49.2175],[20.08475,49.2175],[20.08475,49.2166]]]}},{"type":"Feature","properties":{"col":4,"row":32,"p":0.000104},"geometry":{"type":"Polygon","coordinates":[[[20.0105,49.2193],[20.011875,49.2193],[20.011875,49.2202],[20.0105,49.2202],[20.0105,49.2193]]]}},{"type":"Feature","properties":{"col":4,"row":5,"p":0.000103},"geometry":{"type":"Polygon","coordinates":[[[20.0105,49.2436],[20.011875,49.2436],[20.011875,49.2445],[20.0105,49.2445],[20.0105,49.2436]]]}},{"type":"Feature","properties":{"col":20,"row":40,"p":0.000103},"geometry":{"type":"Polygon","coordinates":[[[20.0325,49.2121],[20.033875,49.2121],[20.033875,49.213],[20.0325,49.213],[20.0325,49.2121]]]}},{"type":"Feature","properties":{"col":4,"row":48,"p":0.000103},"geometry":{"type":"Polygon","coordinates":[[[20.0105,49.2049],[20.011875,49.2049],[20.011875,49.2058],[20.0105,49.2058],[20.0105,49.2049]]]}},{"type":"Feature","properties":{"col":21,"row":13,"p":0.000103},"geometry":{"type":"Polygon","coordinates":[[[20.033875,49.2364],[20.03525,49.2364],[20.03525,49.2373],[20.033875,49.2373],[20.033875,49.2364]]]}},{"type":"Feature","properties":{"col":33,"row":22,"p":0.000102},"geometry":{"type":"Polygon","coordinates":[[[20.050375,49.2283],[20.05175,49.2283],[20.05175,49.2292],[20.050375,49.2292],[20.050375,49.2283]]]}},{"type":"Feature","properties":{"col":2,"row":12,"p":0.000102},"geometry":{"type":"Polygon","coordinates":[[[20.00775,49.2373],[20.009125,49.2373],[20.009125,49.2382],[20.00775,49.2382],[20.00775,49.2373]]]}},{"type":"Feature","properties":{"col":59,"row":31,"p":0.000102},"geometry":{"type":"Polygon","coordinates":[[[20.086125,49.2202],[20.0875,49.2202],[20.0875,49.2211],[20.086125,49.2211],[20.086125,49.2202]]]}},{"type":"Feature","properties":{"col":47,"row":34,"p":0.000102},"geometry":{"type":"Polygon","coordinates":[[[20.069625,49.2175],[20.071,49.2175],[20.071,49.2184],[20.069625,49.2184],[20.069625,49.2175]]]}},{"type":"Feature","properties":{"col":26,"row":36,"p":0.000102},"geometry":{"type":"Polygon","coordinates":[[[20.04075,49.2157],[20.042125,49.2157],[20.042125,49.2166],[20.04075,49.2166],[20.04075,49.2157]]]}},{"type":"Feature","properties":{"col":30,"row":7,"p":0.000102},"geometry":{"type":"Polygon","coordinates":[[[20.04625,49.2418],[20.047625,49.2418],[20.047625,49.2427],[20.04625,49.2427],[20.04625,49.2418]]]}},{"type":"Feature","properties":{"col":0,"row":31,"p":0.000102},"geometry":{"type":"Polygon","coordinates":[[[20.005,49.2202],[20.006375,49.2202],[20.006375,49.2211],[20.005,49.2211],[20.005,49.2202]]]}},{"type":"Feature","properties":{"col":58,"row":13,"p":0.000102},"geometry":{"type":"Polygon","coordinates":[[[20.08475,49.2364],[20.086125,49.2364],[20.086125,49.2373],[20.08475,49.2373],[20.08475,49.2364]]]}},{"type":"Feature","properties":{"col":22,"row":11,"p":0.000101},"geometry":{"type":"Polygon","coordinates":[[[20.03525,49.2382],[20.036625,49.2382],[20.036625,49.2391],[20.03525,49.2391],[20.03525,49.2382]]]}},{"type":"Feature","properties":{"col":20,"row":17,"p":0.000101},"geometry":{"type":"Polygon","coordinates":[[[20.0325,49.2328],[20.033875,49.2328],[20.033875,49.2337],[20.0325,49.2337],[20.0325,49.2328]]]}},{"type":"Feature","properties":{"col":41,"row":35,"p":0.000101},"geometry":{"type":"Polygon","coordinates":[[[20.061375,49.2166],[20.06275,49.2166],[20.06275,49.2175],[20.061375,49.2175],[20.061375,49.2166]]]}},{"type":"Feature","properties":{"col":4,"row":28,"p":0.000101},"geometry":{"type":"Polygon","coordinates":[[[20.0105,49.2229],[20.011875,49.2229],[20.011875,49.2238],[20.0105,49.2238],[20.0105,49.2229]]]}},{"type":"Feature","properties":{"col":1,"row":15,"p":0.0001},"geometry":{"type":"Polygon","coordinates":[[[20.006375,49.2346],[20.00775,49.2346],[20.00775,49.2355],[20.006375,49.2355],[20.006375,49.2346]]]}},{"type":"Feature","properties":{"col":10,"row":7,"p":0.0001},"geometry":{"type":"Polygon","coordinates":[[[20.01875,49.2418],[20.020125,49.2418],[20.020125,49.2427],[20.01875,49.2427],[20.01875,49.2418]]]}},{"type":"Feature","properties":{"col":8,"row":12,"p":0.0001},"geometry":{"type":"Polygon","coordinates":[[[20.016,49.2373],[20.017375,49.2373],[20.017375,49.2382],[20.016,49.2382],[20.016,49.2373]]]}},{"type":"Feature","properties":{"col":52,"row":31,"p":0.0001},"geometry":{"type":"Polygon","coordinates":[[[20.0765,49.2202],[20.077875,49.2202],[20.077875,49.2211],[20.0765,49.2211],[20.0765,49.2202]]]}},{"type":"Feature","properties":{"col":33,"row":36,"p":9.9e-05},"geometry":{"type":"Polygon","coordinates":[[[20.050375,49.2157],[20.05175,49.2157],[20.05175,49.2166],[20.050375,49.2166],[20.050375,49.2157]]]}},{"type":"Feature","properties":{"col":23,"row":3,"p":9.9e-05},"geometry":{"type":"Polygon","coordinates":[[[20.036625,49.2454],[20.038,49.2454],[20.038,49.2463],[20.036625,49.2463],[20.036625,49.2454]]]}},{"type":"Feature","properties":{"col":55,"row":15,"p":9.8e-05},"geometry":{"type":"Polygon","coordinates":[[[20.080625,49.2346],[20.082,49.2346],[20.082,49.2355],[20.080625,49.2355],[20.080625,49.2346]]]}},{"type":"Feature","properties":{"col":4,"row":4,"p":9.8e-05},"geometry":{"type":"Polygon","coordinates":[[[20.0105,49.2445],[20.011875,49.2445],[20.011875,49.2454],[20.0105,49.2454],[20.0105,49.2445]]]}},{"type":"Feature","properties":{"col":16,"row":51,"p":9.8e-05},"geometry":{"type":"Polygon","coordinates":[[[20.027,49.2022],[20.028375,49.2022],[20.028375,49.2031],[20.027,49.2031],[20.027,49.2022]]]}},{"type":"Feature","properties":{"col":11,"row":18,"p":9.8e-05},"geometry":{"type":"Polygon","coordinates":[[[20.020125,49.2319],[20.0215,49.2319],[20.0215,49.2328],[20.020125,49.2328],[20.020125,49.2319]]]}},{"type":"Feature","properties":{"col":13,"row":34,"p":9.7e-05},"geometry":{"type":"Polygon","coordinates":[[[20.022875,49.2175],[20.02425,49.2175],[20.02425,49.2184],[20.022875,49.2184],[20.022875,49.2175]]]}},{"type":"Feature","properties":{"col":55,"row":12,"p":9.7e-05},"geometry":{"type":"Polygon","coordinates":[[[20.080625,49.2373],[20.082,49.2373],[20.082,49.2382],[20.080625,49.2382],[20.080625,49.2373]]]}},{"type":"Feature","properties":{"col":38,"row":4,"p":9.7e-05},"geometry":{"type":"Polygon","coordinates":[[[20.05725,49.2445],[20.058625,49.2445],[20.058625,49.2454],[20.05725,49.2454],[20.05725,49.2445]]]}},{"type":"Feature","properties":{"col":43,"row":23,"p":9.7e-05},"geometry":{"type":"Polygon","coordinates":[[[20.064125,49.2274],[20.0655,49.2274],[20.0655,49.2283],[20.064125,49.2283],[20.064125,49.2274]]]}},{"type":"Feature","properties":{"col":2,"row":31,"p":9.6e-05},"geometry":{"type":"Polygon","coordinates":[[[20.00775,49.2202],[20.009125,49.2202],[20.009125,49.2211],[20.00775,49.2211],[20.00775,49.2202]]]}},{"type":"Feature","properties":{"col":11,"row":25,"p":9.6e-05},"geometry":{"type":"Polygon","coordinates":[[[20.020125,49.2256],[20.0215,49.2256],[20.0215,49.2265],[20.020125,49.2265],[20.020125,49.2256]]]}},{"type":"Feature","properties":{"col":37,"row":4,"p":9.6e-05},"geometry":{"type":"Polygon","coordinates":[[[20.055875,49.2445],[20.05725,49.2445],[20.05725,49.2454],[20.055875,49.2454],[20.055875,49.2445]]]}},{"type":"Feature","properties":{"col":24,"row":52,"p":9.5e-05},"geometry":{"type":"Polygon","coordinates":[[[20.038,49.2013],[20.039375,49.2013],[20.039375,49.2022],[20.038,49.2022],[20.038,49.2013]]]}},{"type":"Feature","properties":{"col":34,"row":46,"p":9.5e-05},"geometry":{"type":"Polygon","coordinates":[[[20.05175,49.2067],[20.053125,49.2067],[20.053125,49.2076],[20.05175,49.2076],[20.05175,49.2067]]]}},{"type":"Feature","properties":{"col":11,"row":19,"p":9.5e-05},"geometry":{"type":"Polygon","coordinates":[[[20.020125,49.231],[20.0215,49.231],[20.0215,49.2319],[20.020125,49.2319],[20.020125,49.231]]]}},{"type":"Feature","properties":{"col":12,"row":28,"p":9.5e-05},"geometry":{"type":"Polygon","coordinates":[[[20.0215,49.2229],[20.022875,49.2229],[20.022875,49.2238],[20.0215,49.2238],[20.0215,49.2229]]]}},{"type":"Feature","properties":{"col":27,"row":50,"p":9.5e-05},"geometry":{"type":"Polygon","coordinates":[[[20.042125,49.2031],[20.0435,49.2031],[20.0435,49.204],[20.042125,49.204],[20.042125,49.2031]]]}},{"type":"Feature","properties":{"col":50,"row":55,"p":9.4e-05},"geometry":{"type":"Polygon","coordinates":[[[20.07375,49.1986],[20.075125,49.1986],[20.075125,49.1995],[20.07375,49.1995],[20.07375,49.1986]]]}},{"type":"Feature","properties":{"col":28,"row":30,"p":9.4e-05},"geometry":{"type":"Polygon","coordinates":[[[20.0435,49.2211],[20.044875,49.2211],[20.044875,49.222],[20.0435,49.222],[20.0435,49.2211]]]}},{"type":"Feature","properties":{"col":29,"row":56,"p":9.4e-05},"geometry":{"type":"Polygon","coordinates":[[[20.044875,49.1977],[20.04625,49.1977],[20.04625,49.1986],[20.044875,49.1986],[20.044875,49.1977]]]}},{"type":"Feature","properties":{"col":31,"row":46,"p":9.3e-05},"geometry":{"type":"Polygon","coordinates":[[[20.047625,49.2067],[20.049,49.2067],[20.049,49.2076],[20.047625,49.2076],[20.047625,49.2067]]]}},{"type":"Feature","properties":{"col":4,"row":29,"p":9.3e-05},"geometry":{"type":"Polygon","coordinates":[[[20.0105,49.222],[20.011875,49.222],[20.011875,49.2229],[20.0105,49.2229],[20.0105,49.222]]]}},{"type":"Feature","properties":{"col":38,"row":48,"p":9.3e-05},"geometry":{"type":"Polygon","coordinates":[[[20.05725,49.2049],[20.058625,49.2049],[20.058625,49.2058],[20.05725,49.2058],[20.05725,49.2049]]]}},{"type":"Feature","properties":{"col":21,"row":53,"p":9.3e-05},"geometry":{"type":"Polygon","coordinates":[[[20.033875,49.2004],[20.03525,49.2004],[20.03525,49.2013],[20.033875,49.2013],[20.033875,49.2004]]]}},{"type":"Feature","properties":{"col":5,"row":24,"p":9.3e-05},"geometry":{"type":"Polygon","coordinates":[[[20.011875,49.2265],[20.01325,49.2265],[20.01325,49.2274],[20.011875,49.2274],[20.011875,49.2265]]]}},{"type":"Feature","properties":{"col":3,"row":12,"p":9.3e-05},"geometry":{"type":"Polygon","coordinates":[[[20.009125,49.2373],[20.0105,49.2373],[20.0105,49.2382],[20.009125,49.2382],[20.009125,49.2373]]]}},{"type":"Feature","properties":{"col":1,"row":31,"p":9.2e-05},"geometry":{"type":"Polygon","coordinates":[[[20.006375,49.2202],[20.00775,49.2202],[20.00775,49.2211],[20.006375,49.2211],[20.006375,49.2202]]]}},{"type":"Feature","properties":{"col":55,"row":20,"p":9.2e-05},"geometry":{"type":"Polygon","coordinates":[[[20.080625,49.2301],[20.082,49.2301],[20.082,49.231],[20.080625,49.231],[20.080625,49.2301]]]}},{"type":"Feature","properties":{"col":11,"row":21,"p":9.2e-05},"geometry":{"type":"Polygon","coordinates":[[[20.020125,49.2292],[20.0215,49.2292],[20.0215,49.2301],[20.020125,49.2301],[20.020125,49.2292]]]}},{"type":"Feature","properties":{"col":28,"row":44,"p":9.2e-05},"geometry":{"type":"Polygon","coordinates":[[[20.0435,49.2085],[20.044875,49.2085],[20.044875,49.2094],[20.0435,49.2094],[20.0435,49.2085]]]}},{"type":"Feature","properties":{"col":31,"row":43,"p":9.2e-05},"geometry":{"type":"Polygon","coordinates":[[[20.047625,49.2094],[20.049,49.2094],[20.049,49.2103],[20.047625,49.2103],[20.047625,49.2094]]]}},{"type":"Feature","properties":{"col":7,"row":15,"p":9.1e-05},"geometry":{"type":"Polygon","coordinates":[[[20.014625,49.2346],[20.016,49.2346],[20.016,49.2355],[20.014625,49.2355],[20.014625,49.2346]]]}},{"type":"Feature","properties":{"col":21,"row":3,"p":9.1e-05},"geometry":{"type":"Polygon","coordinates":[[[20.033875,49.2454],[20.03525,49.2454],[20.03525,49.2463],[20.033875,49.2463],[20.033875,49.2454]]]}},{"type":"Feature","properties":{"col":49,"row":19,"p":9e-05},"geometry":{"type":"Polygon","coordinates":[[[20.072375,49.231],[20.07375,49.231],[20.07375,49.2319],[20.072375,49.2319],[20.072375,49.231]]]}},{"type":"Feature","properties":{"col":55,"row":10,"p":9e-05},"geometry":{"type":"Polygon","coordinates":[[[20.080625,49.2391],[20.082,49.2391],[20.082,49.24],[20.080625,49.24],[20.080625,49.2391]]]}},{"type":"Feature","properties":{"col":53,"row":5,"p":9e-05},"geometry":{"type":"Polygon","coordinates":[[[20.077875,49.2436],[20.07925,49.2436],[20.07925,49.2445],[20.077875,49.2445],[20.077875,49.2436]]]}},{"type":"Feature","properties":{"col":24,"row":5,"p":9e-05},"geometry":{"type":"Polygon","coordinates":[[[20.038,49.2436],[20.039375,49.2436],[20.039375,49.2445],[20.038,49.2445],[20.038,49.2436]]]}},{"type":"Feature","properties":{"col":38,"row":21,"p":9e-05},"geometry":{"type":"Polygon","coordinates":[[[20.05725,49.2292],[20.058625,49.2292],[20.058625,49.2301],[20.05725,49.2301],[20.05725,49.2292]]]}},{"type":"Feature","properties":{"col":45,"row":15,"p":9e-05},"geometry":{"type":"Polygon","coordinates":[[[20.066875,49.2346],[20.06825,49.2346],[20.06825,49.2355],[20.066875,49.2355],[20.066875,49.2346]]]}},{"type":"Feature","properties":{"col":34,"row":16,"p":8.9e-05},"geometry":{"type":"Polygon","coordinates":[[[20.05175,49.2337],[20.053125,49.2337],[20.053125,49.2346],[20.05175,49.2346],[20.05175,49.2337]]]}},{"type":"Feature","properties":{"col":5,"row":21,"p":8.8e-05},"geometry":{"type":"Polygon","coordinates":[[[20.011875,49.2292],[20.01325,49.2292],[20.01325,49.2301],[20.011875,49.2301],[20.011875,49.2292]]]}},{"type":"Feature","properties":{"col":53,"row":1,"p":8.8e-05},"geometry":{"type":"Polygon","coordinates":[[[20.077875,49.2472],[20.07925,49.2472],[20.07925,49.2481],[20.077875,49.2481],[20.077875,49.2472]]]}},{"type":"Feature","properties":{"col":6,"row":37,"p":8.8e-05},"geometry":{"type":"Polygon","coordinates":[[[20.01325,49.2148],[20.014625,49.2148],[20.014625,49.2157],[20.01325,49.2157],[20.01325,49.2148]]]}},{"type":"Feature","properties":{"col":31,"row":22,"p":8.8e-05},"geometry":{"type":"Polygon","coordinates":[[[20.047625,49.2283],[20.049,49.2283],[20.049,49.2292],[20.047625,49.2292],[20.047625,49.2283]]]}},{"type":"Feature","properties":{"col":34,"row":8,"p":8.8e-05},"geometry":{"type":"Polygon","coordinates":[[[20.05175,49.2409],[20.053125,49.2409],[20.053125,49.2418],[20.05175,49.2418],[20.05175,49.2409]]]}},{"type":"Feature","properties":{"col":20,"row":29,"p":8.7e-05},"geometry":{"type":"Polygon","coordinates":[[[20.0325,49.222],[20.033875,49.222],[20.033875,49.2229],[20.0325,49.2229],[20.0325,49.222]]]}},{"type":"Feature","properties":{"col":16,"row":10,"p":8.7e-05},"geometry":{"type":"Polygon","coordinates":[[[20.027,49.2391],[20.028375,49.2391],[20.028375,49.24],[20.027,49.24],[20.027,49.2391]]]}},{"type":"Feature","properties":{"col":32,"row":47,"p":8.7e-05},"geometry":{"type":"Polygon","coordinates":[[[20.049,49.2058],[20.050375,49.2058],[20.050375,49.2067],[20.049,49.2067],[20.049,49.2058]]]}},{"type":"Feature","properties":{"col":21,"row":41,"p":8.7e-05},"geometry":{"type":"Polygon","coordinates":[[[20.033875,49.2112],[20.03525,49.2112],[20.03525,49.2121],[20.033875,49.2121],[20.033875,49.2112]]]}},{"type":"Feature","properties":{"col":33,"row":0,"p":8.6e-05},"geometry":{"type":"Polygon","coordinates":[[[20.050375,49.2481],[20.05175,49.2481],[20.05175,49.249],[20.050375,49.249],[20.050375,49.2481]]]}},{"type":"Feature","properties":{"col":41,"row":37,"p":8.6e-05},"geometry":{"type":"Polygon","coordinates":[[[20.061375,49.2148],[20.06275,49.2148],[20.06275,49.2157],[20.061375,49.2157],[20.061375,49.2148]]]}},{"type":"Feature","properties":{"col":38,"row":46,"p":8.6e-05},"geometry":{"type":"Polygon","coordinates":[[[20.05725,49.2067],[20.058625,49.2067],[20.058625,49.2076],[20.05725,49.2076],[20.05725,49.2067]]]}},{"type":"Feature","properties":{"col":31,"row":8,"p":8.6e-05},"geometry":{"type":"Polygon","coordinates":[[[20.047625,49.2409],[20.049,49.2409],[20.049,49.2418],[20.047625,49.2418],[20.047625,49.2409]]]}},{"type":"Feature","properties":{"col":24,"row":10,"p":8.5e-05},"geometry":{"type":"Polygon","coordinates":[[[20.038,49.2391],[20.039375,49.2391],[20.039375,49.24],[20.038,49.24],[20.038,49.2391]]]}},{"type":"Feature","properties":{"col":9,"row":13,"p":8.5e-05},"geometry":{"type":"Polygon","coordinates":[[[20.017375,49.2364],[20.01875,49.2364],[20.01875,49.2373],[20.017375,49.2373],[20.017375,49.2364]]]}},{"type":"Feature","properties":{"col":13,"row":8,"p":8.5e-05},"geometry":{"type":"Polygon","coordinates":[[[20.022875,49.2409],[20.02425,49.2409],[20.02425,49.2418],[20.022875,49.2418],[20.022875,49.2409]]]}},{"type":"Feature","properties":{"col":25,"row":17,"p":8.4e-05},"geometry":{"type":"Polygon","coordinates":[[[20.039375,49.2328],[20.04075,49.2328],[20.04075,49.2337],[20.039375,49.2337],[20.039375,49.2328]]]}},{"type":"Feature","properties":{"col":31,"row":0,"p":8.4e-05},"geometry":{"type":"Polygon","coordinates":[[[20.047625,49.2481],[20.049,49.2481],[20.049,49.249],[20.047625,49.249],[20.047625,49.2481]]]}},{"type":"Feature","properties":{"col":43,"row":50,"p":8.4e-05},"geometry":{"type":"Polygon","coordinates":[[[20.064125,49.2031],[20.0655,49.2031],[20.0655,49.204],[20.064125,49.204],[20.064125,49.2031]]]}},{"type":"Feature","properties":{"col":2,"row":45,"p":8.4e-05},"geometry":{"type":"Polygon","coordinates":[[[20.00775,49.2076],[20.009125,49.2076],[20.009125,49.2085],[20.00775,49.2085],[20.00775,49.2076]]]}},{"type":"Feature","properties":{"col":14,"row":1,"p":8.4e-05},"geometry":{"type":"Polygon","coordinates":[[[20.02425,49.2472],[20.025625,49.2472],[20.025625,49.2481],[20.02425,49.2481],[20.02425,49.2472]]]}},{"type":"Feature","properties":{"col":24,"row":57,"p":8.4e-05},"geometry":{"type":"Polygon","coordinates":[[[20.038,49.1968],[20.039375,49.1968],[20.039375,49.1977],[20.038,49.1977],[20.038,49.1968]]]}},{"type":"Feature","properties":{"col":58,"row":14,"p":8.3e-05},"geometry":{"type":"Polygon","coordinates":[[[20.08475,49.2355],[20.086125,49.2355],[20.086125,49.2364],[20.08475,49.2364],[20.08475,49.2355]]]}},{"type":"Feature","properties":{"col":29,"row":47,"p":8.3e-05},"geometry":{"type":"Polygon","coordinates":[[[20.044875,49.2058],[20.04625,49.2058],[20.04625,49.2067],[20.044875,49.2067],[20.044875,49.2058]]]}},{"type":"Feature","properties":{"col":37,"row":6,"p":8.2e-05},"geometry":{"type":"Polygon","coordinates":[[[20.055875,49.2427],[20.05725,49.2427],[20.05725,49.2436],[20.055875,49.2436],[20.055875,49.2427]]]}},{"type":"Feature","properties":{"col":24,"row":47,"p":8.2e-05},"geometry":{"type":"Polygon","coordinates":[[[20.038,49.2058],[20.039375,49.2058],[20.039375,49.2067],[20.038,49.2067],[20.038,49.2058]]]}},{"type":"Feature","properties":{"col":47,"row":39,"p":8.2e-05},"geometry":{"type":"Polygon","coordinates":[[[20.069625,49.213],[20.071,49.213],[20.071,49.2139],[20.069625,49.2139],[20.069625,49.213]]]}},{"type":"Feature","properties":{"col":21,"row":49,"p":8.2e-05},"geometry":{"type":"Polygon","coordinates":[[[20.033875,49.204],[20.03525,49.204],[20.03525,49.2049],[20.033875,49.2049],[20.033875,49.204]]]}},{"type":"Feature","properties":{"col":37,"row":33,"p":8.2e-05},"geometry":{"type":"Polygon","coordinates":[[[20.055875,49.2184],[20.05725,49.2184],[20.05725,49.2193],[20.055875,49.2193],[20.055875,49.2184]]]}},{"type":"Feature","properties":{"col":30,"row":1,"p":8.1e-05},"geometry":{"type":"Polygon","coordinates":[[[20.04625,49.2472],[20.047625,49.2472],[20.047625,49.2481],[20.04625,49.2481],[20.04625,49.2472]]]}},{"type":"Feature","properties":{"col":49,"row":54,"p":8.1e-05},"geometry":{"type":"Polygon","coordinates":[[[20.072375,49.1995],[20.07375,49.1995],[20.07375,49.2004],[20.072375,49.2004],[20.072375,49.1995]]]}},{"type":"Feature","properties":{"col":46,"row":38,"p":8.1e-05},"geometry":{"type":"Polygon","coordinates":[[[20.06825,49.2139],[20.069625,49.2139],[20.069625,49.2148],[20.06825,49.2148],[20.06825,49.2139]]]}},{"type":"Feature","properties":{"col":49,"row":31,"p":8e-05},"geometry":{"type":"Polygon","coordinates":[[[20.072375,49.2202],[20.07375,49.2202],[20.07375,49.2211],[20.072375,49.2211],[20.072375,49.2202]]]}},{"type":"Feature","properties":{"col":5,"row":22,"p":8e-05},"geometry":{"type":"Polygon","coordinates":[[[20.011875,49.2283],[20.01325,49.2283],[20.01325,49.2292],[20.011875,49.2292],[20.011875,49.2283]]]}},{"type":"Feature","properties":{"col":13,"row":28,"p":8e-05},"geometry":{"type":"Polygon","coordinates":[[[20.022875,49.2229],[20.02425,49.2229],[20.02425,49.2238],[20.022875,49.2238],[20.022875,49.2229]]]}},{"type":"Feature","properties":{"col":42,"row":48,"p":8e-05},"geometry":{"type":"Polygon","coordinates":[[[20.06275,49.2049],[20.064125,49.2049],[20.064125,49.2058],[20.06275,49.2058],[20.06275,49.2049]]]}},{"type":"Feature","properties":{"col":5,"row":16,"p":8e-05},"geometry":{"type":"Polygon","coordinates":[[[20.011875,49.2337],[20.01325,49.2337],[20.01325,49.2346],[20.011875,49.2346],[20.011875,49.2337]]]}},{"type":"Feature","properties":{"col":55,"row":13,"p":8e-05},"geometry":{"type":"Polygon","coordinates":[[[20.080625,49.2364],[20.082,49.2364],[20.082,49.2373],[20.080625,49.2373],[20.080625,49.2364]]]}},{"type":"Feature","properties":{"col":58,"row":30,"p":8e-05},"geometry":{"type":"Polygon","coordinates":[[[20.08475,49.2211],[20.086125,49.2211],[20.086125,49.222],[20.08475,49.222],[20.08475,49.2211]]]}},{"type":"Feature","properties":{"col":58,"row":56,"p":8e-05},"geometry":{"type":"Polygon","coordinates":[[[20.08475,49.1977],[20.086125,49.1977],[20.086125,49.1986],[20.08475,49.1986],[20.08475,49.1977]]]}},{"type":"Feature","properties":{"col":28,"row":42,"p":7.9e-05},"geometry":{"type":"Polygon","coordinates":[[[20.0435,49.2103],[20.044875,49.2103],[20.044875,49.2112],[20.0435,49.2112],[20.0435,49.2103]]]}},{"type":"Feature","properties":{"col":22,"row":19,"p":7.9e-05},"geometry":{"type":"Polygon","coordinates":[[[20.03525,49.231],[20.036625,49.231],[20.036625,49.2319],[20.03525,49.2319],[20.03525,49.231]]]}},{"type":"Feature","properties":{"col":21,"row":19,"p":7.9e-05},"geometry":{"type":"Polygon","coordinates":[[[20.033875,49.231],[20.03525,49.231],[20.03525,49.2319],[20.033875,49.2319],[20.033875,49.231]]]}},{"type":"Feature","properties":{"col":3,"row":23,"p":7.9e-05},"geometry":{"type":"Polygon","coordinates":[[[20.009125,49.2274],[20.0105,49.2274],[20.0105,49.2283],[20.009125,49.2283],[20.009125,49.2274]]]}},{"type":"Feature","properties":{"col":49,"row":15,"p":7.9e-05},"geometry":{"type":"Polygon","coordinates":[[[20.072375,49.2346],[20.07375,49.2346],[20.07375,49.2355],[20.072375,49.2355],[20.072375,49.2346]]]}},{"type":"Feature","properties":{"col":30,"row":59,"p":7.9e-05},"geometry":{"type":"Polygon","coordinates":[[[20.04625,49.195],[20.047625,49.195],[20.047625,49.1959],[20.04625,49.1959],[20.04625,49.195]]]}},{"type":"Feature","properties":{"col":23,"row":2,"p":7.9e-05},"geometry":{"type":"Polygon","coordinates":[[[20.036625,49.2463],[20.038,49.2463],[20.038,49.2472],[20.036625,49.2472],[20.036625,49.2463]]]}},{"type":"Feature","properties":{"col":3,"row":51,"p":7.8e-05},"geometry":{"type":"Polygon","coordinates":[[[20.009125,49.2022],[20.0105,49.2022],[20.0105,49.2031],[20.009125,49.2031],[20.009125,49.2022]]]}},{"type":"Feature","properties":{"col":18,"row":47,"p":7.8e-05},"geometry":{"type":"Polygon","coordinates":[[[20.02975,49.2058],[20.031125,49.2058],[20.031125,49.2067],[20.02975,49.2067],[20.02975,49.2058]]]}},{"type":"Feature","properties":{"col":12,"row":27,"p":7.8e-05},"geometry":{"type":"Polygon","coordinates":[[[20.0215,49.2238],[20.022875,49.2238],[20.022875,49.2247],[20.0215,49.2247],[20.0215,49.2238]]]}},{"type":"Feature","properties":{"col":10,"row":44,"p":7.7e-05},"geometry":{"type":"Polygon","coordinates":[[[20.01875,49.2085],[20.020125,49.2085],[20.020125,49.2094],[20.01875,49.2094],[20.01875,49.2085]]]}},{"type":"Feature","properties":{"col":10,"row":45,"p":7.7e-05},"geometry":{"type":"Polygon","coordinates":[[[20.01875,49.2076],[20.020125,49.2076],[20.020125,49.2085],[20.01875,49.2085],[20.01875,49.2076]]]}},{"type":"Feature","properties":{"col":24,"row":0,"p":7.7e-05},"geometry":{"type":"Polygon","coordinates":[[[20.038,49.2481],[20.039375,49.2481],[20.039375,49.249],[20.038,49.249],[20.038,49.2481]]]}},{"type":"Feature","properties":{"col":58,"row":2,"p":7.7e-05},"geometry":{"type":"Polygon","coordinates":[[[20.08475,49.2463],[20.086125,49.2463],[20.086125,49.2472],[20.08475,49.2472],[20.08475,49.2463]]]}},{"type":"Feature","properties":{"col":18,"row":6,"p":7.7e-05},"geometry":{"type":"Polygon","coordinates":[[[20.02975,49.2427],[20.031125,49.2427],[20.031125,49.2436],[20.02975,49.2436],[20.02975,49.2427]]]}},{"type":"Feature","properties":{"col":39,"row":58,"p":7.7e-05},"geometry":{"type":"Polygon","coordinates":[[[20.058625,49.1959],[20.06,49.1959],[20.06,49.1968],[20.058625,49.1968],[20.058625,49.1959]]]}},{"type":"Feature","properties":{"col":56,"row":19,"p":7.7e-05},"geometry":{"type":"Polygon","coordinates":[[[20.082,49.231],[20.083375,49.231],[20.083375,49.2319],[20.082,49.2319],[20.082,49.231]]]}},{"type":"Feature","properties":{"col":33,"row":17,"p":7.7e-05},"geometry":{"type":"Polygon","coordinates":[[[20.050375,49.2328],[20.05175,49.2328],[20.05175,49.2337],[20.050375,49.2337],[20.050375,49.2328]]]}},{"type":"Feature","properties":{"col":32,"row":18,"p":7.6e-05},"geometry":{"type":"Polygon","coordinates":[[[20.049,49.2319],[20.050375,49.2319],[20.050375,49.2328],[20.049,49.2328],[20.049,49.2319]]]}},{"type":"Feature","properties":{"col":5,"row":46,"p":7.6e-05},"geometry":{"type":"Polygon","coordinates":[[[20.011875,49.2067],[20.01325,49.2067],[20.01325,49.2076],[20.011875,49.2076],[20.011875,49.2067]]]}},{"type":"Feature","properties":{"col":23,"row":49,"p":7.6e-05},"geometry":{"type":"Polygon","coordinates":[[[20.036625,49.204],[20.038,49.204],[20.038,49.2049],[20.036625,49.2049],[20.036625,49.204]]]}},{"type":"Feature","properties":{"col":59,"row":36,"p":7.6e-05},"geometry":{"type":"Polygon","coordinates":[[[20.086125,49.2157],[20.0875,49.2157],[20.0875,49.2166],[20.086125,49.2166],[20.086125,49.2157]]]}},{"type":"Feature","properties":{"col":31,"row":10,"p":7.6e-05},"geometry":{"type":"Polygon","coordinates":[[[20.047625,49.2391],[20.049,49.2391],[20.049,49.24],[20.047625,49.24],[20.047625,49.2391]]]}},{"type":"Feature","properties":{"col":1,"row":22,"p":7.5e-05},"geometry":{"type":"Polygon","coordinates":[[[20.006375,49.2283],[20.00775,49.2283],[20.00775,49.2292],[20.006375,49.2292],[20.006375,49.2283]]]}},{"type":"Feature","properties":{"col":8,"row":43,"p":7.5e-05},"geometry":{"type":"Polygon","coordinates":[[[20.016,49.2094],[20.017375,49.2094],[20.017375,49.2103],[20.016,49.2103],[20.016,49.2094]]]}},{"type":"Feature","properties":{"col":19,"row":54,"p":7.5e-05},"geometry":{"type":"Polygon","coordinates":[[[20.031125,49.1995],[20.0325,49.1995],[20.0325,49.2004],[20.031125,49.2004],[20.031125,49.1995]]]}},{"type":"Feature","properties":{"col":46,"row":35,"p":7.5e-05},"geometry":{"type":"Polygon","coordinates":[[[20.06825,49.2166],[20.069625,49.2166],[20.069625,49.2175],[20.06825,49.2175],[20.06825,49.2166]]]}},{"type":"Feature","properties":{"col":54,"row":8,"p":7.4e-05},"geometry":{"type":"Polygon","coordinates":[[[20.07925,49.2409],[20.080625,49.2409],[20.080625,49.2418],[20.07925,49.2418],[20.07925,49.2409]]]}},{"type":"Feature","properties":{"col":9,"row":33,"p":7.4e-05},"geometry":{"type":"Polygon","coordinates":[[[20.017375,49.2184],[20.01875,49.2184],[20.01875,49.2193],[20.017375,49.2193],[20.017375,49.2184]]]}},{"type":"Feature","properties":{"col":28,"row":56,"p":7.4e-05},"geometry":{"type":"Polygon","coordinates":[[[20.0435,49.1977],[20.044875,49.1977],[20.044875,49.1986],[20.0435,49.1986],[20.0435,49.1977]]]}},{"type":"Feature","properties":{"col":52,"row":29,"p":7.4e-05},"geometry":{"type":"Polygon","coordinates":[[[20.0765,49.222],[20.077875,49.222],[20.077875,49.2229],[20.0765,49.2229],[20.0765,49.222]]]}},{"type":"Feature","properties":{"col":29,"row":37,"p":7.4e-05},"geometry":{"type":"Polygon","coordinates":[[[20.044875,49.2148],[20.04625,49.2148],[20.04625,49.2157],[20.044875,49.2157],[20.044875,49.2148]]]}},{"type":"Feature","properties":{"col":50,"row":37,"p":7.4e-05},"geometry":{"type":"Polygon","coordinates":[[[20.07375,49.2148],[20.075125,49.2148],[20.075125,49.2157],[20.07375,49.2157],[20.07375,49.2148]]]}},{"type":"Feature","properties":{"col":49,"row":9,"p":7.3e-05},"geometry":{"type":"Polygon","coordinates":[[[20.072375,49.24],[20.07375,49.24],[20.07375,49.2409],[20.072375,49.2409],[20.072375,49.24]]]}},{"type":"Feature","properties":{"col":14,"row":38,"p":7.3e-05},"geometry":{"type":"Polygon","coordinates":[[[20.02425,49.2139],[20.025625,49.2139],[20.025625,49.2148],[20.02425,49.2148],[20.02425,49.2139]]]}},{"type":"Feature","properties":{"col":52,"row":14,"p":7.2e-05},"geometry":{"type":"Polygon","coordinates":[[[20.0765,49.2355],[20.077875,49.2355],[20.077875,49.2364],[20.0765,49.2364],[20.0765,49.2355]]]}},{"type":"Feature","properties":{"col":1,"row":1,"p":7.2e-05},"geometry":{"type":"Polygon","coordinates":[[[20.006375,49.2472],[20.00775,49.2472],[20.00775,49.2481],[20.006375,49.2481],[20.006375,49.2472]]]}},{"type":"Feature","properties":{"col":54,"row":14,"p":7.2e-05},"geometry":{"type":"Polygon","coordinates":[[[20.07925,49.2355],[20.080625,49.2355],[20.080625,49.2364],[20.07925,49.2364],[20.07925,49.2355]]]}},{"type":"Feature","properties":{"col":43,"row":48,"p":7.2e-05},"geometry":{"type":"Polygon","coordinates":[[[20.064125,49.2049],[20.0655,49.2049],[20.0655,49.2058],[20.064125,49.2058],[20.064125,49.2049]]]}},{"type":"Feature","properties":{"col":22,"row":7,"p":7.2e-05},"geometry":{"type":"Polygon","coordinates":[[[20.03525,49.2418],[20.036625,49.2418],[20.036625,49.2427],[20.03525,49.2427],[20.03525,49.2418]]]}},{"type":"Feature","properties":{"col":2,"row":1,"p":7.2e-05},"geometry":{"type":"Polygon","coordinates":[[[20.00775,49.2472],[20.009125,49.2472],[20.009125,49.2481],[20.00775,49.2481],[20.00775,49.2472]]]}},{"type":"Feature","properties":{"col":59,"row":50,"p":7.1e-05},"geometry":{"type":"Polygon","coordinates":[[[20.086125,49.2031],[20.0875,49.2031],[20.0875,49.204],[20.086125,49.204],[20.086125,49.2031]]]}},{"type":"Feature","properties":{"col":24,"row":22,"p":7.1e-05},"geometry":{"type":"Polygon","coordinates":[[[20.038,49.2283],[20.039375,49.2283],[20.039375,49.2292],[20.038,49.2292],[20.038,49.2283]]]}},{"type":"Feature","properties":{"col":18,"row":49,"p":7.1e-05},"geometry":{"type":"Polygon","coordinates":[[[20.02975,49.204],[20.031125,49.204],[20.031125,49.2049],[20.02975,49.2049],[20.02975,49.204]]]}},{"type":"Feature","properties":{"col":31,"row":44,"p":7.1e-05},"geometry":{"type":"Polygon","coordinates":[[[20.047625,49.2085],[20.049,49.2085],[20.049,49.2094],[20.047625,49.2094],[20.047625,49.2085]]]}},{"type":"Feature","properties":{"col":4,"row":16,"p":7.1e-05},"geometry":{"type":"Polygon","coordinates":[[[20.0105,49.2337],[20.011875,49.2337],[20.011875,49.2346],[20.0105,49.2346],[20.0105,49.2337]]]}},{"type":"Feature","properties":{"col":31,"row":16,"p":7.1e-05},"geometry":{"type":"Polygon","coordinates":[[[20.047625,49.2337],[20.049,49.2337],[20.049,49.2346],[20.047625,49.2346],[20.047625,49.2337]]]}},{"type":"Feature","properties":{"col":56,"row":3,"p":7.1e-05},"geometry":{"type":"Polygon","coordinates":[[[20.082,49.2454],[20.083375,49.2454],[20.083375,49.2463],[20.082,49.2463],[20.082,49.2454]]]}},{"type":"Feature","properties":{"col":55,"row":43,"p":7.1e-05},"geometry":{"type":"Polygon","coordinates":[[[20.080625,49.2094],[20.082,49.2094],[20.082,49.2103],[20.080625,49.2103],[20.080625,49.2094]]]}},{"type":"Feature","properties":{"col":30,"row":44,"p":7.1e-05},"geometry":{"type":"Polygon","coordinates":[[[20.04625,49.2085],[20.047625,49.2085],[20.047625,49.2094],[20.04625,49.2094],[20.04625,49.2085]]]}},{"type":"Feature","properties":{"col":41,"row":52,"p":7e-05},"geometry":{"type":"Polygon","coordinates":[[[20.061375,49.2013],[20.06275,49.2013],[20.06275,49.2022],[20.061375,49.2022],[20.061375,49.2013]]]}},{"type":"Feature","properties":{"col":31,"row":21,"p":7e-05},"geometry":{"type":"Polygon","coordinates":[[[20.047625,49.2292],[20.049,49.2292],[20.049,49.2301],[20.047625,49.2301],[20.047625,49.2292]]]}},{"type":"Feature","properties":{"col":43,"row":49,"p":7e-05},"geometry":{"type":"Polygon","coordinates":[[[20.064125,49.204],[20.0655,49.204],[20.0655,49.2049],[20.064125,49.2049],[20.064125,49.204]]]}},{"type":"Feature","properties":{"col":32,"row":7,"p":7e-05},"geometry":{"type":"Polygon","coordinates":[[[20.049,49.2418],[20.050375,49.2418],[20.050375,49.2427],[20.049,49.2427],[20.049,49.2418]]]}},{"type":"Feature","properties":{"col":30,"row":2,"p":7e-05},"geometry":{"type":"Polygon","coordinates":[[[20.04625,49.2463],[20.047625,49.2463],[20.047625,49.2472],[20.04625,49.2472],[20.04625,49.2463]]]}},{"type":"Feature","properties":{"col":23,"row":8,"p":6.9e-05},"geometry":{"type":"Polygon","coordinates":[[[20.036625,49.2409],[20.038,49.2409],[20.038,49.2418],[20.036625,49.2418],[20.036625,49.2409]]]}},{"type":"Feature","properties":{"col":20,"row":11,"p":6.9e-05},"geometry":{"type":"Polygon","coordinates":[[[20.0325,49.2382],[20.033875,49.2382],[20.033875,49.2391],[20.0325,49.2391],[20.0325,49.2382]]]}},{"type":"Feature","properties":{"col":53,"row":37,"p":6.9e-05},"geometry":{"type":"Polygon","coordinates":[[[20.077875,49.2148],[20.07925,49.2148],[20.07925,49.2157],[20.077875,49.2157],[20.077875,49.2148]]]}},{"type":"Feature","properties":{"col":39,"row":59,"p":6.9e-05},"geometry":{"type":"Polygon","coordinates":[[[20.058625,49.195],[20.06,49.195],[20.06,49.1959],[20.058625,49.1959],[20.058625,49.195]]]}},{"type":"Feature","properties":{"col":32,"row":57,"p":6.9e-05},"geometry":{"type":"Polygon","coordinates":[[[20.049,49.1968],[20.050375,49.1968],[20.050375,49.1977],[20.049,49.1977],[20.049,49.1968]]]}},{"type":"Feature","properties":{"col":19,"row":40,"p":6.9e-05},"geometry":{"type":"Polygon","coordinates":[[[20.031125,49.2121],[20.0325,49.2121],[20.0325,49.213],[20.031125,49.213],[20.031125,49.2121]]]}},{"type":"Feature","properties":{"col":38,"row":34,"p":6.9e-05},"geometry":{"type":"Polygon","coordinates":[[[20.05725,49.2175],[20.058625,49.2175],[20.058625,49.2184],[20.05725,49.2184],[20.05725,49.2175]]]}},{"type":"Feature","properties":{"col":29,"row":58,"p":6.8e-05},"geometry":{"type":"Polygon","coordinates":[[[20.044875,49.1959],[20.04625,49.1959],[20.04625,49.1968],[20.044875,49.1968],[20.044875,49.1959]]]}},{"type":"Feature","properties":{"col":26,"row":40,"p":6.8e-05},"geometry":{"type":"Polygon","coordinates":[[[20.04075,49.2121],[20.042125,49.2121],[20.042125,49.213],[20.04075,49.213],[20.04075,49.2121]]]}},{"type":"Feature","properties":{"col":22,"row":49,"p":6.8e-05},"geometry":{"type":"Polygon","coordinates":[[[20.03525,49.204],[20.036625,49.204],[20.036625,49.2049],[20.03525,49.2049],[20.03525,49.204]]]}},{"type":"Feature","properties":{"col":14,"row":28,"p":6.8e-05},"geometry":{"type":"Polygon","coordinates":[[[20.02425,49.2229],[20.025625,49.2229],[20.025625,49.2238],[20.02425,49.2238],[20.02425,49.2229]]]}},{"type":"Feature","properties":{"col":32,"row":6,"p":6.8e-05},"geometry":{"type":"Polygon","coordinates":[[[20.049,49.2427],[20.050375,49.2427],[20.050375,49.2436],[20.049,49.2436],[20.049,49.2427]]]}},{"type":"Feature","properties":{"col":54,"row":13,"p":6.8e-05},"geometry":{"type":"Polygon","coordinates":[[[20.07925,49.2364],[20.080625,49.2364],[20.080625,49.2373],[20.07925,49.2373],[20.07925,49.2364]]]}},{"type":"Feature","properties":{"col":7,"row":41,"p":6.8e-05},"geometry":{"type":"Polygon","coordinates":[[[20.014625,49.2112],[20.016,49.2112],[20.016,49.2121],[20.014625,49.2121],[20.014625,49.2112]]]}},{"type":"Feature","properties":{"col":19,"row":46,"p":6.7e-05},"geometry":{"type":"Polygon","coordinates":[[[20.031125,49.2067],[20.0325,49.2067],[20.0325,49.2076],[20.031125,49.2076],[20.031125,49.2067]]]}},{"type":"Feature","properties":{"col":34,"row":6,"p":6.7e-05},"geometry":{"type":"Polygon","coordinates":[[[20.05175,49.2427],[20.053125,49.2427],[20.053125,49.2436],[20.05175,49.2436],[20.05175,49.2427]]]}},{"type":"Feature","properties":{"col":0,"row":9,"p":6.7e-05},"geometry":{"type":"Polygon","coordinates":[[[20.005,49.24],[20.006375,49.24],[20.006375,49.2409],[20.005,49.2409],[20.005,49.24]]]}},{"type":"Feature","properties":{"col":9,"row":8,"p":6.7e-05},"geometry":{"type":"Polygon","coordinates":[[[20.017375,49.2409],[20.01875,49.2409],[20.01875,49.2418],[20.017375,49.2418],[20.017375,49.2409]]]}},{"type":"Feature","properties":{"col":18,"row":45,"p":6.7e-05},"geometry":{"type":"Polygon","coordinates":[[[20.02975,49.2076],[20.031125,49.2076],[20.031125,49.2085],[20.02975,49.2085],[20.02975,49.2076]]]}},{"type":"Feature","properties":{"col":59,"row":49,"p":6.7e-05},"geometry":{"type":"Polygon","coordinates":[[[20.086125,49.204],[20.0875,49.204],[20.0875,49.2049],[20.086125,49.2049],[20.086125,49.204]]]}},{"type":"Feature","properties":{"col":47,"row":6,"p":6.7e-05},"geometry":{"type":"Polygon","coordinates":[[[20.069625,49.2427],[20.071,49.2427],[20.071,49.2436],[20.069625,49.2436],[20.069625,49.2427]]]}},{"type":"Feature","properties":{"col":28,"row":41,"p":6.7e-05},"geometry":{"type":"Polygon","coordinates":[[[20.0435,49.2112],[20.044875,49.2112],[20.044875,49.2121],[20.0435,49.2121],[20.0435,49.2112]]]}},{"type":"Feature","properties":{"col":32,"row":38,"p":6.6e-05},"geometry":{"type":"Polygon","coordinates":[[[20.049,49.2139],[20.050375,49.2139],[20.050375,49.2148],[20.049,49.2148],[20.049,49.2139]]]}},{"type":"Feature","properties":{"col":51,"row":25,"p":6.6e-05},"geometry":{"type":"Polygon","coordinates":[[[20.075125,49.2256],[20.0765,49.2256],[20.0765,49.2265],[20.075125,49.2265],[20.075125,49.2256]]]}},{"type":"Feature","properties":{"col":27,"row":30,"p":6.6e-05},"geometry":{"type":"Polygon","coordinates":[[[20.042125,49.2211],[20.0435,49.2211],[20.0435,49.222],[20.042125,49.222],[20.042125,49.2211]]]}},{"type":"Feature","properties":{"col":6,"row":31,"p":6.6e-05},"geometry":{"type":"Polygon","coordinates":[[[20.01325,49.2202],[20.014625,49.2202],[20.014625,49.2211],[20.01325,49.2211],[20.01325,49.2202]]]}},{"type":"Feature","properties":{"col":20,"row":28,"p":6.6e-05},"geometry":{"type":"Polygon","coordinates":[[[20.0325,49.2229],[20.033875,49.2229],[20.033875,49.2238],[20.0325,49.2238],[20.0325,49.2229]]]}},{"type":"Feature","properties":{"col":1,"row":28,"p":6.5e-05},"geometry":{"type":"Polygon","coordinates":[[[20.006375,49.2229],[20.00775,49.2229],[20.00775,49.2238],[20.006375,49.2238],[20.006375,49.2229]]]}},{"type":"Feature","properties":{"col":17,"row":39,"p":6.5e-05},"geometry":{"type":"Polygon","coordinates":[[[20.028375,49.213],[20.02975,49.213],[20.02975,49.2139],[20.028375,49.2139],[20.028375,49.213]]]}},{"type":"Feature","properties":{"col":22,"row":5,"p":6.5e-05},"geometry":{"type":"Polygon","coordinates":[[[20.03525,49.2436],[20.036625,49.2436],[20.036625,49.2445],[20.03525,49.2445],[20.03525,49.2436]]]}},{"type":"Feature","properties":{"col":31,"row":9,"p":6.5e-05},"geometry":{"type":"Polygon","coordinates":[[[20.047625,49.24],[20.049,49.24],[20.049,49.2409],[20.047625,49.2409],[20.047625,49.24]]]}},{"type":"Feature","properties":{"col":8,"row":17,"p":6.4e-05},"geometry":{"type":"Polygon","coordinates":[[[20.016,49.2328],[20.017375,49.2328],[20.017375,49.2337],[20.016,49.2337],[20.016,49.2328]]]}},{"type":"Feature","properties":{"col":12,"row":3,"p":6.4e-05},"geometry":{"type":"Polygon","coordinates":[[[20.0215,49.2454],[20.022875,49.2454],[20.022875,49.2463],[20.0215,49.2463],[20.0215,49.2454]]]}},{"type":"Feature","properties":{"col":55,"row":16,"p":6.4e-05},"geometry":{"type":"Polygon","coordinates":[[[20.080625,49.2337],[20.082,49.2337],[20.082,49.2346],[20.080625,49.2346],[20.080625,49.2337]]]}},{"type":"Feature","properties":{"col":44,"row":2,"p":6.4e-05},"geometry":{"type":"Polygon","coordinates":[[[20.0655,49.2463],[20.066875,49.2463],[20.066875,49.2472],[20.0655,49.2472],[20.0655,49.2463]]]}},{"type":"Feature","properties":{"col":2,"row":53,"p":6.4e-05},"geometry":{"type":"Polygon","coordinates":[[[20.00775,49.2004],[20.009125,49.2004],[20.009125,49.2013],[20.00775,49.2013],[20.00775,49.2004]]]}},{"type":"Feature","properties":{"col":22,"row":21,"p":6.4e-05},"geometry":{"type":"Polygon","coordinates":[[[20.03525,49.2292],[20.036625,49.2292],[20.036625,49.2301],[20.03525,49.2301],[20.03525,49.2292]]]}},{"type":"Feature","properties":{"col":0,"row":17,"p":6.4e-05},"geometry":{"type":"Polygon","coordinates":[[[20.005,49.2328],[20.006375,49.2328],[20.006375,49.2337],[20.005,49.2337],[20.005,49.2328]]]}},{"type":"Feature","properties":{"col":13,"row":26,"p":6.3e-05},"geometry":{"type":"Polygon","coordinates":[[[20.022875,49.2247],[20.02425,49.2247],[20.02425,49.2256],[20.022875,49.2256],[20.022875,49.2247]]]}},{"type":"Feature","properties":{"col":37,"row":7,"p":6.3e-05},"geometry":{"type":"Polygon","coordinates":[[[20.055875,49.2418],[20.05725,49.2418],[20.05725,49.2427],[20.055875,49.2427],[20.055875,49.2418]]]}},{"type":"Feature","properties":{"col":22,"row":56,"p":6.3e-05},"geometry":{"type":"Polygon","coordinates":[[[20.03525,49.1977],[20.036625,49.1977],[20.036625,49.1986],[20.03525,49.1986],[20.03525,49.1977]]]}},{"type":"Feature","properties":{"col":4,"row":13,"p":6.3e-05},"geometry":{"type":"Polygon","coordinates":[[[20.0105,49.2364],[20.011875,49.2364],[20.011875,49.2373],[20.0105,49.2373],[20.0105,49.2364]]]}},{"type":"Feature","properties":{"col":49,"row":21,"p":6.3e-05},"geometry":{"type":"Polygon","coordinates":[[[20.072375,49.2292],[20.07375,49.2292],[20.07375,49.2301],[20.072375,49.2301],[20.072375,49.2292]]]}},{"type":"Feature","properties":{"col":26,"row":10,"p":6.3e-05},"geometry":{"type":"Polygon","coordinates":[[[20.04075,49.2391],[20.042125,49.2391],[20.042125,49.24],[20.04075,49.24],[20.04075,49.2391]]]}},{"type":"Feature","properties":{"col":39,"row":34,"p":6.3e-05},"geometry":{"type":"Polygon","coordinates":[[[20.058625,49.2175],[20.06,49.2175],[20.06,49.2184],[20.058625,49.2184],[20.058625,49.2175]]]}},{"type":"Feature","properties":{"col":34,"row":19,"p":6.3e-05},"geometry":{"type":"Polygon","coordinates":[[[20.05175,49.231],[20.053125,49.231],[20.053125,49.2319],[20.05175,49.2319],[20.05175,49.231]]]}},{"type":"Feature","properties":{"col":47,"row":12,"p":6.3e-05},"geometry":{"type":"Polygon","coordinates":[[[20.069625,49.2373],[20.071,49.2373],[20.071,49.2382],[20.069625,49.2382],[20.069625,49.2373]]]}},{"type":"Feature","properties":{"col":5,"row":32,"p":6.2e-05},"geometry":{"type":"Polygon","coordinates":[[[20.011875,49.2193],[20.01325,49.2193],[20.01325,49.2202],[20.011875,49.2202],[20.011875,49.2193]]]}},{"type":"Feature","properties":{"col":53,"row":15,"p":6.2e-05},"geometry":{"type":"Polygon","coordinates":[[[20.077875,49.2346],[20.07925,49.2346],[20.07925,49.2355],[20.077875,49.2355],[20.077875,49.2346]]]}},{"type":"Feature","properties":{"col":15,"row":31,"p":6.2e-05},"geometry":{"type":"Polygon","coordinates":[[[20.025625,49.2202],[20.027,49.2202],[20.027,49.2211],[20.025625,49.2211],[20.025625,49.2202]]]}},{"type":"Feature","properties":{"col":50,"row":40,"p":6.2e-05},"geometry":{"type":"Polygon","coordinates":[[[20.07375,49.2121],[20.075125,49.2121],[20.075125,49.213],[20.07375,49.213],[20.07375,49.2121]]]}},{"type":"Feature","properties":{"col":12,"row":53,"p":6.2e-05},"geometry":{"type":"Polygon","coordinates":[[[20.0215,49.2004],[20.022875,49.2004],[20.022875,49.2013],[20.0215,49.2013],[20.0215,49.2004]]]}},{"type":"Feature","properties":{"col":1,"row":43,"p":6.1e-05},"geometry":{"type":"Polygon","coordinates":[[[20.006375,49.2094],[20.00775,49.2094],[20.00775,49.2103],[20.006375,49.2103],[20.006375,49.2094]]]}},{"type":"Feature","properties":{"col":21,"row":56,"p":6.1e-05},"geometry":{"type":"Polygon","coordinates":[[[20.033875,49.1977],[20.03525,49.1977],[20.03525,49.1986],[20.033875,49.1986],[20.033875,49.1977]]]}},{"type":"Feature","properties":{"col":55,"row":37,"p":6.1e-05},"geometry":{"type":"Polygon","coordinates":[[[20.080625,49.2148],[20.082,49.2148],[20.082,49.2157],[20.080625,49.2157],[20.080625,49.2148]]]}},{"type":"Feature","properties":{"col":19,"row":3,"p":6.1e-05},"geometry":{"type":"Polygon","coordinates":[[[20.031125,49.2454],[20.0325,49.2454],[20.0325,49.2463],[20.031125,49.2463],[20.031125,49.2454]]]}},{"type":"Feature","properties":{"col":10,"row":51,"p":6.1e-05},"geometry":{"type":"Polygon","coordinates":[[[20.01875,49.2022],[20.020125,49.2022],[20.020125,49.2031],[20.01875,49.2031],[20.01875,49.2022]]]}},{"type":"Feature","properties":{"col":38,"row":0,"p":6.1e-05},"geometry":{"type":"Polygon","coordinates":[[[20.05725,49.2481],[20.058625,49.2481],[20.058625,49.249],[20.05725,49.249],[20.05725,49.2481]]]}},{"type":"Feature","properties":{"col":30,"row":39,"p":6.1e-05},"geometry":{"type":"Polygon","coordinates":[[[20.04625,49.213],[20.047625,49.213],[20.047625,49.2139],[20.04625,49.2139],[20.04625,49.213]]]}},{"type":"Feature","properties":{"col":35,"row":21,"p":6.1e-05},"geometry":{"type":"Polygon","coordinates":[[[20.053125,49.2292],[20.0545,49.2292],[20.0545,49.2301],[20.053125,49.2301],[20.053125,49.2292]]]}},{"type":"Feature","properties":{"col":40,"row":57,"p":6.1e-05},"geometry":{"type":"Polygon","coordinates":[[[20.06,49.1968],[20.061375,49.1968],[20.061375,49.1977],[20.06,49.1977],[20.06,49.1968]]]}},{"type":"Feature","properties":{"col":3,"row":21,"p":6.1e-05},"geometry":{"type":"Polygon","coordinates":[[[20.009125,49.2292],[20.0105,49.2292],[20.0105,49.2301],[20.009125,49.2301],[20.009125,49.2292]]]}},{"type":"Feature","properties":{"col":53,"row":21,"p":6.1e-05},"geometry":{"type":"Polygon","coordinates":[[[20.077875,49.2292],[20.07925,49.2292],[20.07925,49.2301],[20.077875,49.2301],[20.077875,49.2292]]]}},{"type":"Feature","properties":{"col":15,"row":14,"p":6e-05},"geometry":{"type":"Polygon","coordinates":[[[20.025625,49.2355],[20.027,49.2355],[20.027,49.2364],[20.025625,49.2364],[20.025625,49.2355]]]}},{"type":"Feature","properties":{"col":1,"row":19,"p":6e-05},"geometry":{"type":"Polygon","coordinates":[[[20.006375,49.231],[20.00775,49.231],[20.00775,49.2319],[20.006375,49.2319],[20.006375,49.231]]]}},{"type":"Feature","properties":{"col":34,"row":11,"p":6e-05},"geometry":{"type":"Polygon","coordinates":[[[20.05175,49.2382],[20.053125,49.2382],[20.053125,49.2391],[20.05175,49.2391],[20.05175,49.2382]]]}},{"type":"Feature","properties":{"col":25,"row":58,"p":6e-05},"geometry":{"type":"Polygon","coordinates":[[[20.039375,49.1959],[20.04075,49.1959],[20.04075,49.1968],[20.039375,49.1968],[20.039375,49.1959]]]}},{"type":"Feature","properties":{"col":25,"row":13,"p":6e-05},"geometry":{"type":"Polygon","coordinates":[[[20.039375,49.2364],[20.04075,49.2364],[20.04075,49.2373],[20.039375,49.2373],[20.039375,49.2364]]]}},{"type":"Feature","properties":{"col":32,"row":0,"p":6e-05},"geometry":{"type":"Polygon","coordinates":[[[20.049,49.2481],[20.050375,49.2481],[20.050375,49.249],[20.049,49.249],[20.049,49.2481]]]}},{"type":"Feature","properties":{"col":2,"row":3,"p":5.9e-05},"geometry":{"type":"Polygon","coordinates":[[[20.00775,49.2454],[20.009125,49.2454],[20.009125,49.2463],[20.00775,49.2463],[20.00775,49.2454]]]}},{"type":"Feature","properties":{"col":39,"row":11,"p":5.9e-05},"geometry":{"type":"Polygon","coordinates":[[[20.058625,49.2382],[20.06,49.2382],[20.06,49.2391],[20.058625,49.2391],[20.058625,49.2382]]]}},{"type":"Feature","properties":{"col":48,"row":20,"p":5.9e-05},"geometry":{"type":"Polygon","coordinates":[[[20.071,49.2301],[20.072375,49.2301],[20.072375,49.231],[20.071,49.231],[20.071,49.2301]]]}},{"type":"Feature","properties":{"col":29,"row":41,"p":5.9e-05},"geometry":{"type":"Polygon","coordinates":[[[20.044875,49.2112],[20.04625,49.2112],[20.04625,49.2121],[20.044875,49.2121],[20.044875,49.2112]]]}},{"type":"Feature","properties":{"col":15,"row":30,"p":5.9e-05},"geometry":{"type":"Polygon","coordinates":[[[20.025625,49.2211],[20.027,49.2211],[20.027,49.222],[20.025625,49.222],[20.025625,49.2211]]]}},{"type":"Feature","properties":{"col":8,"row":18,"p":5.9e-05},"geometry":{"type":"Polygon","coordinates":[[[20.016,49.2319],[20.017375,49.2319],[20.017375,49.2328],[20.016,49.2328],[20.016,49.2319]]]}},{"type":"Feature","properties":{"col":57,"row":15,"p":5.9e-05},"geometry":{"type":"Polygon","coordinates":[[[20.083375,49.2346],[20.08475,49.2346],[20.08475,49.2355],[20.083375,49.2355],[20.083375,49.2346]]]}},{"type":"Feature","properties":{"col":26,"row":50,"p":5.9e-05},"geometry":{"type":"Polygon","coordinates":[[[20.04075,49.2031],[20.042125,49.2031],[20.042125,49.204],[20.04075,49.204],[20.04075,49.2031]]]}},{"type":"Feature","properties":{"col":14,"row":29,"p":5.9e-05},"geometry":{"type":"Polygon","coordinates":[[[20.02425,49.222],[20.025625,49.222],[20.025625,49.2229],[20.02425,49.2229],[20.02425,49.222]]]}},{"type":"Feature","properties":{"col":25,"row":0,"p":5.9e-05},"geometry":{"type":"Polygon","coordinates":[[[20.039375,49.2481],[20.04075,49.2481],[20.04075,49.249],[20.039375,49.249],[20.039375,49.2481]]]}},{"type":"Feature","properties":{"col":19,"row":52,"p":5.9e-05},"geometry":{"type":"Polygon","coordinates":[[[20.031125,49.2013],[20.0325,49.2013],[20.0325,49.2022],[20.031125,49.2022],[20.031125,49.2013]]]}},{"type":"Feature","properties":{"col":4,"row":33,"p":5.9e-05},"geometry":{"type":"Polygon","coordinates":[[[20.0105,49.2184],[20.011875,49.2184],[20.011875,49.2193],[20.0105,49.2193],[20.0105,49.2184]]]}},{"type":"Feature","properties":{"col":41,"row":15,"p":5.8e-05},"geometry":{"type":"Polygon","coordinates":[[[20.061375,49.2346],[20.06275,49.2346],[20.06275,49.2355],[20.061375,49.2355],[20.061375,49.2346]]]}},{"type":"Feature","properties":{"col":49,"row":16,"p":5.8e-05},"geometry":{"type":"Polygon","coordinates":[[[20.072375,49.2337],[20.07375,49.2337],[20.07375,49.2346],[20.072375,49.2346],[20.072375,49.2337]]]}},{"type":"Feature","properties":{"col":32,"row":21,"p":5.8e-05},"geometry":{"type":"Polygon","coordinates":[[[20.049,49.2292],[20.050375,49.2292],[20.050375,49.2301],[20.049,49.2301],[20.049,49.2292]]]}},{"type":"Feature","properties":{"col":9,"row":7,"p":5.8e-05},"geometry":{"type":"Polygon","coordinates":[[[20.017375,49.2418],[20.01875,49.2418],[20.01875,49.2427],[20.017375,49.2427],[20.017375,49.2418]]]}},{"type":"Feature","properties":{"col":38,"row":47,"p":5.8e-05},"geometry":{"type":"Polygon","coordinates":[[[20.05725,49.2058],[20.058625,49.2058],[20.058625,49.2067],[20.05725,49.2067],[20.05725,49.2058]]]}},{"type":"Feature","properties":{"col":17,"row":34,"p":5.8e-05},"geometry":{"type":"Polygon","coordinates":[[[20.028375,49.2175],[20.02975,49.2175],[20.02975,49.2184],[20.028375,49.2184],[20.028375,49.2175]]]}},{"type":"Feature","properties":{"col":30,"row":18,"p":5.8e-05},"geometry":{"type":"Polygon","coordinates":[[[20.04625,49.2319],[20.047625,49.2319],[20.047625,49.2328],[20.04625,49.2328],[20.04625,49.2319]]]}},{"type":"Feature","properties":{"col":57,"row":12,"p":5.8e-05},"geometry":{"type":"Polygon","coordinates":[[[20.083375,49.2373],[20.08475,49.2373],[20.08475,49.2382],[20.083375,49.2382],[20.083375,49.2373]]]}},{"type":"Feature","properties":{"col":37,"row":34,"p":5.8e-05},"geometry":{"type":"Polygon","coordinates":[[[20.055875,49.2175],[20.05725,49.2175],[20.05725,49.2184],[20.055875,49.2184],[20.055875,49.2175]]]}},{"type":"Feature","properties":{"col":48,"row":33,"p":5.8e-05},"geometry":{"type":"Polygon","coordinates":[[[20.071,49.2184],[20.072375,49.2184],[20.072375,49.2193],[20.071,49.2193],[20.071,49.2184]]]}},{"type":"Feature","properties":{"col":54,"row":37,"p":5.7e-05},"geometry":{"type":"Polygon","coordinates":[[[20.07925,49.2148],[20.080625,49.2148],[20.080625,49.2157],[20.07925,49.2157],[20.07925,49.2148]]]}},{"type":"Feature","properties":{"col":23,"row":7,"p":5.7e-05},"geometry":{"type":"Polygon","coordinates":[[[20.036625,49.2418],[20.038,49.2418],[20.038,49.2427],[20.036625,49.2427],[20.036625,49.2418]]]}},{"type":"Feature","properties":{"col":3,"row":43,"p":5.7e-05},"geometry":{"type":"Polygon","coordinates":[[[20.009125,49.2094],[20.0105,49.2094],[20.0105,49.2103],[20.009125,49.2103],[20.009125,49.2094]]]}},{"type":"Feature","properties":{"col":3,"row":26,"p":5.7e-05},"geometry":{"type":"Polygon","coordinates":[[[20.009125,49.2247],[20.0105,49.2247],[20.0105,49.2256],[20.009125,49.2256],[20.009125,49.2247]]]}},{"type":"Feature","properties":{"col":49,"row":17,"p":5.6e-05},"geometry":{"type":"Polygon","coordinates":[[[20.072375,49.2328],[20.07375,49.2328],[20.07375,49.2337],[20.072375,49.2337],[20.072375,49.2328]]]}},{"type":"Feature","properties":{"col":17,"row":48,"p":5.6e-05},"geometry":{"type":"Polygon","coordinates":[[[20.028375,49.2049],[20.02975,49.2049],[20.02975,49.2058],[20.028375,49.2058],[20.028375,49.2049]]]}},{"type":"Feature","properties":{"col":30,"row":45,"p":5.6e-05},"geometry":{"type":"Polygon","coordinates":[[[20.04625,49.2076],[20.047625,49.2076],[20.047625,49.2085],[20.04625,49.2085],[20.04625,49.2076]]]}},{"type":"Feature","properties":{"col":13,"row":33,"p":5.6e-05},"geometry":{"type":"Polygon","coordinates":[[[20.022875,49.2184],[20.02425,49.2184],[20.02425,49.2193],[20.022875,49.2193],[20.022875,49.2184]]]}},{"type":"Feature","properties":{"col":25,"row":24,"p":5.6e-05},"geometry":{"type":"Polygon","coordinates":[[[20.039375,49.2265],[20.04075,49.2265],[20.04075,49.2274],[20.039375,49.2274],[20.039375,49.2265]]]}},{"type":"Feature","properties":{"col":26,"row":48,"p":5.6e-05},"geometry":{"type":"Polygon","coordinates":[[[20.04075,49.2049],[20.042125,49.2049],[20.042125,49.2058],[20.04075,49.2058],[20.04075,49.2049]]]}},{"type":"Feature","properties":{"col":19,"row":20,"p":5.5e-05},"geometry":{"type":"Polygon","coordinates":[[[20.031125,49.2301],[20.0325,49.2301],[20.0325,49.231],[20.031125,49.231],[20.031125,49.2301]]]}},{"type":"Feature","properties":{"col":38,"row":33,"p":5.5e-05},"geometry":{"type":"Polygon","coordinates":[[[20.05725,49.2184],[20.058625,49.2184],[20.058625,49.2193],[20.05725,49.2193],[20.05725,49.2184]]]}},{"type":"Feature","properties":{"col":57,"row":1,"p":5.5e-05},"geometry":{"type":"Polygon","coordinates":[[[20.083375,49.2472],[20.08475,49.2472],[20.08475,49.2481],[20.083375,49.2481],[20.083375,49.2472]]]}},{"type":"Feature","properties":{"col":42,"row":57,"p":5.5e-05},"geometry":{"type":"Polygon","coordinates":[[[20.06275,49.1968],[20.064125,49.1968],[20.064125,49.1977],[20.06275,49.1977],[20.06275,49.1968]]]}},{"type":"Feature","properties":{"col":4,"row":6,"p":5.4e-05},"geometry":{"type":"Polygon","coordinates":[[[20.0105,49.2427],[20.011875,49.2427],[20.011875,49.2436],[20.0105,49.2436],[20.0105,49.2427]]]}},{"type":"Feature","properties":{"col":22,"row":4,"p":5.4e-05},"geometry":{"type":"Polygon","coordinates":[[[20.03525,49.2445],[20.036625,49.2445],[20.036625,49.2454],[20.03525,49.2454],[20.03525,49.2445]]]}},{"type":"Feature","properties":{"col":51,"row":30,"p":5.4e-05},"geometry":{"type":"Polygon","coordinates":[[[20.075125,49.2211],[20.0765,49.2211],[20.0765,49.222],[20.075125,49.222],[20.075125,49.2211]]]}},{"type":"Feature","properties":{"col":31,"row":1,"p":5.4e-05},"geometry":{"type":"Polygon","coordinates":[[[20.047625,49.2472],[20.049,49.2472],[20.049,49.2481],[20.047625,49.2481],[20.047625,49.2472]]]}},{"type":"Feature","properties":{"col":19,"row":19,"p":5.4e-05},"geometry":{"type":"Polygon","coordinates":[[[20.031125,49.231],[20.0325,49.231],[20.0325,49.2319],[20.031125,49.2319],[20.031125,49.231]]]}},{"type":"Feature","properties":{"col":4,"row":21,"p":5.4e-05},"geometry":{"type":"Polygon","coordinates":[[[20.0105,49.2292],[20.011875,49.2292],[20.011875,49.2301],[20.0105,49.2301],[20.0105,49.2292]]]}},{"type":"Feature","properties":{"col":1,"row":12,"p":5.3e-05},"geometry":{"type":"Polygon","coordinates":[[[20.006375,49.2373],[20.00775,49.2373],[20.00775,49.2382],[20.006375,49.2382],[20.006375,49.2373]]]}},{"type":"Feature","properties":{"col":18,"row":7,"p":5.3e-05},"geometry":{"type":"Polygon","coordinates":[[[20.02975,49.2418],[20.031125,49.2418],[20.031125,49.2427],[20.02975,49.2427],[20.02975,49.2418]]]}},{"type":"Feature","properties":{"col":50,"row":36,"p":5.3e-05},"geometry":{"type":"Polygon","coordinates":[[[20.07375,49.2157],[20.075125,49.2157],[20.075125,49.2166],[20.07375,49.2166],[20.07375,49.2157]]]}},{"type":"Feature","properties":{"col":2,"row":2,"p":5.3e-05},"geometry":{"type":"Polygon","coordinates":[[[20.00775,49.2463],[20.009125,49.2463],[20.009125,49.2472],[20.00775,49.2472],[20.00775,49.2463]]]}},{"type":"Feature","properties":{"col":51,"row":4,"p":5.3e-05},"geometry":{"type":"Polygon","coordinates":[[[20.075125,49.2445],[20.0765,49.2445],[20.0765,49.2454],[20.075125,49.2454],[20.075125,49.2445]]]}},{"type":"Feature","properties":{"col":41,"row":17,"p":5.3e-05},"geometry":{"type":"Polygon","coordinates":[[[20.061375,49.2328],[20.06275,49.2328],[20.06275,49.2337],[20.061375,49.2337],[20.061375,49.2328]]]}},{"type":"Feature","properties":{"col":28,"row":39,"p":5.3e-05},"geometry":{"type":"Polygon","coordinates":[[[20.0435,49.213],[20.044875,49.213],[20.044875,49.2139],[20.0435,49.2139],[20.0435,49.213]]]}},{"type":"Feature","properties":{"col":7,"row":23,"p":5.2e-05},"geometry":{"type":"Polygon","coordinates":[[[20.014625,49.2274],[20.016,49.2274],[20.016,49.2283],[20.014625,49.2283],[20.014625,49.2274]]]}},{"type":"Feature","properties":{"col":37,"row":35,"p":5.2e-05},"geometry":{"type":"Polygon","coordinates":[[[20.055875,49.2166],[20.05725,49.2166],[20.05725,49.2175],[20.055875,49.2175],[20.055875,49.2166]]]}},{"type":"Feature","properties":{"col":56,"row":31,"p":5.2e-05},"geometry":{"type":"Polygon","coordinates":[[[20.082,49.2202],[20.083375,49.2202],[20.083375,49.2211],[20.082,49.2211],[20.082,49.2202]]]}},{"type":"Feature","properties":{"col":27,"row":48,"p":5.2e-05},"geometry":{"type":"Polygon","coordinates":[[[20.042125,49.2049],[20.0435,49.2049],[20.0435,49.2058],[20.042125,49.2058],[20.042125,49.2049]]]}},{"type":"Feature","properties":{"col":38,"row":9,"p":5.2e-05},"geometry":{"type":"Polygon","coordinates":[[[20.05725,49.24],[20.058625,49.24],[20.058625,49.2409],[20.05725,49.2409],[20.05725,49.24]]]}},{"type":"Feature","properties":{"col":0,"row":51,"p":5.2e-05},"geometry":{"type":"Polygon","coordinates":[[[20.005,49.2022],[20.006375,49.2022],[20.006375,49.2031],[20.005,49.2031],[20.005,49.2022]]]}},{"type":"Feature","properties":{"col":2,"row":30,"p":5.2e-05},"geometry":{"type":"Polygon","coordinates":[[[20.00775,49.2211],[20.009125,49.2211],[20.009125,49.222],[20.00775,49.222],[20.00775,49.2211]]]}},{"type":"Feature","properties":{"col":13,"row":6,"p":5.2e-05},"geometry":{"type":"Polygon","coordinates":[[[20.022875,49.2427],[20.02425,49.2427],[20.02425,49.2436],[20.022875,49.2436],[20.022875,49.2427]]]}},{"type":"Feature","properties":{"col":4,"row":36,"p":5.1e-05},"geometry":{"type":"Polygon","coordinates":[[[20.0105,49.2157],[20.011875,49.2157],[20.011875,49.2166],[20.0105,49.2166],[20.0105,49.2157]]]}},{"type":"Feature","properties":{"col":0,"row":41,"p":5.1e-05},"geometry":{"type":"Polygon","coordinates":[[[20.005,49.2112],[20.006375,49.2112],[20.006375,49.2121],[20.005,49.2121],[20.005,49.2112]]]}},{"type":"Feature","properties":{"col":1,"row":21,"p":5.1e-05},"geometry":{"type":"Polygon","coordinates":[[[20.006375,49.2292],[20.00775,49.2292],[20.00775,49.2301],[20.006375,49.2301],[20.006375,49.2292]]]}},{"type":"Feature","properties":{"col":49,"row":22,"p":5.1e-05},"geometry":{"type":"Polygon","coordinates":[[[20.072375,49.2283],[20.07375,49.2283],[20.07375,49.2292],[20.072375,49.2292],[20.072375,49.2283]]]}},{"type":"Feature","properties":{"col":36,"row":8,"p":5.1e-05},"geometry":{"type":"Polygon","coordinates":[[[20.0545,49.2409],[20.055875,49.2409],[20.055875,49.2418],[20.0545,49.2418],[20.0545,49.2409]]]}},{"type":"Feature","properties":{"col":44,"row":4,"p":5.1e-05},"geometry":{"type":"Polygon","coordinates":[[[20.0655,49.2445],[20.066875,49.2445],[20.066875,49.2454],[20.0655,49.2454],[20.0655,49.2445]]]}},{"type":"Feature","properties":{"col":6,"row":24,"p":5.1e-05},"geometry":{"type":"Polygon","coordinates":[[[20.01325,49.2265],[20.014625,49.2265],[20.014625,49.2274],[20.01325,49.2274],[20.01325,49.2265]]]}},{"type":"Feature","properties":{"col":6,"row":30,"p":5.1e-05},"geometry":{"type":"Polygon","coordinates":[[[20.01325,49.2211],[20.014625,49.2211],[20.014625,49.222],[20.01325,49.222],[20.01325,49.2211]]]}},{"type":"Feature","properties":{"col":26,"row":41,"p":5.1e-05},"geometry":{"type":"Polygon","coordinates":[[[20.04075,49.2112],[20.042125,49.2112],[20.042125,49.2121],[20.04075,49.2121],[20.04075,49.2112]]]}},{"type":"Feature","properties":{"col":36,"row":6,"p":5.1e-05},"geometry":{"type":"Polygon","coordinates":[[[20.0545,49.2427],[20.055875,49.2427],[20.055875,49.2436],[20.0545,49.2436],[20.0545,49.2427]]]}},{"type":"Feature","properties":{"col":2,"row":50,"p":5.1e-05},"geometry":{"type":"Polygon","coordinates":[[[20.00775,49.2031],[20.009125,49.2031],[20.009125,49.204],[20.00775,49.204],[20.00775,49.2031]]]}},{"type":"Feature","properties":{"col":38,"row":1,"p":5e-05},"geometry":{"type":"Polygon","coordinates":[[[20.05725,49.2472],[20.058625,49.2472],[20.058625,49.2481],[20.05725,49.2481],[20.05725,49.2472]]]}},{"type":"Feature","properties":{"col":25,"row":48,"p":5e-05},"geometry":{"type":"Polygon","coordinates":[[[20.039375,49.2049],[20.04075,49.2049],[20.04075,49.2058],[20.039375,49.2058],[20.039375,49.2049]]]}},{"type":"Feature","properties":{"col":45,"row":17,"p":5e-05},"geometry":{"type":"Polygon","coordinates":[[[20.066875,49.2328],[20.06825,49.2328],[20.06825,49.2337],[20.066875,49.2337],[20.066875,49.2328]]]}},{"type":"Feature","properties":{"col":14,"row":13,"p":5e-05},"geometry":{"type":"Polygon","coordinates":[[[20.02425,49.2364],[20.025625,49.2364],[20.025625,49.2373],[20.02425,49.2373],[20.02425,49.2364]]]}},{"type":"Feature","properties":{"col":7,"row":30,"p":5e-05},"geometry":{"type":"Polygon","coordinates":[[[20.014625,49.2211],[20.016,49.2211],[20.016,49.222],[20.014625,49.222],[20.014625,49.2211]]]}},{"type":"Feature","properties":{"col":46,"row":24,"p":5e-05},"geometry":{"type":"Polygon","coordinates":[[[20.06825,49.2265],[20.069625,49.2265],[20.069625,49.2274],[20.06825,49.2274],[20.06825,49.2265]]]}},{"type":"Feature","properties":{"col":10,"row":22,"p":5e-05},"geometry":{"type":"Polygon","coordinates":[[[20.01875,49.2283],[20.020125,49.2283],[20.020125,49.2292],[20.01875,49.2292],[20.01875,49.2283]]]}},{"type":"Feature","properties":{"col":8,"row":44,"p":5e-05},"geometry":{"type":"Polygon","coordinates":[[[20.016,49.2085],[20.017375,49.2085],[20.017375,49.2094],[20.016,49.2094],[20.016,49.2085]]]}},{"type":"Feature","properties":{"col":22,"row":40,"p":5e-05},"geometry":{"type":"Polygon","coordinates":[[[20.03525,49.2121],[20.036625,49.2121],[20.036625,49.213],[20.03525,49.213],[20.03525,49.2121]]]}},{"type":"Feature","properties":{"col":1,"row":29,"p":5e-05},"geometry":{"type":"Polygon","coordinates":[[[20.006375,49.222],[20.00775,49.222],[20.00775,49.2229],[20.006375,49.2229],[20.006375,49.222]]]}},{"type":"Feature","properties":{"col":23,"row":1,"p":5e-05},"geometry":{"type":"Polygon","coordinates":[[[20.036625,49.2472],[20.038,49.2472],[20.038,49.2481],[20.036625,49.2481],[20.036625,49.2472]]]}},{"type":"Feature","properties":{"col":5,"row":19,"p":4.9e-05},"geometry":{"type":"Polygon","coordinates":[[[20.011875,49.231],[20.01325,49.231],[20.01325,49.2319],[20.011875,49.2319],[20.011875,49.231]]]}},{"type":"Feature","properties":{"col":36,"row":4,"p":4.9e-05},"geometry":{"type":"Polygon","coordinates":[[[20.0545,49.2445],[20.055875,49.2445],[20.055875,49.2454],[20.0545,49.2454],[20.0545,49.2445]]]}},{"type":"Feature","properties":{"col":36,"row":5,"p":4.9e-05},"geometry":{"type":"Polygon","coordinates":[[[20.0545,49.2436],[20.055875,49.2436],[20.055875,49.2445],[20.0545,49.2445],[20.0545,49.2436]]]}},{"type":"Feature","properties":{"col":58,"row":12,"p":4.9e-05},"geometry":{"type":"Polygon","coordinates":[[[20.08475,49.2373],[20.086125,49.2373],[20.086125,49.2382],[20.08475,49.2382],[20.08475,49.2373]]]}},{"type":"Feature","properties":{"col":48,"row":39,"p":4.9e-05},"geometry":{"type":"Polygon","coordinates":[[[20.071,49.213],[20.072375,49.213],[20.072375,49.2139],[20.071,49.2139],[20.071,49.213]]]}},{"type":"Feature","properties":{"col":36,"row":11,"p":4.9e-05},"geometry":{"type":"Polygon","coordinates":[[[20.0545,49.2382],[20.055875,49.2382],[20.055875,49.2391],[20.0545,49.2391],[20.0545,49.2382]]]}},{"type":"Feature","properties":{"col":42,"row":16,"p":4.8e-05},"geometry":{"type":"Polygon","coordinates":[[[20.06275,49.2337],[20.064125,49.2337],[20.064125,49.2346],[20.06275,49.2346],[20.06275,49.2337]]]}},{"type":"Feature","properties":{"col":23,"row":55,"p":4.8e-05},"geometry":{"type":"Polygon","coordinates":[[[20.036625,49.1986],[20.038,49.1986],[20.038,49.1995],[20.036625,49.1995],[20.036625,49.1986]]]}},{"type":"Feature","properties":{"col":21,"row":17,"p":4.8e-05},"geometry":{"type":"Polygon","coordinates":[[[20.033875,49.2328],[20.03525,49.2328],[20.03525,49.2337],[20.033875,49.2337],[20.033875,49.2328]]]}},{"type":"Feature","properties":{"col":15,"row":52,"p":4.8e-05},"geometry":{"type":"Polygon","coordinates":[[[20.025625,49.2013],[20.027,49.2013],[20.027,49.2022],[20.025625,49.2022],[20.025625,49.2013]]]}},{"type":"Feature","properties":{"col":24,"row":50,"p":4.8e-05},"geometry":{"type":"Polygon","coordinates":[[[20.038,49.2031],[20.039375,49.2031],[20.039375,49.204],[20.038,49.204],[20.038,49.2031]]]}},{"type":"Feature","properties":{"col":22,"row":24,"p":4.8e-05},"geometry":{"type":"Polygon","coordinates":[[[20.03525,49.2265],[20.036625,49.2265],[20.036625,49.2274],[20.03525,49.2274],[20.03525,49.2265]]]}},{"type":"Feature","properties":{"col":37,"row":5,"p":4.8e-05},"geometry":{"type":"Polygon","coordinates":[[[20.055875,49.2436],[20.05725,49.2436],[20.05725,49.2445],[20.055875,49.2445],[20.055875,49.2436]]]}},{"type":"Feature","properties":{"col":0,"row":2,"p":4.8e-05},"geometry":{"type":"Polygon","coordinates":[[[20.005,49.2463],[20.006375,49.2463],[20.006375,49.2472],[20.005,49.2472],[20.005,49.2463]]]}},{"type":"Feature","properties":{"col":59,"row":56,"p":4.8e-05},"geometry":{"type":"Polygon","coordinates":[[[20.086125,49.1977],[20.0875,49.1977],[20.0875,49.1986],[20.086125,49.1986],[20.086125,49.1977]]]}},{"type":"Feature","properties":{"col":28,"row":0,"p":4.8e-05},"geometry":{"type":"Polygon","coordinates":[[[20.0435,49.2481],[20.044875,49.2481],[20.044875,49.249],[20.0435,49.249],[20.0435,49.2481]]]}},{"type":"Feature","properties":{"col":24,"row":28,"p":4.7e-05},"geometry":{"type":"Polygon","coordinates":[[[20.038,49.2229],[20.039375,49.2229],[20.039375,49.2238],[20.038,49.2238],[20.038,49.2229]]]}},{"type":"Feature","properties":{"col":5,"row":52,"p":4.7e-05},"geometry":{"type":"Polygon","coordinates":[[[20.011875,49.2013],[20.01325,49.2013],[20.01325,49.2022],[20.011875,49.2022],[20.011875,49.2013]]]}},{"type":"Feature","properties":{"col":55,"row":3,"p":4.7e-05},"geometry":{"type":"Polygon","coordinates":[[[20.080625,49.2454],[20.082,49.2454],[20.082,49.2463],[20.080625,49.2463],[20.080625,49.2454]]]}},{"type":"Feature","properties":{"col":1,"row":30,"p":4.7e-05},"geometry":{"type":"Polygon","coordinates":[[[20.006375,49.2211],[20.00775,49.2211],[20.00775,49.222],[20.006375,49.222],[20.006375,49.2211]]]}},{"type":"Feature","properties":{"col":36,"row":34,"p":4.7e-05},"geometry":{"type":"Polygon","coordinates":[[[20.0545,49.2175],[20.055875,49.2175],[20.055875,49.2184],[20.0545,49.2184],[20.0545,49.2175]]]}},{"type":"Feature","properties":{"col":40,"row":34,"p":4.7e-05},"geometry":{"type":"Polygon","coordinates":[[[20.06,49.2175],[20.061375,49.2175],[20.061375,49.2184],[20.06,49.2184],[20.06,49.2175]]]}},{"type":"Feature","properties":{"col":15,"row":8,"p":4.7e-05},"geometry":{"type":"Polygon","coordinates":[[[20.025625,49.2409],[20.027,49.2409],[20.027,49.2418],[20.025625,49.2418],[20.025625,49.2409]]]}},{"type":"Feature","properties":{"col":3,"row":53,"p":4.7e-05},"geometry":{"type":"Polygon","coordinates":[[[20.009125,49.2004],[20.0105,49.2004],[20.0105,49.2013],[20.009125,49.2013],[20.009125,49.2004]]]}},{"type":"Feature","properties":{"col":53,"row":16,"p":4.7e-05},"geometry":{"type":"Polygon","coordinates":[[[20.077875,49.2337],[20.07925,49.2337],[20.07925,49.2346],[20.077875,49.2346],[20.077875,49.2337]]]}},{"type":"Feature","properties":{"col":16,"row":44,"p":4.7e-05},"geometry":{"type":"Polygon","coordinates":[[[20.027,49.2085],[20.028375,49.2085],[20.028375,49.2094],[20.027,49.2094],[20.027,49.2085]]]}},{"type":"Feature","properties":{"col":39,"row":9,"p":4.7e-05},"geometry":{"type":"Polygon","coordinates":[[[20.058625,49.24],[20.06,49.24],[20.06,49.2409],[20.058625,49.2409],[20.058625,49.24]]]}},{"type":"Feature","properties":{"col":22,"row":23,"p":4.7e-05},"geometry":{"type":"Polygon","coordinates":[[[20.03525,49.2274],[20.036625,49.2274],[20.036625,49.2283],[20.03525,49.2283],[20.03525,49.2274]]]}},{"type":"Feature","properties":{"col":30,"row":40,"p":4.6e-05},"geometry":{"type":"Polygon","coordinates":[[[20.04625,49.2121],[20.047625,49.2121],[20.047625,49.213],[20.04625,49.213],[20.04625,49.2121]]]}},{"type":"Feature","properties":{"col":4,"row":53,"p":4.6e-05},"geometry":{"type":"Polygon","coordinates":[[[20.0105,49.2004],[20.011875,49.2004],[20.011875,49.2013],[20.0105,49.2013],[20.0105,49.2004]]]}},{"type":"Feature","properties":{"col":29,"row":4,"p":4.6e-05},"geometry":{"type":"Polygon","coordinates":[[[20.044875,49.2445],[20.04625,49.2445],[20.04625,49.2454],[20.044875,49.2454],[20.044875,49.2445]]]}},{"type":"Feature","properties":{"col":13,"row":7,"p":4.6e-05},"geometry":{"type":"Polygon","coordinates":[[[20.022875,49.2418],[20.02425,49.2418],[20.02425,49.2427],[20.022875,49.2427],[20.022875,49.2418]]]}},{"type":"Feature","properties":{"col":7,"row":31,"p":4.6e-05},"geometry":{"type":"Polygon","coordinates":[[[20.014625,49.2202],[20.016,49.2202],[20.016,49.2211],[20.014625,49.2211],[20.014625,49.2202]]]}},{"type":"Feature","properties":{"col":59,"row":0,"p":4.6e-05},"geometry":{"type":"Polygon","coordinates":[[[20.086125,49.2481],[20.0875,49.2481],[20.0875,49.249],[20.086125,49.249],[20.086125,49.2481]]]}},{"type":"Feature","properties":{"col":13,"row":9,"p":4.6e-05},"geometry":{"type":"Polygon","coordinates":[[[20.022875,49.24],[20.02425,49.24],[20.02425,49.2409],[20.022875,49.2409],[20.022875,49.24]]]}},{"type":"Feature","properties":{"col":5,"row":0,"p":4.6e-05},"geometry":{"type":"Polygon","coordinates":[[[20.011875,49.2481],[20.01325,49.2481],[20.01325,49.249],[20.011875,49.249],[20.011875,49.2481]]]}},{"type":"Feature","properties":{"col":19,"row":51,"p":4.6e-05},"geometry":{"type":"Polygon","coordinates":[[[20.031125,49.2022],[20.0325,49.2022],[20.0325,49.2031],[20.031125,49.2031],[20.031125,49.2022]]]}},{"type":"Feature","properties":{"col":10,"row":33,"p":4.5e-05},"geometry":{"type":"Polygon","coordinates":[[[20.01875,49.2184],[20.020125,49.2184],[20.020125,49.2193],[20.01875,49.2193],[20.01875,49.2184]]]}},{"type":"Feature","properties":{"col":56,"row":15,"p":4.5e-05},"geometry":{"type":"Polygon","coordinates":[[[20.082,49.2346],[20.083375,49.2346],[20.083375,49.2355],[20.082,49.2355],[20.082,49.2346]]]}},{"type":"Feature","properties":{"col":51,"row":33,"p":4.5e-05},"geometry":{"type":"Polygon","coordinates":[[[20.075125,49.2184],[20.0765,49.2184],[20.0765,49.2193],[20.075125,49.2193],[20.075125,49.2184]]]}},{"type":"Feature","properties":{"col":7,"row":39,"p":4.5e-05},"geometry":{"type":"Polygon","coordinates":[[[20.014625,49.213],[20.016,49.213],[20.016,49.2139],[20.014625,49.2139],[20.014625,49.213]]]}},{"type":"Feature","properties":{"col":28,"row":48,"p":4.5e-05},"geometry":{"type":"Polygon","coordinates":[[[20.0435,49.2049],[20.044875,49.2049],[20.044875,49.2058],[20.0435,49.2058],[20.0435,49.2049]]]}},{"type":"Feature","properties":{"col":20,"row":7,"p":4.5e-05},"geometry":{"type":"Polygon","coordinates":[[[20.0325,49.2418],[20.033875,49.2418],[20.033875,49.2427],[20.0325,49.2427],[20.0325,49.2418]]]}},{"type":"Feature","properties":{"col":16,"row":9,"p":4.5e-05},"geometry":{"type":"Polygon","coordinates":[[[20.027,49.24],[20.028375,49.24],[20.028375,49.2409],[20.027,49.2409],[20.027,49.24]]]}},{"type":"Feature","properties":{"col":8,"row":24,"p":4.5e-05},"geometry":{"type":"Polygon","coordinates":[[[20.016,49.2265],[20.017375,49.2265],[20.017375,49.2274],[20.016,49.2274],[20.016,49.2265]]]}},{"type":"Feature","properties":{"col":59,"row":32,"p":4.5e-05},"geometry":{"type":"Polygon","coordinates":[[[20.086125,49.2193],[20.0875,49.2193],[20.0875,49.2202],[20.086125,49.2202],[20.086125,49.2193]]]}},{"type":"Feature","properties":{"col":10,"row":32,"p":4.5e-05},"geometry":{"type":"Polygon","coordinates":[[[20.01875,49.2193],[20.020125,49.2193],[20.020125,49.2202],[20.01875,49.2202],[20.01875,49.2193]]]}},{"type":"Feature","properties":{"col":34,"row":0,"p":4.5e-05},"geometry":{"type":"Polygon","coordinates":[[[20.05175,49.2481],[20.053125,49.2481],[20.053125,49.249],[20.05175,49.249],[20.05175,49.2481]]]}},{"type":"Feature","properties":{"col":7,"row":29,"p":4.4e-05},"geometry":{"type":"Polygon","coordinates":[[[20.014625,49.222],[20.016,49.222],[20.016,49.2229],[20.014625,49.2229],[20.014625,49.222]]]}},{"type":"Feature","properties":{"col":5,"row":20,"p":4.4e-05},"geometry":{"type":"Polygon","coordinates":[[[20.011875,49.2301],[20.01325,49.2301],[20.01325,49.231],[20.011875,49.231],[20.011875,49.2301]]]}},{"type":"Feature","properties":{"col":58,"row":36,"p":4.4e-05},"geometry":{"type":"Polygon","coordinates":[[[20.08475,49.2157],[20.086125,49.2157],[20.086125,49.2166],[20.08475,49.2166],[20.08475,49.2157]]]}},{"type":"Feature","properties":{"col":20,"row":8,"p":4.4e-05},"geometry":{"type":"Polygon","coordinates":[[[20.0325,49.2409],[20.033875,49.2409],[20.033875,49.2418],[20.0325,49.2418],[20.0325,49.2409]]]}},{"type":"Feature","properties":{"col":31,"row":2,"p":4.4e-05},"geometry":{"type":"Polygon","coordinates":[[[20.047625,49.2463],[20.049,49.2463],[20.049,49.2472],[20.047625,49.2472],[20.047625,49.2463]]]}},{"type":"Feature","properties":{"col":15,"row":33,"p":4.4e-05},"geometry":{"type":"Polygon","coordinates":[[[20.025625,49.2184],[20.027,49.2184],[20.027,49.2193],[20.025625,49.2193],[20.025625,49.2184]]]}},{"type":"Feature","properties":{"col":54,"row":5,"p":4.4e-05},"geometry":{"type":"Polygon","coordinates":[[[20.07925,49.2436],[20.080625,49.2436],[20.080625,49.2445],[20.07925,49.2445],[20.07925,49.2436]]]}},{"type":"Feature","properties":{"col":1,"row":41,"p":4.4e-05},"geometry":{"type":"Polygon","coordinates":[[[20.006375,49.2112],[20.00775,49.2112],[20.00775,49.2121],[20.006375,49.2121],[20.006375,49.2112]]]}},{"type":"Feature","properties":{"col":54,"row":4,"p":4.4e-05},"geometry":{"type":"Polygon","coordinates":[[[20.07925,49.2445],[20.080625,49.2445],[20.080625,49.2454],[20.07925,49.2454],[20.07925,49.2445]]]}},{"type":"Feature","properties":{"col":59,"row":29,"p":4.3e-05},"geometry":{"type":"Polygon","coordinates":[[[20.086125,49.222],[20.0875,49.222],[20.0875,49.2229],[20.086125,49.2229],[20.086125,49.222]]]}},{"type":"Feature","properties":{"col":57,"row":2,"p":4.3e-05},"geometry":{"type":"Polygon","coordinates":[[[20.083375,49.2463],[20.08475,49.2463],[20.08475,49.2472],[20.083375,49.2472],[20.083375,49.2463]]]}},{"type":"Feature","properties":{"col":8,"row":8,"p":4.3e-05},"geometry":{"type":"Polygon","coordinates":[[[20.016,49.2409],[20.017375,49.2409],[20.017375,49.2418],[20.016,49.2418],[20.016,49.2409]]]}},{"type":"Feature","properties":{"col":1,"row":20,"p":4.3e-05},"geometry":{"type":"Polygon","coordinates":[[[20.006375,49.2301],[20.00775,49.2301],[20.00775,49.231],[20.006375,49.231],[20.006375,49.2301]]]}},{"type":"Feature","properties":{"col":31,"row":56,"p":4.3e-05},"geometry":{"type":"Polygon","coordinates":[[[20.047625,49.1977],[20.049,49.1977],[20.049,49.1986],[20.047625,49.1986],[20.047625,49.1977]]]}},{"type":"Feature","properties":{"col":22,"row":50,"p":4.3e-05},"geometry":{"type":"Polygon","coordinates":[[[20.03525,49.2031],[20.036625,49.2031],[20.036625,49.204],[20.03525,49.204],[20.03525,49.2031]]]}},{"type":"Feature","properties":{"col":16,"row":4,"p":4.3e-05},"geometry":{"type":"Polygon","coordinates":[[[20.027,49.2445],[20.028375,49.2445],[20.028375,49.2454],[20.027,49.2454],[20.027,49.2445]]]}},{"type":"Feature","properties":{"col":29,"row":44,"p":4.3e-05},"geometry":{"type":"Polygon","coordinates":[[[20.044875,49.2085],[20.04625,49.2085],[20.04625,49.2094],[20.044875,49.2094],[20.044875,49.2085]]]}},{"type":"Feature","properties":{"col":6,"row":23,"p":4.3e-05},"geometry":{"type":"Polygon","coordinates":[[[20.01325,49.2274],[20.014625,49.2274],[20.014625,49.2283],[20.01325,49.2283],[20.01325,49.2274]]]}},{"type":"Feature","properties":{"col":24,"row":8,"p":4.2e-05},"geometry":{"type":"Polygon","coordinates":[[[20.038,49.2409],[20.039375,49.2409],[20.039375,49.2418],[20.038,49.2418],[20.038,49.2409]]]}},{"type":"Feature","properties":{"col":49,"row":40,"p":4.2e-05},"geometry":{"type":"Polygon","coordinates":[[[20.072375,49.2121],[20.07375,49.2121],[20.07375,49.213],[20.072375,49.213],[20.072375,49.2121]]]}},{"type":"Feature","properties":{"col":29,"row":21,"p":4.2e-05},"geometry":{"type":"Polygon","coordinates":[[[20.044875,49.2292],[20.04625,49.2292],[20.04625,49.2301],[20.044875,49.2301],[20.044875,49.2292]]]}},{"type":"Feature","properties":{"col":21,"row":18,"p":4.2e-05},"geometry":{"type":"Polygon","coordinates":[[[20.033875,49.2319],[20.03525,49.2319],[20.03525,49.2328],[20.033875,49.2328],[20.033875,49.2319]]]}},{"type":"Feature","properties":{"col":11,"row":43,"p":4.2e-05},"geometry":{"type":"Polygon","coordinates":[[[20.020125,49.2094],[20.0215,49.2094],[20.0215,49.2103],[20.020125,49.2103],[20.020125,49.2094]]]}},{"type":"Feature","properties":{"col":57,"row":14,"p":4.2e-05},"geometry":{"type":"Polygon","coordinates":[[[20.083375,49.2355],[20.08475,49.2355],[20.08475,49.2364],[20.083375,49.2364],[20.083375,49.2355]]]}},{"type":"Feature","properties":{"col":11,"row":27,"p":4.2e-05},"geometry":{"type":"Polygon","coordinates":[[[20.020125,49.2238],[20.0215,49.2238],[20.0215,49.2247],[20.020125,49.2247],[20.020125,49.2238]]]}},{"type":"Feature","properties":{"col":49,"row":33,"p":4.2e-05},"geometry":{"type":"Polygon","coordinates":[[[20.072375,49.2184],[20.07375,49.2184],[20.07375,49.2193],[20.072375,49.2193],[20.072375,49.2184]]]}},{"type":"Feature","properties":{"col":20,"row":18,"p":4.2e-05},"geometry":{"type":"Polygon","coordinates":[[[20.0325,49.2319],[20.033875,49.2319],[20.033875,49.2328],[20.0325,49.2328],[20.0325,49.2319]]]}},{"type":"Feature","properties":{"col":4,"row":26,"p":4.2e-05},"geometry":{"type":"Polygon","coordinates":[[[20.0105,49.2247],[20.011875,49.2247],[20.011875,49.2256],[20.0105,49.2256],[20.0105,49.2247]]]}},{"type":"Feature","properties":{"col":6,"row":18,"p":4.2e-05},"geometry":{"type":"Polygon","coordinates":[[[20.01325,49.2319],[20.014625,49.2319],[20.014625,49.2328],[20.01325,49.2328],[20.01325,49.2319]]]}},{"type":"Feature","properties":{"col":45,"row":2,"p":4.2e-05},"geometry":{"type":"Polygon","coordinates":[[[20.066875,49.2463],[20.06825,49.2463],[20.06825,49.2472],[20.066875,49.2472],[20.066875,49.2463]]]}},{"type":"Feature","properties":{"col":16,"row":48,"p":4.2e-05},"geometry":{"type":"Polygon","coordinates":[[[20.027,49.2049],[20.028375,49.2049],[20.028375,49.2058],[20.027,49.2058],[20.027,49.2049]]]}},{"type":"Feature","properties":{"col":25,"row":56,"p":4.2e-05},"geometry":{"type":"Polygon","coordinates":[[[20.039375,49.1977],[20.04075,49.1977],[20.04075,49.1986],[20.039375,49.1986],[20.039375,49.1977]]]}},{"type":"Feature","properties":{"col":10,"row":4,"p":4.2e-05},"geometry":{"type":"Polygon","coordinates":[[[20.01875,49.2445],[20.020125,49.2445],[20.020125,49.2454],[20.01875,49.2454],[20.01875,49.2445]]]}},{"type":"Feature","properties":{"col":17,"row":40,"p":4.1e-05},"geometry":{"type":"Polygon","coordinates":[[[20.028375,49.2121],[20.02975,49.2121],[20.02975,49.213],[20.028375,49.213],[20.028375,49.2121]]]}},{"type":"Feature","properties":{"col":13,"row":39,"p":4.1e-05},"geometry":{"type":"Polygon","coordinates":[[[20.022875,49.213],[20.02425,49.213],[20.02425,49.2139],[20.022875,49.2139],[20.022875,49.213]]]}},{"type":"Feature","properties":{"col":35,"row":34,"p":4.1e-05},"geometry":{"type":"Polygon","coordinates":[[[20.053125,49.2175],[20.0545,49.2175],[20.0545,49.2184],[20.053125,49.2184],[20.053125,49.2175]]]}},{"type":"Feature","properties":{"col":1,"row":4,"p":4.1e-05},"geometry":{"type":"Polygon","coordinates":[[[20.006375,49.2445],[20.00775,49.2445],[20.00775,49.2454],[20.006375,49.2454],[20.006375,49.2445]]]}},{"type":"Feature","properties":{"col":28,"row":58,"p":4.1e-05},"geometry":{"type":"Polygon","coordinates":[[[20.0435,49.1959],[20.044875,49.1959],[20.044875,49.1968],[20.0435,49.1968],[20.0435,49.1959]]]}},{"type":"Feature","properties":{"col":3,"row":10,"p":4.1e-05},"geometry":{"type":"Polygon","coordinates":[[[20.009125,49.2391],[20.0105,49.2391],[20.0105,49.24],[20.009125,49.24],[20.009125,49.2391]]]}},{"type":"Feature","properties":{"col":56,"row":6,"p":4.1e-05},"geometry":{"type":"Polygon","coordinates":[[[20.082,49.2427],[20.083375,49.2427],[20.083375,49.2436],[20.082,49.2436],[20.082,49.2427]]]}},{"type":"Feature","properties":{"col":16,"row":33,"p":4.1e-05},"geometry":{"type":"Polygon","coordinates":[[[20.027,49.2184],[20.028375,49.2184],[20.028375,49.2193],[20.027,49.2193],[20.027,49.2184]]]}},{"type":"Feature","properties":{"col":53,"row":19,"p":4e-05},"geometry":{"type":"Polygon","coordinates":[[[20.077875,49.231],[20.07925,49.231],[20.07925,49.2319],[20.077875,49.2319],[20.077875,49.231]]]}},{"type":"Feature","properties":{"col":43,"row":36,"p":4e-05},"geometry":{"type":"Polygon","coordinates":[[[20.064125,49.2157],[20.0655,49.2157],[20.0655,49.2166],[20.064125,49.2166],[20.064125,49.2157]]]}},{"type":"Feature","properties":{"col":11,"row":51,"p":4e-05},"geometry":{"type":"Polygon","coordinates":[[[20.020125,49.2022],[20.0215,49.2022],[20.0215,49.2031],[20.020125,49.2031],[20.020125,49.2022]]]}},{"type":"Feature","properties":{"col":29,"row":5,"p":4e-05},"geometry":{"type":"Polygon","coordinates":[[[20.044875,49.2436],[20.04625,49.2436],[20.04625,49.2445],[20.044875,49.2445],[20.044875,49.2436]]]}},{"type":"Feature","properties":{"col":42,"row":2,"p":4e-05},"geometry":{"type":"Polygon","coordinates":[[[20.06275,49.2463],[20.064125,49.2463],[20.064125,49.2472],[20.06275,49.2472],[20.06275,49.2463]]]}},{"type":"Feature","properties":{"col":2,"row":29,"p":4e-05},"geometry":{"type":"Polygon","coordinates":[[[20.00775,49.222],[20.009125,49.222],[20.009125,49.2229],[20.00775,49.2229],[20.00775,49.222]]]}},{"type":"Feature","properties":{"col":3,"row":49,"p":4e-05},"geometry":{"type":"Polygon","coordinates":[[[20.009125,49.204],[20.0105,49.204],[20.0105,49.2049],[20.009125,49.2049],[20.009125,49.204]]]}},{"type":"Feature","properties":{"col":9,"row":59,"p":4e-05},"geometry":{"type":"Polygon","coordinates":[[[20.017375,49.195],[20.01875,49.195],[20.01875,49.1959],[20.017375,49.1959],[20.017375,49.195]]]}},{"type":"Feature","properties":{"col":17,"row":54,"p":4e-05},"geometry":{"type":"Polygon","coordinates":[[[20.028375,49.1995],[20.02975,49.1995],[20.02975,49.2004],[20.028375,49.2004],[20.028375,49.1995]]]}},{"type":"Feature","properties":{"col":39,"row":12,"p":4e-05},"geometry":{"type":"Polygon","coordinates":[[[20.058625,49.2373],[20.06,49.2373],[20.06,49.2382],[20.058625,49.2382],[20.058625,49.2373]]]}},{"type":"Feature","properties":{"col":1,"row":42,"p":4e-05},"geometry":{"type":"Polygon","coordinates":[[[20.006375,49.2103],[20.00775,49.2103],[20.00775,49.2112],[20.006375,49.2112],[20.006375,49.2103]]]}},{"type":"Feature","properties":{"col":29,"row":48,"p":3.9e-05},"geometry":{"type":"Polygon","coordinates":[[[20.044875,49.2049],[20.04625,49.2049],[20.04625,49.2058],[20.044875,49.2058],[20.044875,49.2049]]]}},{"type":"Feature","properties":{"col":7,"row":19,"p":3.9e-05},"geometry":{"type":"Polygon","coordinates":[[[20.014625,49.231],[20.016,49.231],[20.016,49.2319],[20.014625,49.2319],[20.014625,49.231]]]}},{"type":"Feature","properties":{"col":14,"row":40,"p":3.9e-05},"geometry":{"type":"Polygon","coordinates":[[[20.02425,49.2121],[20.025625,49.2121],[20.025625,49.213],[20.02425,49.213],[20.02425,49.2121]]]}},{"type":"Feature","properties":{"col":59,"row":14,"p":3.9e-05},"geometry":{"type":"Polygon","coordinates":[[[20.086125,49.2355],[20.0875,49.2355],[20.0875,49.2364],[20.086125,49.2364],[20.086125,49.2355]]]}},{"type":"Feature","properties":{"col":15,"row":12,"p":3.9e-05},"geometry":{"type":"Polygon","coordinates":[[[20.025625,49.2373],[20.027,49.2373],[20.027,49.2382],[20.025625,49.2382],[20.025625,49.2373]]]}},{"type":"Feature","properties":{"col":52,"row":34,"p":3.9e-05},"geometry":{"type":"Polygon","coordinates":[[[20.0765,49.2175],[20.077875,49.2175],[20.077875,49.2184],[20.0765,49.2184],[20.0765,49.2175]]]}},{"type":"Feature","properties":{"col":0,"row":29,"p":3.9e-05},"geometry":{"type":"Polygon","coordinates":[[[20.005,49.222],[20.006375,49.222],[20.006375,49.2229],[20.005,49.2229],[20.005,49.222]]]}},{"type":"Feature","properties":{"col":9,"row":12,"p":3.9e-05},"geometry":{"type":"Polygon","coordinates":[[[20.017375,49.2373],[20.01875,49.2373],[20.01875,49.2382],[20.017375,49.2382],[20.017375,49.2373]]]}},{"type":"Feature","properties":{"col":19,"row":53,"p":3.9e-05},"geometry":{"type":"Polygon","coordinates":[[[20.031125,49.2004],[20.0325,49.2004],[20.0325,49.2013],[20.031125,49.2013],[20.031125,49.2004]]]}},{"type":"Feature","properties":{"col":1,"row":46,"p":3.9e-05},"geometry":{"type":"Polygon","coordinates":[[[20.006375,49.2067],[20.00775,49.2067],[20.00775,49.2076],[20.006375,49.2076],[20.006375,49.2067]]]}},{"type":"Feature","properties":{"col":21,"row":15,"p":3.9e-05},"geometry":{"type":"Polygon","coordinates":[[[20.033875,49.2346],[20.03525,49.2346],[20.03525,49.2355],[20.033875,49.2355],[20.033875,49.2346]]]}},{"type":"Feature","properties":{"col":9,"row":25,"p":3.8e-05},"geometry":{"type":"Polygon","coordinates":[[[20.017375,49.2256],[20.01875,49.2256],[20.01875,49.2265],[20.017375,49.2265],[20.017375,49.2256]]]}},{"type":"Feature","properties":{"col":48,"row":16,"p":3.8e-05},"geometry":{"type":"Polygon","coordinates":[[[20.071,49.2337],[20.072375,49.2337],[20.072375,49.2346],[20.071,49.2346],[20.071,49.2337]]]}},{"type":"Feature","properties":{"col":8,"row":33,"p":3.8e-05},"geometry":{"type":"Polygon","coordinates":[[[20.016,49.2184],[20.017375,49.2184],[20.017375,49.2193],[20.016,49.2193],[20.016,49.2184]]]}},{"type":"Feature","properties":{"col":59,"row":37,"p":3.8e-05},"geometry":{"type":"Polygon","coordinates":[[[20.086125,49.2148],[20.0875,49.2148],[20.0875,49.2157],[20.086125,49.2157],[20.086125,49.2148]]]}},{"type":"Feature","properties":{"col":34,"row":2,"p":3.8e-05},"geometry":{"type":"Polygon","coordinates":[[[20.05175,49.2463],[20.053125,49.2463],[20.053125,49.2472],[20.05175,49.2472],[20.05175,49.2463]]]}},{"type":"Feature","properties":{"col":24,"row":14,"p":3.8e-05},"geometry":{"type":"Polygon","coordinates":[[[20.038,49.2355],[20.039375,49.2355],[20.039375,49.2364],[20.038,49.2364],[20.038,49.2355]]]}},{"type":"Feature","properties":{"col":53,"row":17,"p":3.8e-05},"geometry":{"type":"Polygon","coordinates":[[[20.077875,49.2328],[20.07925,49.2328],[20.07925,49.2337],[20.077875,49.2337],[20.077875,49.2328]]]}},{"type":"Feature","properties":{"col":0,"row":30,"p":3.8e-05},"geometry":{"type":"Polygon","coordinates":[[[20.005,49.2211],[20.006375,49.2211],[20.006375,49.222],[20.005,49.222],[20.005,49.2211]]]}},{"type":"Feature","properties":{"col":0,"row":12,"p":3.8e-05},"geometry":{"type":"Polygon","coordinates":[[[20.005,49.2373],[20.006375,49.2373],[20.006375,49.2382],[20.005,49.2382],[20.005,49.2373]]]}},{"type":"Feature","properties":{"col":19,"row":15,"p":3.7e-05},"geometry":{"type":"Polygon","coordinates":[[[20.031125,49.2346],[20.0325,49.2346],[20.0325,49.2355],[20.031125,49.2355],[20.031125,49.2346]]]}},{"type":"Feature","properties":{"col":3,"row":35,"p":3.7e-05},"geometry":{"type":"Polygon","coordinates":[[[20.009125,49.2166],[20.0105,49.2166],[20.0105,49.2175],[20.009125,49.2175],[20.009125,49.2166]]]}},{"type":"Feature","properties":{"col":30,"row":19,"p":3.7e-05},"geometry":{"type":"Polygon","coordinates":[[[20.04625,49.231],[20.047625,49.231],[20.047625,49.2319],[20.04625,49.2319],[20.04625,49.231]]]}},{"type":"Feature","properties":{"col":8,"row":22,"p":3.7e-05},"geometry":{"type":"Polygon","coordinates":[[[20.016,49.2283],[20.017375,49.2283],[20.017375,49.2292],[20.016,49.2292],[20.016,49.2283]]]}},{"type":"Feature","properties":{"col":20,"row":9,"p":3.7e-05},"geometry":{"type":"Polygon","coordinates":[[[20.0325,49.24],[20.033875,49.24],[20.033875,49.2409],[20.0325,49.2409],[20.0325,49.24]]]}},{"type":"Feature","properties":{"col":45,"row":39,"p":3.7e-05},"geometry":{"type":"Polygon","coordinates":[[[20.066875,49.213],[20.06825,49.213],[20.06825,49.2139],[20.066875,49.2139],[20.066875,49.213]]]}},{"type":"Feature","properties":{"col":51,"row":10,"p":3.6e-05},"geometry":{"type":"Polygon","coordinates":[[[20.075125,49.2391],[20.0765,49.2391],[20.0765,49.24],[20.075125,49.24],[20.075125,49.2391]]]}},{"type":"Feature","properties":{"col":35,"row":37,"p":3.6e-05},"geometry":{"type":"Polygon","coordinates":[[[20.053125,49.2148],[20.0545,49.2148],[20.0545,49.2157],[20.053125,49.2157],[20.053125,49.2148]]]}},{"type":"Feature","properties":{"col":22,"row":39,"p":3.6e-05},"geometry":{"type":"Polygon","coordinates":[[[20.03525,49.213],[20.036625,49.213],[20.036625,49.2139],[20.03525,49.2139],[20.03525,49.213]]]}},{"type":"Feature","properties":{"col":16,"row":6,"p":3.6e-05},"geometry":{"type":"Polygon","coordinates":[[[20.027,49.2427],[20.028375,49.2427],[20.028375,49.2436],[20.027,49.2436],[20.027,49.2427]]]}},{"type":"Feature","properties":{"col":31,"row":17,"p":3.6e-05},"geometry":{"type":"Polygon","coordinates":[[[20.047625,49.2328],[20.049,49.2328],[20.049,49.2337],[20.047625,49.2337],[20.047625,49.2328]]]}},{"type":"Feature","properties":{"col":23,"row":47,"p":3.6e-05},"geometry":{"type":"Polygon","coordinates":[[[20.036625,49.2058],[20.038,49.2058],[20.038,49.2067],[20.036625,49.2067],[20.036625,49.2058]]]}},{"type":"Feature","properties":{"col":6,"row":38,"p":3.6e-05},"geometry":{"type":"Polygon","coordinates":[[[20.01325,49.2139],[20.014625,49.2139],[20.014625,49.2148],[20.01325,49.2148],[20.01325,49.2139]]]}},{"type":"Feature","properties":{"col":0,"row":20,"p":3.6e-05},"geometry":{"type":"Polygon","coordinates":[[[20.005,49.2301],[20.006375,49.2301],[20.006375,49.231],[20.005,49.231],[20.005,49.2301]]]}},{"type":"Feature","properties":{"col":38,"row":57,"p":3.5e-05},"geometry":{"type":"Polygon","coordinates":[[[20.05725,49.1968],[20.058625,49.1968],[20.058625,49.1977],[20.05725,49.1977],[20.05725,49.1968]]]}},{"type":"Feature","properties":{"col":4,"row":49,"p":3.5e-05},"geometry":{"type":"Polygon","coordinates":[[[20.0105,49.204],[20.011875,49.204],[20.011875,49.2049],[20.0105,49.2049],[20.0105,49.204]]]}},{"type":"Feature","properties":{"col":27,"row":43,"p":3.5e-05},"geometry":{"type":"Polygon","coordinates":[[[20.042125,49.2094],[20.0435,49.2094],[20.0435,49.2103],[20.042125,49.2103],[20.042125,49.2094]]]}},{"type":"Feature","properties":{"col":0,"row":19,"p":3.5e-05},"geometry":{"type":"Polygon","coordinates":[[[20.005,49.231],[20.006375,49.231],[20.006375,49.2319],[20.005,49.2319],[20.005,49.231]]]}},{"type":"Feature","properties":{"col":0,"row":52,"p":3.5e-05},"geometry":{"type":"Polygon","coordinates":[[[20.005,49.2013],[20.006375,49.2013],[20.006375,49.2022],[20.005,49.2022],[20.005,49.2013]]]}},{"type":"Feature","properties":{"col":31,"row":3,"p":3.5e-05},"geometry":{"type":"Polygon","coordinates":[[[20.047625,49.2454],[20.049,49.2454],[20.049,49.2463],[20.047625,49.2463],[20.047625,49.2454]]]}},{"type":"Feature","properties":{"col":23,"row":23,"p":3.5e-05},"geometry":{"type":"Polygon","coordinates":[[[20.036625,49.2274],[20.038,49.2274],[20.038,49.2283],[20.036625,49.2283],[20.036625,49.2274]]]}},{"type":"Feature","properties":{"col":59,"row":13,"p":3.5e-05},"geometry":{"type":"Polygon","coordinates":[[[20.086125,49.2364],[20.0875,49.2364],[20.0875,49.2373],[20.086125,49.2373],[20.086125,49.2364]]]}},{"type":"Feature","properties":{"col":15,"row":6,"p":3.5e-05},"geometry":{"type":"Polygon","coordinates":[[[20.025625,49.2427],[20.027,49.2427],[20.027,49.2436],[20.025625,49.2436],[20.025625,49.2427]]]}},{"type":"Feature","properties":{"col":20,"row":14,"p":3.4e-05},"geometry":{"type":"Polygon","coordinates":[[[20.0325,49.2355],[20.033875,49.2355],[20.033875,49.2364],[20.0325,49.2364],[20.0325,49.2355]]]}},{"type":"Feature","properties":{"col":31,"row":18,"p":3.4e-05},"geometry":{"type":"Polygon","coordinates":[[[20.047625,49.2319],[20.049,49.2319],[20.049,49.2328],[20.047625,49.2328],[20.047625,49.2319]]]}},{"type":"Feature","properties":{"col":59,"row":33,"p":3.4e-05},"geometry":{"type":"Polygon","coordinates":[[[20.086125,49.2184],[20.0875,49.2184],[20.0875,49.2193],[20.086125,49.2193],[20.086125,49.2184]]]}},{"type":"Feature","properties":{"col":9,"row":22,"p":3.4e-05},"geometry":{"type":"Polygon","coordinates":[[[20.017375,49.2283],[20.01875,49.2283],[20.01875,49.2292],[20.017375,49.2292],[20.017375,49.2283]]]}},{"type":"Feature","properties":{"col":26,"row":0,"p":3.4e-05},"geometry":{"type":"Polygon","coordinates":[[[20.04075,49.2481],[20.042125,49.2481],[20.042125,49.249],[20.04075,49.249],[20.04075,49.2481]]]}},{"type":"Feature","properties":{"col":23,"row":0,"p":3.4e-05},"geometry":{"type":"Polygon","coordinates":[[[20.036625,49.2481],[20.038,49.2481],[20.038,49.249],[20.036625,49.249],[20.036625,49.2481]]]}},{"type":"Feature","properties":{"col":1,"row":18,"p":3.4e-05},"geometry":{"type":"Polygon","coordinates":[[[20.006375,49.2319],[20.00775,49.2319],[20.00775,49.2328],[20.006375,49.2328],[20.006375,49.2319]]]}},{"type":"Feature","properties":{"col":33,"row":1,"p":3.4e-05},"geometry":{"type":"Polygon","coordinates":[[[20.050375,49.2472],[20.05175,49.2472],[20.05175,49.2481],[20.050375,49.2481],[20.050375,49.2472]]]}},{"type":"Feature","properties":{"col":49,"row":10,"p":3.4e-05},"geometry":{"type":"Polygon","coordinates":[[[20.072375,49.2391],[20.07375,49.2391],[20.07375,49.24],[20.072375,49.24],[20.072375,49.2391]]]}},{"type":"Feature","properties":{"col":4,"row":3,"p":3.4e-05},"geometry":{"type":"Polygon","coordinates":[[[20.0105,49.2454],[20.011875,49.2454],[20.011875,49.2463],[20.0105,49.2463],[20.0105,49.2454]]]}},{"type":"Feature","properties":{"col":22,"row":41,"p":3.4e-05},"geometry":{"type":"Polygon","coordinates":[[[20.03525,49.2112],[20.036625,49.2112],[20.036625,49.2121],[20.03525,49.2121],[20.03525,49.2112]]]}},{"type":"Feature","properties":{"col":14,"row":7,"p":3.4e-05},"geometry":{"type":"Polygon","coordinates":[[[20.02425,49.2418],[20.025625,49.2418],[20.025625,49.2427],[20.02425,49.2427],[20.02425,49.2418]]]}},{"type":"Feature","properties":{"col":53,"row":9,"p":3.3e-05},"geometry":{"type":"Polygon","coordinates":[[[20.077875,49.24],[20.07925,49.24],[20.07925,49.2409],[20.077875,49.2409],[20.077875,49.24]]]}},{"type":"Feature","properties":{"col":1,"row":39,"p":3.3e-05},"geometry":{"type":"Polygon","coordinates":[[[20.006375,49.213],[20.00775,49.213],[20.00775,49.2139],[20.006375,49.2139],[20.006375,49.213]]]}},{"type":"Feature","properties":{"col":5,"row":34,"p":3.3e-05},"geometry":{"type":"Polygon","coordinates":[[[20.011875,49.2175],[20.01325,49.2175],[20.01325,49.2184],[20.011875,49.2184],[20.011875,49.2175]]]}},{"type":"Feature","properties":{"col":2,"row":16,"p":3.3e-05},"geometry":{"type":"Polygon","coordinates":[[[20.00775,49.2337],[20.009125,49.2337],[20.009125,49.2346],[20.00775,49.2346],[20.00775,49.2337]]]}},{"type":"Feature","properties":{"col":45,"row":38,"p":3.3e-05},"geometry":{"type":"Polygon","coordinates":[[[20.066875,49.2139],[20.06825,49.2139],[20.06825,49.2148],[20.066875,49.2148],[20.066875,49.2139]]]}},{"type":"Feature","properties":{"col":47,"row":53,"p":3.3e-05},"geometry":{"type":"Polygon","coordinates":[[[20.069625,49.2004],[20.071,49.2004],[20.071,49.2013],[20.069625,49.2013],[20.069625,49.2004]]]}},{"type":"Feature","properties":{"col":8,"row":9,"p":3.3e-05},"geometry":{"type":"Polygon","coordinates":[[[20.016,49.24],[20.017375,49.24],[20.017375,49.2409],[20.016,49.2409],[20.016,49.24]]]}},{"type":"Feature","properties":{"col":24,"row":11,"p":3.3e-05},"geometry":{"type":"Polygon","coordinates":[[[20.038,49.2382],[20.039375,49.2382],[20.039375,49.2391],[20.038,49.2391],[20.038,49.2382]]]}},{"type":"Feature","properties":{"col":22,"row":17,"p":3.3e-05},"geometry":{"type":"Polygon","coordinates":[[[20.03525,49.2328],[20.036625,49.2328],[20.036625,49.2337],[20.03525,49.2337],[20.03525,49.2328]]]}},{"type":"Feature","properties":{"col":17,"row":10,"p":3.3e-05},"geometry":{"type":"Polygon","coordinates":[[[20.028375,49.2391],[20.02975,49.2391],[20.02975,49.24],[20.028375,49.24],[20.028375,49.2391]]]}},{"type":"Feature","properties":{"col":33,"row":19,"p":3.3e-05},"geometry":{"type":"Polygon","coordinates":[[[20.050375,49.231],[20.05175,49.231],[20.05175,49.2319],[20.050375,49.2319],[20.050375,49.231]]]}},{"type":"Feature","properties":{"col":5,"row":3,"p":3.3e-05},"geometry":{"type":"Polygon","coordinates":[[[20.011875,49.2454],[20.01325,49.2454],[20.01325,49.2463],[20.011875,49.2463],[20.011875,49.2454]]]}},{"type":"Feature","properties":{"col":12,"row":24,"p":3.3e-05},"geometry":{"type":"Polygon","coordinates":[[[20.0215,49.2265],[20.022875,49.2265],[20.022875,49.2274],[20.0215,49.2274],[20.0215,49.2265]]]}},{"type":"Feature","properties":{"col":18,"row":8,"p":3.3e-05},"geometry":{"type":"Polygon","coordinates":[[[20.02975,49.2409],[20.031125,49.2409],[20.031125,49.2418],[20.02975,49.2418],[20.02975,49.2409]]]}},{"type":"Feature","properties":{"col":3,"row":8,"p":3.3e-05},"geometry":{"type":"Polygon","coordinates":[[[20.009125,49.2409],[20.0105,49.2409],[20.0105,49.2418],[20.009125,49.2418],[20.009125,49.2409]]]}},{"type":"Feature","properties":{"col":3,"row":36,"p":3.2e-05},"geometry":{"type":"Polygon","coordinates":[[[20.009125,49.2157],[20.0105,49.2157],[20.0105,49.2166],[20.009125,49.2166],[20.009125,49.2157]]]}},{"type":"Feature","properties":{"col":35,"row":5,"p":3.2e-05},"geometry":{"type":"Polygon","coordinates":[[[20.053125,49.2436],[20.0545,49.2436],[20.0545,49.2445],[20.053125,49.2445],[20.053125,49.2436]]]}},{"type":"Feature","properties":{"col":1,"row":38,"p":3.2e-05},"geometry":{"type":"Polygon","coordinates":[[[20.006375,49.2139],[20.00775,49.2139],[20.00775,49.2148],[20.006375,49.2148],[20.006375,49.2139]]]}},{"type":"Feature","properties":{"col":37,"row":57,"p":3.2e-05},"geometry":{"type":"Polygon","coordinates":[[[20.055875,49.1968],[20.05725,49.1968],[20.05725,49.1977],[20.055875,49.1977],[20.055875,49.1968]]]}},{"type":"Feature","properties":{"col":47,"row":36,"p":3.2e-05},"geometry":{"type":"Polygon","coordinates":[[[20.069625,49.2157],[20.071,49.2157],[20.071,49.2166],[20.069625,49.2166],[20.069625,49.2157]]]}},{"type":"Feature","properties":{"col":51,"row":34,"p":3.2e-05},"geometry":{"type":"Polygon","coordinates":[[[20.075125,49.2175],[20.0765,49.2175],[20.0765,49.2184],[20.075125,49.2184],[20.075125,49.2175]]]}},{"type":"Feature","properties":{"col":18,"row":5,"p":3.2e-05},"geometry":{"type":"Polygon","coordinates":[[[20.02975,49.2436],[20.031125,49.2436],[20.031125,49.2445],[20.02975,49.2445],[20.02975,49.2436]]]}},{"type":"Feature","properties":{"col":26,"row":11,"p":3.1e-05},"geometry":{"type":"Polygon","coordinates":[[[20.04075,49.2382],[20.042125,49.2382],[20.042125,49.2391],[20.04075,49.2391],[20.04075,49.2382]]]}},{"type":"Feature","properties":{"col":45,"row":23,"p":3.1e-05},"geometry":{"type":"Polygon","coordinates":[[[20.066875,49.2274],[20.06825,49.2274],[20.06825,49.2283],[20.066875,49.2283],[20.066875,49.2274]]]}},{"type":"Feature","properties":{"col":35,"row":2,"p":3.1e-05},"geometry":{"type":"Polygon","coordinates":[[[20.053125,49.2463],[20.0545,49.2463],[20.0545,49.2472],[20.053125,49.2472],[20.053125,49.2463]]]}},{"type":"Feature","properties":{"col":42,"row":25,"p":3.1e-05},"geometry":{"type":"Polygon","coordinates":[[[20.06275,49.2256],[20.064125,49.2256],[20.064125,49.2265],[20.06275,49.2265],[20.06275,49.2256]]]}},{"type":"Feature","properties":{"col":23,"row":41,"p":3.1e-05},"geometry":{"type":"Polygon","coordinates":[[[20.036625,49.2112],[20.038,49.2112],[20.038,49.2121],[20.036625,49.2121],[20.036625,49.2112]]]}},{"type":"Feature","properties":{"col":13,"row":40,"p":3.1e-05},"geometry":{"type":"Polygon","coordinates":[[[20.022875,49.2121],[20.02425,49.2121],[20.02425,49.213],[20.022875,49.213],[20.022875,49.2121]]]}},{"type":"Feature","properties":{"col":17,"row":33,"p":3.1e-05},"geometry":{"type":"Polygon","coordinates":[[[20.028375,49.2184],[20.02975,49.2184],[20.02975,49.2193],[20.028375,49.2193],[20.028375,49.2184]]]}},{"type":"Feature","properties":{"col":54,"row":19,"p":3.1e-05},"geometry":{"type":"Polygon","coordinates":[[[20.07925,49.231],[20.080625,49.231],[20.080625,49.2319],[20.07925,49.2319],[20.07925,49.231]]]}},{"type":"Feature","properties":{"col":16,"row":7,"p":3.1e-05},"geometry":{"type":"Polygon","coordinates":[[[20.027,49.2418],[20.028375,49.2418],[20.028375,49.2427],[20.027,49.2427],[20.027,49.2418]]]}},{"type":"Feature","properties":{"col":13,"row":3,"p":3.1e-05},"geometry":{"type":"Polygon","coordinates":[[[20.022875,49.2454],[20.02425,49.2454],[20.02425,49.2463],[20.022875,49.2463],[20.022875,49.2454]]]}},{"type":"Feature","properties":{"col":59,"row":15,"p":3.1e-05},"geometry":{"type":"Polygon","coordinates":[[[20.086125,49.2346],[20.0875,49.2346],[20.0875,49.2355],[20.086125,49.2355],[20.086125,49.2346]]]}},{"type":"Feature","properties":{"col":6,"row":19,"p":3.1e-05},"geometry":{"type":"Polygon","coordinates":[[[20.01325,49.231],[20.014625,49.231],[20.014625,49.2319],[20.01325,49.2319],[20.01325,49.231]]]}},{"type":"Feature","properties":{"col":41,"row":2,"p":3.1e-05},"geometry":{"type":"Polygon","coordinates":[[[20.061375,49.2463],[20.06275,49.2463],[20.06275,49.2472],[20.061375,49.2472],[20.061375,49.2463]]]}},{"type":"Feature","properties":{"col":51,"row":21,"p":3.1e-05},"geometry":{"type":"Polygon","coordinates":[[[20.075125,49.2292],[20.0765,49.2292],[20.0765,49.2301],[20.075125,49.2301],[20.075125,49.2292]]]}},{"type":"Feature","properties":{"col":5,"row":50,"p":3.1e-05},"geometry":{"type":"Polygon","coordinates":[[[20.011875,49.2031],[20.01325,49.2031],[20.01325,49.204],[20.011875,49.204],[20.011875,49.2031]]]}},{"type":"Feature","properties":{"col":6,"row":25,"p":3.1e-05},"geometry":{"type":"Polygon","coordinates":[[[20.01325,49.2256],[20.014625,49.2256],[20.014625,49.2265],[20.01325,49.2265],[20.01325,49.2256]]]}},{"type":"Feature","properties":{"col":23,"row":12,"p":3.1e-05},"geometry":{"type":"Polygon","coordinates":[[[20.036625,49.2373],[20.038,49.2373],[20.038,49.2382],[20.036625,49.2382],[20.036625,49.2373]]]}},{"type":"Feature","properties":{"col":44,"row":56,"p":3.1e-05},"geometry":{"type":"Polygon","coordinates":[[[20.0655,49.1977],[20.066875,49.1977],[20.066875,49.1986],[20.0655,49.1986],[20.0655,49.1977]]]}},{"type":"Feature","properties":{"col":33,"row":8,"p":3.1e-05},"geometry":{"type":"Polygon","coordinates":[[[20.050375,49.2409],[20.05175,49.2409],[20.05175,49.2418],[20.050375,49.2418],[20.050375,49.2409]]]}},{"type":"Feature","properties":{"col":31,"row":15,"p":3.1e-05},"geometry":{"type":"Polygon","coordinates":[[[20.047625,49.2346],[20.049,49.2346],[20.049,49.2355],[20.047625,49.2355],[20.047625,49.2346]]]}},{"type":"Feature","properties":{"col":11,"row":40,"p":3.1e-05},"geometry":{"type":"Polygon","coordinates":[[[20.020125,49.2121],[20.0215,49.2121],[20.0215,49.213],[20.020125,49.213],[20.020125,49.2121]]]}},{"type":"Feature","properties":{"col":23,"row":40,"p":3.1e-05},"geometry":{"type":"Polygon","coordinates":[[[20.036625,49.2121],[20.038,49.2121],[20.038,49.213],[20.036625,49.213],[20.036625,49.2121]]]}},{"type":"Feature","properties":{"col":10,"row":59,"p":3e-05},"geometry":{"type":"Polygon","coordinates":[[[20.01875,49.195],[20.020125,49.195],[20.020125,49.1959],[20.01875,49.1959],[20.01875,49.195]]]}},{"type":"Feature","properties":{"col":12,"row":7,"p":3e-05},"geometry":{"type":"Polygon","coordinates":[[[20.0215,49.2418],[20.022875,49.2418],[20.022875,49.2427],[20.0215,49.2427],[20.0215,49.2418]]]}},{"type":"Feature","properties":{"col":5,"row":51,"p":3e-05},"geometry":{"type":"Polygon","coordinates":[[[20.011875,49.2022],[20.01325,49.2022],[20.01325,49.2031],[20.011875,49.2031],[20.011875,49.2022]]]}},{"type":"Feature","properties":{"col":43,"row":47,"p":3e-05},"geometry":{"type":"Polygon","coordinates":[[[20.064125,49.2058],[20.0655,49.2058],[20.0655,49.2067],[20.064125,49.2067],[20.064125,49.2058]]]}},{"type":"Feature","properties":{"col":28,"row":23,"p":3e-05},"geometry":{"type":"Polygon","coordinates":[[[20.0435,49.2274],[20.044875,49.2274],[20.044875,49.2283],[20.0435,49.2283],[20.0435,49.2274]]]}},{"type":"Feature","properties":{"col":53,"row":10,"p":3e-05},"geometry":{"type":"Polygon","coordinates":[[[20.077875,49.2391],[20.07925,49.2391],[20.07925,49.24],[20.077875,49.24],[20.077875,49.2391]]]}},{"type":"Feature","properties":{"col":57,"row":36,"p":3e-05},"geometry":{"type":"Polygon","coordinates":[[[20.083375,49.2157],[20.08475,49.2157],[20.08475,49.2166],[20.083375,49.2166],[20.083375,49.2157]]]}},{"type":"Feature","properties":{"col":20,"row":54,"p":3e-05},"geometry":{"type":"Polygon","coordinates":[[[20.0325,49.1995],[20.033875,49.1995],[20.033875,49.2004],[20.0325,49.2004],[20.0325,49.1995]]]}},{"type":"Feature","properties":{"col":4,"row":45,"p":3e-05},"geometry":{"type":"Polygon","coordinates":[[[20.0105,49.2076],[20.011875,49.2076],[20.011875,49.2085],[20.0105,49.2085],[20.0105,49.2076]]]}},{"type":"Feature","properties":{"col":2,"row":15,"p":3e-05},"geometry":{"type":"Polygon","coordinates":[[[20.00775,49.2346],[20.009125,49.2346],[20.009125,49.2355],[20.00775,49.2355],[20.00775,49.2346]]]}},{"type":"Feature","properties":{"col":11,"row":41,"p":3e-05},"geometry":{"type":"Polygon","coordinates":[[[20.020125,49.2112],[20.0215,49.2112],[20.0215,49.2121],[20.020125,49.2121],[20.020125,49.2112]]]}},{"type":"Feature","properties":{"col":16,"row":47,"p":3e-05},"geometry":{"type":"Polygon","coordinates":[[[20.027,49.2058],[20.028375,49.2058],[20.028375,49.2067],[20.027,49.2067],[20.027,49.2058]]]}},{"type":"Feature","properties":{"col":33,"row":34,"p":3e-05},"geometry":{"type":"Polygon","coordinates":[[[20.050375,49.2175],[20.05175,49.2175],[20.05175,49.2184],[20.050375,49.2184],[20.050375,49.2175]]]}},{"type":"Feature","properties":{"col":15,"row":44,"p":3e-05},"geometry":{"type":"Polygon","coordinates":[[[20.025625,49.2085],[20.027,49.2085],[20.027,49.2094],[20.025625,49.2094],[20.025625,49.2085]]]}},{"type":"Feature","properties":{"col":45,"row":25,"p":3e-05},"geometry":{"type":"Polygon","coordinates":[[[20.066875,49.2256],[20.06825,49.2256],[20.06825,49.2265],[20.066875,49.2265],[20.066875,49.2256]]]}},{"type":"Feature","properties":{"col":35,"row":3,"p":3e-05},"geometry":{"type":"Polygon","coordinates":[[[20.053125,49.2454],[20.0545,49.2454],[20.0545,49.2463],[20.053125,49.2463],[20.053125,49.2454]]]}},{"type":"Feature","properties":{"col":32,"row":1,"p":3e-05},"geometry":{"type":"Polygon","coordinates":[[[20.049,49.2472],[20.050375,49.2472],[20.050375,49.2481],[20.049,49.2481],[20.049,49.2472]]]}},{"type":"Feature","properties":{"col":9,"row":49,"p":3e-05},"geometry":{"type":"Polygon","coordinates":[[[20.017375,49.204],[20.01875,49.204],[20.01875,49.2049],[20.017375,49.2049],[20.017375,49.204]]]}},{"type":"Feature","properties":{"col":1,"row":16,"p":3e-05},"geometry":{"type":"Polygon","coordinates":[[[20.006375,49.2337],[20.00775,49.2337],[20.00775,49.2346],[20.006375,49.2346],[20.006375,49.2337]]]}},{"type":"Feature","properties":{"col":14,"row":6,"p":3e-05},"geometry":{"type":"Polygon","coordinates":[[[20.02425,49.2427],[20.025625,49.2427],[20.025625,49.2436],[20.02425,49.2436],[20.02425,49.2427]]]}},{"type":"Feature","properties":{"col":38,"row":59,"p":3e-05},"geometry":{"type":"Polygon","coordinates":[[[20.05725,49.195],[20.058625,49.195],[20.058625,49.1959],[20.05725,49.1959],[20.05725,49.195]]]}},{"type":"Feature","properties":{"col":17,"row":0,"p":3e-05},"geometry":{"type":"Polygon","coordinates":[[[20.028375,49.2481],[20.02975,49.2481],[20.02975,49.249],[20.028375,49.249],[20.028375,49.2481]]]}},{"type":"Feature","properties":{"col":58,"row":58,"p":2.9e-05},"geometry":{"type":"Polygon","coordinates":[[[20.08475,49.1959],[20.086125,49.1959],[20.086125,49.1968],[20.08475,49.1968],[20.08475,49.1959]]]}},{"type":"Feature","properties":{"col":24,"row":15,"p":2.9e-05},"geometry":{"type":"Polygon","coordinates":[[[20.038,49.2346],[20.039375,49.2346],[20.039375,49.2355],[20.038,49.2355],[20.038,49.2346]]]}},{"type":"Feature","properties":{"col":7,"row":22,"p":2.9e-05},"geometry":{"type":"Polygon","coordinates":[[[20.014625,49.2283],[20.016,49.2283],[20.016,49.2292],[20.014625,49.2292],[20.014625,49.2283]]]}},{"type":"Feature","properties":{"col":36,"row":3,"p":2.9e-05},"geometry":{"type":"Polygon","coordinates":[[[20.0545,49.2454],[20.055875,49.2454],[20.055875,49.2463],[20.0545,49.2463],[20.0545,49.2454]]]}},{"type":"Feature","properties":{"col":43,"row":39,"p":2.9e-05},"geometry":{"type":"Polygon","coordinates":[[[20.064125,49.213],[20.0655,49.213],[20.0655,49.2139],[20.064125,49.2139],[20.064125,49.213]]]}},{"type":"Feature","properties":{"col":15,"row":5,"p":2.9e-05},"geometry":{"type":"Polygon","coordinates":[[[20.025625,49.2436],[20.027,49.2436],[20.027,49.2445],[20.025625,49.2445],[20.025625,49.2436]]]}},{"type":"Feature","properties":{"col":12,"row":22,"p":2.9e-05},"geometry":{"type":"Polygon","coordinates":[[[20.0215,49.2283],[20.022875,49.2283],[20.022875,49.2292],[20.0215,49.2292],[20.0215,49.2283]]]}},{"type":"Feature","properties":{"col":5,"row":18,"p":2.9e-05},"geometry":{"type":"Polygon","coordinates":[[[20.011875,49.2319],[20.01325,49.2319],[20.01325,49.2328],[20.011875,49.2328],[20.011875,49.2319]]]}},{"type":"Feature","properties":{"col":27,"row":42,"p":2.9e-05},"geometry":{"type":"Polygon","coordinates":[[[20.042125,49.2103],[20.0435,49.2103],[20.0435,49.2112],[20.042125,49.2112],[20.042125,49.2103]]]}},{"type":"Feature","properties":{"col":34,"row":1,"p":2.9e-05},"geometry":{"type":"Polygon","coordinates":[[[20.05175,49.2472],[20.053125,49.2472],[20.053125,49.2481],[20.05175,49.2481],[20.05175,49.2472]]]}},{"type":"Feature","properties":{"col":20,"row":21,"p":2.9e-05},"geometry":{"type":"Polygon","coordinates":[[[20.0325,49.2292],[20.033875,49.2292],[20.033875,49.2301],[20.0325,49.2301],[20.0325,49.2292]]]}},{"type":"Feature","properties":{"col":39,"row":33,"p":2.9e-05},"geometry":{"type":"Polygon","coordinates":[[[20.058625,49.2184],[20.06,49.2184],[20.06,49.2193],[20.058625,49.2193],[20.058625,49.2184]]]}},{"type":"Feature","properties":{"col":49,"row":41,"p":2.9e-05},"geometry":{"type":"Polygon","coordinates":[[[20.072375,49.2112],[20.07375,49.2112],[20.07375,49.2121],[20.072375,49.2121],[20.072375,49.2112]]]}},{"type":"Feature","properties":{"col":36,"row":13,"p":2.9e-05},"geometry":{"type":"Polygon","coordinates":[[[20.0545,49.2364],[20.055875,49.2364],[20.055875,49.2373],[20.0545,49.2373],[20.0545,49.2364]]]}},{"type":"Feature","properties":{"col":51,"row":40,"p":2.9e-05},"geometry":{"type":"Polygon","coordinates":[[[20.075125,49.2121],[20.0765,49.2121],[20.0765,49.213],[20.075125,49.213],[20.075125,49.2121]]]}},{"type":"Feature","properties":{"col":12,"row":42,"p":2.8e-05},"geometry":{"type":"Polygon","coordinates":[[[20.0215,49.2103],[20.022875,49.2103],[20.022875,49.2112],[20.0215,49.2112],[20.0215,49.2103]]]}},{"type":"Feature","properties":{"col":31,"row":4,"p":2.8e-05},"geometry":{"type":"Polygon","coordinates":[[[20.047625,49.2445],[20.049,49.2445],[20.049,49.2454],[20.047625,49.2454],[20.047625,49.2445]]]}},{"type":"Feature","properties":{"col":0,"row":23,"p":2.8e-05},"geometry":{"type":"Polygon","coordinates":[[[20.005,49.2274],[20.006375,49.2274],[20.006375,49.2283],[20.005,49.2283],[20.005,49.2274]]]}},{"type":"Feature","properties":{"col":46,"row":36,"p":2.8e-05},"geometry":{"type":"Polygon","coordinates":[[[20.06825,49.2157],[20.069625,49.2157],[20.069625,49.2166],[20.06825,49.2166],[20.06825,49.2157]]]}},{"type":"Feature","properties":{"col":49,"row":11,"p":2.8e-05},"geometry":{"type":"Polygon","coordinates":[[[20.072375,49.2382],[20.07375,49.2382],[20.07375,49.2391],[20.072375,49.2391],[20.072375,49.2382]]]}},{"type":"Feature","properties":{"col":39,"row":8,"p":2.8e-05},"geometry":{"type":"Polygon","coordinates":[[[20.058625,49.2409],[20.06,49.2409],[20.06,49.2418],[20.058625,49.2418],[20.058625,49.2409]]]}},{"type":"Feature","properties":{"col":3,"row":38,"p":2.8e-05},"geometry":{"type":"Polygon","coordinates":[[[20.009125,49.2139],[20.0105,49.2139],[20.0105,49.2148],[20.009125,49.2148],[20.009125,49.2139]]]}},{"type":"Feature","properties":{"col":19,"row":48,"p":2.8e-05},"geometry":{"type":"Polygon","coordinates":[[[20.031125,49.2049],[20.0325,49.2049],[20.0325,49.2058],[20.031125,49.2058],[20.031125,49.2049]]]}},{"type":"Feature","properties":{"col":38,"row":8,"p":2.8e-05},"geometry":{"type":"Polygon","coordinates":[[[20.05725,49.2409],[20.058625,49.2409],[20.058625,49.2418],[20.05725,49.2418],[20.05725,49.2409]]]}},{"type":"Feature","properties":{"col":20,"row":12,"p":2.8e-05},"geometry":{"type":"Polygon","coordinates":[[[20.0325,49.2373],[20.033875,49.2373],[20.033875,49.2382],[20.0325,49.2382],[20.0325,49.2373]]]}},{"type":"Feature","properties":{"col":1,"row":8,"p":2.8e-05},"geometry":{"type":"Polygon","coordinates":[[[20.006375,49.2409],[20.00775,49.2409],[20.00775,49.2418],[20.006375,49.2418],[20.006375,49.2409]]]}},{"type":"Feature","properties":{"col":1,"row":11,"p":2.8e-05},"geometry":{"type":"Polygon","coordinates":[[[20.006375,49.2382],[20.00775,49.2382],[20.00775,49.2391],[20.006375,49.2391],[20.006375,49.2382]]]}},{"type":"Feature","properties":{"col":50,"row":10,"p":2.8e-05},"geometry":{"type":"Polygon","coordinates":[[[20.07375,49.2391],[20.075125,49.2391],[20.075125,49.24],[20.07375,49.24],[20.07375,49.2391]]]}},{"type":"Feature","properties":{"col":50,"row":9,"p":2.8e-05},"geometry":{"type":"Polygon","coordinates":[[[20.07375,49.24],[20.075125,49.24],[20.075125,49.2409],[20.07375,49.2409],[20.07375,49.24]]]}},{"type":"Feature","properties":{"col":43,"row":37,"p":2.8e-05},"geometry":{"type":"Polygon","coordinates":[[[20.064125,49.2148],[20.0655,49.2148],[20.0655,49.2157],[20.064125,49.2157],[20.064125,49.2148]]]}},{"type":"Feature","properties":{"col":35,"row":0,"p":2.8e-05},"geometry":{"type":"Polygon","coordinates":[[[20.053125,49.2481],[20.0545,49.2481],[20.0545,49.249],[20.053125,49.249],[20.053125,49.2481]]]}},{"type":"Feature","properties":{"col":14,"row":35,"p":2.8e-05},"geometry":{"type":"Polygon","coordinates":[[[20.02425,49.2166],[20.025625,49.2166],[20.025625,49.2175],[20.02425,49.2175],[20.02425,49.2166]]]}},{"type":"Feature","properties":{"col":4,"row":50,"p":2.8e-05},"geometry":{"type":"Polygon","coordinates":[[[20.0105,49.2031],[20.011875,49.2031],[20.011875,49.204],[20.0105,49.204],[20.0105,49.2031]]]}},{"type":"Feature","properties":{"col":54,"row":12,"p":2.7e-05},"geometry":{"type":"Polygon","coordinates":[[[20.07925,49.2373],[20.080625,49.2373],[20.080625,49.2382],[20.07925,49.2382],[20.07925,49.2373]]]}},{"type":"Feature","properties":{"col":6,"row":13,"p":2.7e-05},"geometry":{"type":"Polygon","coordinates":[[[20.01325,49.2364],[20.014625,49.2364],[20.014625,49.2373],[20.01325,49.2373],[20.01325,49.2364]]]}},{"type":"Feature","properties":{"col":58,"row":29,"p":2.7e-05},"geometry":{"type":"Polygon","coordinates":[[[20.08475,49.222],[20.086125,49.222],[20.086125,49.2229],[20.08475,49.2229],[20.08475,49.222]]]}},{"type":"Feature","properties":{"col":30,"row":56,"p":2.7e-05},"geometry":{"type":"Polygon","coordinates":[[[20.04625,49.1977],[20.047625,49.1977],[20.047625,49.1986],[20.04625,49.1986],[20.04625,49.1977]]]}},{"type":"Feature","properties":{"col":54,"row":10,"p":2.7e-05},"geometry":{"type":"Polygon","coordinates":[[[20.07925,49.2391],[20.080625,49.2391],[20.080625,49.24],[20.07925,49.24],[20.07925,49.2391]]]}},{"type":"Feature","properties":{"col":43,"row":1,"p":2.7e-05},"geometry":{"type":"Polygon","coordinates":[[[20.064125,49.2472],[20.0655,49.2472],[20.0655,49.2481],[20.064125,49.2481],[20.064125,49.2472]]]}},{"type":"Feature","properties":{"col":3,"row":29,"p":2.7e-05},"geometry":{"type":"Polygon","coordinates":[[[20.009125,49.222],[20.0105,49.222],[20.0105,49.2229],[20.009125,49.2229],[20.009125,49.222]]]}},{"type":"Feature","properties":{"col":11,"row":32,"p":2.7e-05},"geometry":{"type":"Polygon","coordinates":[[[20.020125,49.2193],[20.0215,49.2193],[20.0215,49.2202],[20.020125,49.2202],[20.020125,49.2193]]]}},{"type":"Feature","properties":{"col":53,"row":3,"p":2.7e-05},"geometry":{"type":"Polygon","coordinates":[[[20.077875,49.2454],[20.07925,49.2454],[20.07925,49.2463],[20.077875,49.2463],[20.077875,49.2454]]]}},{"type":"Feature","properties":{"col":57,"row":20,"p":2.7e-05},"geometry":{"type":"Polygon","coordinates":[[[20.083375,49.2301],[20.08475,49.2301],[20.08475,49.231],[20.083375,49.231],[20.083375,49.2301]]]}},{"type":"Feature","properties":{"col":14,"row":41,"p":2.7e-05},"geometry":{"type":"Polygon","coordinates":[[[20.02425,49.2112],[20.025625,49.2112],[20.025625,49.2121],[20.02425,49.2121],[20.02425,49.2112]]]}},{"type":"Feature","properties":{"col":14,"row":44,"p":2.6e-05},"geometry":{"type":"Polygon","coordinates":[[[20.02425,49.2085],[20.025625,49.2085],[20.025625,49.2094],[20.02425,49.2094],[20.02425,49.2085]]]}},{"type":"Feature","properties":{"col":31,"row":27,"p":2.6e-05},"geometry":{"type":"Polygon","coordinates":[[[20.047625,49.2238],[20.049,49.2238],[20.049,49.2247],[20.047625,49.2247],[20.047625,49.2238]]]}},{"type":"Feature","properties":{"col":3,"row":30,"p":2.6e-05},"geometry":{"type":"Polygon","coordinates":[[[20.009125,49.2211],[20.0105,49.2211],[20.0105,49.222],[20.009125,49.222],[20.009125,49.2211]]]}},{"type":"Feature","properties":{"col":48,"row":18,"p":2.6e-05},"geometry":{"type":"Polygon","coordinates":[[[20.071,49.2319],[20.072375,49.2319],[20.072375,49.2328],[20.071,49.2328],[20.071,49.2319]]]}},{"type":"Feature","properties":{"col":0,"row":28,"p":2.6e-05},"geometry":{"type":"Polygon","coordinates":[[[20.005,49.2229],[20.006375,49.2229],[20.006375,49.2238],[20.005,49.2238],[20.005,49.2229]]]}},{"type":"Feature","properties":{"col":2,"row":20,"p":2.6e-05},"geometry":{"type":"Polygon","coordinates":[[[20.00775,49.2301],[20.009125,49.2301],[20.009125,49.231],[20.00775,49.231],[20.00775,49.2301]]]}},{"type":"Feature","properties":{"col":43,"row":38,"p":2.6e-05},"geometry":{"type":"Polygon","coordinates":[[[20.064125,49.2139],[20.0655,49.2139],[20.0655,49.2148],[20.064125,49.2148],[20.064125,49.2139]]]}},{"type":"Feature","properties":{"col":59,"row":35,"p":2.6e-05},"geometry":{"type":"Polygon","coordinates":[[[20.086125,49.2166],[20.0875,49.2166],[20.0875,49.2175],[20.086125,49.2175],[20.086125,49.2166]]]}},{"type":"Feature","properties":{"col":3,"row":54,"p":2.6e-05},"geometry":{"type":"Polygon","coordinates":[[[20.009125,49.1995],[20.0105,49.1995],[20.0105,49.2004],[20.009125,49.2004],[20.009125,49.1995]]]}},{"type":"Feature","properties":{"col":4,"row":22,"p":2.6e-05},"geometry":{"type":"Polygon","coordinates":[[[20.0105,49.2283],[20.011875,49.2283],[20.011875,49.2292],[20.0105,49.2292],[20.0105,49.2283]]]}},{"type":"Feature","properties":{"col":30,"row":41,"p":2.6e-05},"geometry":{"type":"Polygon","coordinates":[[[20.04625,49.2112],[20.047625,49.2112],[20.047625,49.2121],[20.04625,49.2121],[20.04625,49.2112]]]}},{"type":"Feature","properties":{"col":10,"row":43,"p":2.6e-05},"geometry":{"type":"Polygon","coordinates":[[[20.01875,49.2094],[20.020125,49.2094],[20.020125,49.2103],[20.01875,49.2103],[20.01875,49.2094]]]}},{"type":"Feature","properties":{"col":17,"row":36,"p":2.6e-05},"geometry":{"type":"Polygon","coordinates":[[[20.028375,49.2157],[20.02975,49.2157],[20.02975,49.2166],[20.028375,49.2166],[20.028375,49.2157]]]}},{"type":"Feature","properties":{"col":12,"row":5,"p":2.5e-05},"geometry":{"type":"Polygon","coordinates":[[[20.0215,49.2436],[20.022875,49.2436],[20.022875,49.2445],[20.0215,49.2445],[20.0215,49.2436]]]}},{"type":"Feature","properties":{"col":59,"row":27,"p":2.5e-05},"geometry":{"type":"Polygon","coordinates":[[[20.086125,49.2238],[20.0875,49.2238],[20.0875,49.2247],[20.086125,49.2247],[20.086125,49.2238]]]}},{"type":"Feature","properties":{"col":14,"row":37,"p":2.5e-05},"geometry":{"type":"Polygon","coordinates":[[[20.02425,49.2148],[20.025625,49.2148],[20.025625,49.2157],[20.02425,49.2157],[20.02425,49.2148]]]}},{"type":"Feature","properties":{"col":37,"row":47,"p":2.5e-05},"geometry":{"type":"Polygon","coordinates":[[[20.055875,49.2058],[20.05725,49.2058],[20.05725,49.2067],[20.055875,49.2067],[20.055875,49.2058]]]}},{"type":"Feature","properties":{"col":23,"row":11,"p":2.5e-05},"geometry":{"type":"Polygon","coordinates":[[[20.036625,49.2382],[20.038,49.2382],[20.038,49.2391],[20.036625,49.2391],[20.036625,49.2382]]]}},{"type":"Feature","properties":{"col":6,"row":35,"p":2.5e-05},"geometry":{"type":"Polygon","coordinates":[[[20.01325,49.2166],[20.014625,49.2166],[20.014625,49.2175],[20.01325,49.2175],[20.01325,49.2166]]]}},{"type":"Feature","properties":{"col":53,"row":18,"p":2.5e-05},"geometry":{"type":"Polygon","coordinates":[[[20.077875,49.2319],[20.07925,49.2319],[20.07925,49.2328],[20.077875,49.2328],[20.077875,49.2319]]]}},{"type":"Feature","properties":{"col":13,"row":38,"p":2.5e-05},"geometry":{"type":"Polygon","coordinates":[[[20.022875,49.2139],[20.02425,49.2139],[20.02425,49.2148],[20.022875,49.2148],[20.022875,49.2139]]]}},{"type":"Feature","properties":{"col":26,"row":31,"p":2.5e-05},"geometry":{"type":"Polygon","coordinates":[[[20.04075,49.2202],[20.042125,49.2202],[20.042125,49.2211],[20.04075,49.2211],[20.04075,49.2202]]]}},{"type":"Feature","properties":{"col":37,"row":0,"p":2.5e-05},"geometry":{"type":"Polygon","coordinates":[[[20.055875,49.2481],[20.05725,49.2481],[20.05725,49.249],[20.055875,49.249],[20.055875,49.2481]]]}},{"type":"Feature","properties":{"col":22,"row":2,"p":2.5e-05},"geometry":{"type":"Polygon","coordinates":[[[20.03525,49.2463],[20.036625,49.2463],[20.036625,49.2472],[20.03525,49.2472],[20.03525,49.2463]]]}},{"type":"Feature","properties":{"col":46,"row":23,"p":2.5e-05},"geometry":{"type":"Polygon","coordinates":[[[20.06825,49.2274],[20.069625,49.2274],[20.069625,49.2283],[20.06825,49.2283],[20.06825,49.2274]]]}},{"type":"Feature","properties":{"col":32,"row":11,"p":2.5e-05},"geometry":{"type":"Polygon","coordinates":[[[20.049,49.2382],[20.050375,49.2382],[20.050375,49.2391],[20.049,49.2391],[20.049,49.2382]]]}},{"type":"Feature","properties":{"col":2,"row":17,"p":2.5e-05},"geometry":{"type":"Polygon","coordinates":[[[20.00775,49.2328],[20.009125,49.2328],[20.009125,49.2337],[20.00775,49.2337],[20.00775,49.2328]]]}},{"type":"Feature","properties":{"col":5,"row":58,"p":2.5e-05},"geometry":{"type":"Polygon","coordinates":[[[20.011875,49.1959],[20.01325,49.1959],[20.01325,49.1968],[20.011875,49.1968],[20.011875,49.1959]]]}},{"type":"Feature","properties":{"col":48,"row":15,"p":2.5e-05},"geometry":{"type":"Polygon","coordinates":[[[20.071,49.2346],[20.072375,49.2346],[20.072375,49.2355],[20.071,49.2355],[20.071,49.2346]]]}},{"type":"Feature","properties":{"col":44,"row":37,"p":2.5e-05},"geometry":{"type":"Polygon","coordinates":[[[20.0655,49.2148],[20.066875,49.2148],[20.066875,49.2157],[20.0655,49.2157],[20.0655,49.2148]]]}},{"type":"Feature","properties":{"col":32,"row":36,"p":2.5e-05},"geometry":{"type":"Polygon","coordinates":[[[20.049,49.2157],[20.050375,49.2157],[20.050375,49.2166],[20.049,49.2166],[20.049,49.2157]]]}},{"type":"Feature","properties":{"col":7,"row":55,"p":2.5e-05},"geometry":{"type":"Polygon","coordinates":[[[20.014625,49.1986],[20.016,49.1986],[20.016,49.1995],[20.014625,49.1995],[20.014625,49.1986]]]}},{"type":"Feature","properties":{"col":42,"row":8,"p":2.5e-05},"geometry":{"type":"Polygon","coordinates":[[[20.06275,49.2409],[20.064125,49.2409],[20.064125,49.2418],[20.06275,49.2418],[20.06275,49.2409]]]}},{"type":"Feature","properties":{"col":52,"row":10,"p":2.5e-05},"geometry":{"type":"Polygon","coordinates":[[[20.0765,49.2391],[20.077875,49.2391],[20.077875,49.24],[20.0765,49.24],[20.0765,49.2391]]]}},{"type":"Feature","properties":{"col":12,"row":49,"p":2.5e-05},"geometry":{"type":"Polygon","coordinates":[[[20.0215,49.204],[20.022875,49.204],[20.022875,49.2049],[20.0215,49.2049],[20.0215,49.204]]]}},{"type":"Feature","properties":{"col":55,"row":11,"p":2.4e-05},"geometry":{"type":"Polygon","coordinates":[[[20.080625,49.2382],[20.082,49.2382],[20.082,49.2391],[20.080625,49.2391],[20.080625,49.2382]]]}},{"type":"Feature","properties":{"col":6,"row":14,"p":2.4e-05},"geometry":{"type":"Polygon","coordinates":[[[20.01325,49.2355],[20.014625,49.2355],[20.014625,49.2364],[20.01325,49.2364],[20.01325,49.2355]]]}},{"type":"Feature","properties":{"col":26,"row":49,"p":2.4e-05},"geometry":{"type":"Polygon","coordinates":[[[20.04075,49.204],[20.042125,49.204],[20.042125,49.2049],[20.04075,49.2049],[20.04075,49.204]]]}},{"type":"Feature","properties":{"col":56,"row":11,"p":2.4e-05},"geometry":{"type":"Polygon","coordinates":[[[20.082,49.2382],[20.083375,49.2382],[20.083375,49.2391],[20.082,49.2391],[20.082,49.2382]]]}},{"type":"Feature","properties":{"col":38,"row":56,"p":2.4e-05},"geometry":{"type":"Polygon","coordinates":[[[20.05725,49.1977],[20.058625,49.1977],[20.058625,49.1986],[20.05725,49.1986],[20.05725,49.1977]]]}},{"type":"Feature","properties":{"col":9,"row":32,"p":2.4e-05},"geometry":{"type":"Polygon","coordinates":[[[20.017375,49.2193],[20.01875,49.2193],[20.01875,49.2202],[20.017375,49.2202],[20.017375,49.2193]]]}},{"type":"Feature","properties":{"col":16,"row":5,"p":2.4e-05},"geometry":{"type":"Polygon","coordinates":[[[20.027,49.2436],[20.028375,49.2436],[20.028375,49.2445],[20.027,49.2445],[20.027,49.2436]]]}},{"type":"Feature","properties":{"col":6,"row":27,"p":2.4e-05},"geometry":{"type":"Polygon","coordinates":[[[20.01325,49.2238],[20.014625,49.2238],[20.014625,49.2247],[20.01325,49.2247],[20.01325,49.2238]]]}},{"type":"Feature","properties":{"col":4,"row":2,"p":2.4e-05},"geometry":{"type":"Polygon","coordinates":[[[20.0105,49.2463],[20.011875,49.2463],[20.011875,49.2472],[20.0105,49.2472],[20.0105,49.2463]]]}},{"type":"Feature","properties":{"col":20,"row":53,"p":2.4e-05},"geometry":{"type":"Polygon","coordinates":[[[20.0325,49.2004],[20.033875,49.2004],[20.033875,49.2013],[20.0325,49.2013],[20.0325,49.2004]]]}},{"type":"Feature","properties":{"col":22,"row":3,"p":2.4e-05},"geometry":{"type":"Polygon","coordinates":[[[20.03525,49.2454],[20.036625,49.2454],[20.036625,49.2463],[20.03525,49.2463],[20.03525,49.2454]]]}},{"type":"Feature","properties":{"col":38,"row":5,"p":2.4e-05},"geometry":{"type":"Polygon","coordinates":[[[20.05725,49.2436],[20.058625,49.2436],[20.058625,49.2445],[20.05725,49.2445],[20.05725,49.2436]]]}},{"type":"Feature","properties":{"col":13,"row":20,"p":2.3e-05},"geometry":{"type":"Polygon","coordinates":[[[20.022875,49.2301],[20.02425,49.2301],[20.02425,49.231],[20.022875,49.231],[20.022875,49.2301]]]}},{"type":"Feature","properties":{"col":8,"row":2,"p":2.3e-05},"geometry":{"type":"Polygon","coordinates":[[[20.016,49.2463],[20.017375,49.2463],[20.017375,49.2472],[20.016,49.2472],[20.016,49.2463]]]}},{"type":"Feature","properties":{"col":47,"row":14,"p":2.3e-05},"geometry":{"type":"Polygon","coordinates":[[[20.069625,49.2355],[20.071,49.2355],[20.071,49.2364],[20.069625,49.2364],[20.069625,49.2355]]]}},{"type":"Feature","properties":{"col":40,"row":22,"p":2.3e-05},"geometry":{"type":"Polygon","coordinates":[[[20.06,49.2283],[20.061375,49.2283],[20.061375,49.2292],[20.06,49.2292],[20.06,49.2283]]]}},{"type":"Feature","properties":{"col":31,"row":47,"p":2.3e-05},"geometry":{"type":"Polygon","coordinates":[[[20.047625,49.2058],[20.049,49.2058],[20.049,49.2067],[20.047625,49.2067],[20.047625,49.2058]]]}},{"type":"Feature","properties":{"col":7,"row":25,"p":2.3e-05},"geometry":{"type":"Polygon","coordinates":[[[20.014625,49.2256],[20.016,49.2256],[20.016,49.2265],[20.014625,49.2265],[20.014625,49.2256]]]}},{"type":"Feature","properties":{"col":48,"row":19,"p":2.3e-05},"geometry":{"type":"Polygon","coordinates":[[[20.071,49.231],[20.072375,49.231],[20.072375,49.2319],[20.071,49.2319],[20.071,49.231]]]}},{"type":"Feature","properties":{"col":11,"row":42,"p":2.3e-05},"geometry":{"type":"Polygon","coordinates":[[[20.020125,49.2103],[20.0215,49.2103],[20.0215,49.2112],[20.020125,49.2112],[20.020125,49.2103]]]}},{"type":"Feature","properties":{"col":8,"row":55,"p":2.3e-05},"geometry":{"type":"Polygon","coordinates":[[[20.016,49.1986],[20.017375,49.1986],[20.017375,49.1995],[20.016,49.1995],[20.016,49.1986]]]}},{"type":"Feature","properties":{"col":2,"row":42,"p":2.3e-05},"geometry":{"type":"Polygon","coordinates":[[[20.00775,49.2103],[20.009125,49.2103],[20.009125,49.2112],[20.00775,49.2112],[20.00775,49.2103]]]}},{"type":"Feature","properties":{"col":22,"row":47,"p":2.3e-05},"geometry":{"type":"Polygon","coordinates":[[[20.03525,49.2058],[20.036625,49.2058],[20.036625,49.2067],[20.03525,49.2067],[20.03525,49.2058]]]}},{"type":"Feature","properties":{"col":15,"row":29,"p":2.3e-05},"geometry":{"type":"Polygon","coordinates":[[[20.025625,49.222],[20.027,49.222],[20.027,49.2229],[20.025625,49.2229],[20.025625,49.222]]]}},{"type":"Feature","properties":{"col":56,"row":35,"p":2.3e-05},"geometry":{"type":"Polygon","coordinates":[[[20.082,49.2166],[20.083375,49.2166],[20.083375,49.2175],[20.082,49.2175],[20.082,49.2166]]]}},{"type":"Feature","properties":{"col":51,"row":14,"p":2.3e-05},"geometry":{"type":"Polygon","coordinates":[[[20.075125,49.2355],[20.0765,49.2355],[20.0765,49.2364],[20.075125,49.2364],[20.075125,49.2355]]]}},{"type":"Feature","properties":{"col":32,"row":58,"p":2.3e-05},"geometry":{"type":"Polygon","coordinates":[[[20.049,49.1959],[20.050375,49.1959],[20.050375,49.1968],[20.049,49.1968],[20.049,49.1959]]]}},{"type":"Feature","properties":{"col":29,"row":43,"p":2.3e-05},"geometry":{"type":"Polygon","coordinates":[[[20.044875,49.2094],[20.04625,49.2094],[20.04625,49.2103],[20.044875,49.2103],[20.044875,49.2094]]]}},{"type":"Feature","properties":{"col":22,"row":1,"p":2.3e-05},"geometry":{"type":"Polygon","coordinates":[[[20.03525,49.2472],[20.036625,49.2472],[20.036625,49.2481],[20.03525,49.2481],[20.03525,49.2472]]]}},{"type":"Feature","properties":{"col":46,"row":13,"p":2.3e-05},"geometry":{"type":"Polygon","coordinates":[[[20.06825,49.2364],[20.069625,49.2364],[20.069625,49.2373],[20.06825,49.2373],[20.06825,49.2364]]]}},{"type":"Feature","properties":{"col":43,"row":26,"p":2.3e-05},"geometry":{"type":"Polygon","coordinates":[[[20.064125,49.2247],[20.0655,49.2247],[20.0655,49.2256],[20.064125,49.2256],[20.064125,49.2247]]]}},{"type":"Feature","properties":{"col":22,"row":20,"p":2.2e-05},"geometry":{"type":"Polygon","coordinates":[[[20.03525,49.2301],[20.036625,49.2301],[20.036625,49.231],[20.03525,49.231],[20.03525,49.2301]]]}},{"type":"Feature","properties":{"col":17,"row":4,"p":2.2e-05},"geometry":{"type":"Polygon","coordinates":[[[20.028375,49.2445],[20.02975,49.2445],[20.02975,49.2454],[20.028375,49.2454],[20.028375,49.2445]]]}},{"type":"Feature","properties":{"col":42,"row":26,"p":2.2e-05},"geometry":{"type":"Polygon","coordinates":[[[20.06275,49.2247],[20.064125,49.2247],[20.064125,49.2256],[20.06275,49.2256],[20.06275,49.2247]]]}},{"type":"Feature","properties":{"col":53,"row":11,"p":2.2e-05},"geometry":{"type":"Polygon","coordinates":[[[20.077875,49.2382],[20.07925,49.2382],[20.07925,49.2391],[20.077875,49.2391],[20.077875,49.2382]]]}},{"type":"Feature","properties":{"col":7,"row":24,"p":2.2e-05},"geometry":{"type":"Polygon","coordinates":[[[20.014625,49.2265],[20.016,49.2265],[20.016,49.2274],[20.014625,49.2274],[20.014625,49.2265]]]}},{"type":"Feature","properties":{"col":39,"row":43,"p":2.2e-05},"geometry":{"type":"Polygon","coordinates":[[[20.058625,49.2094],[20.06,49.2094],[20.06,49.2103],[20.058625,49.2103],[20.058625,49.2094]]]}},{"type":"Feature","properties":{"col":38,"row":6,"p":2.2e-05},"geometry":{"type":"Polygon","coordinates":[[[20.05725,49.2427],[20.058625,49.2427],[20.058625,49.2436],[20.05725,49.2436],[20.05725,49.2427]]]}},{"type":"Feature","properties":{"col":36,"row":48,"p":2.2e-05},"geometry":{"type":"Polygon","coordinates":[[[20.0545,49.2049],[20.055875,49.2049],[20.055875,49.2058],[20.0545,49.2058],[20.0545,49.2049]]]}},{"type":"Feature","properties":{"col":31,"row":19,"p":2.2e-05},"geometry":{"type":"Polygon","coordinates":[[[20.047625,49.231],[20.049,49.231],[20.049,49.2319],[20.047625,49.2319],[20.047625,49.231]]]}},{"type":"Feature","properties":{"col":28,"row":43,"p":2.2e-05},"geometry":{"type":"Polygon","coordinates":[[[20.0435,49.2094],[20.044875,49.2094],[20.044875,49.2103],[20.0435,49.2103],[20.0435,49.2094]]]}},{"type":"Feature","properties":{"col":26,"row":21,"p":2.2e-05},"geometry":{"type":"Polygon","coordinates":[[[20.04075,49.2292],[20.042125,49.2292],[20.042125,49.2301],[20.04075,49.2301],[20.04075,49.2292]]]}},{"type":"Feature","properties":{"col":13,"row":48,"p":2.2e-05},"geometry":{"type":"Polygon","coordinates":[[[20.022875,49.2049],[20.02425,49.2049],[20.02425,49.2058],[20.022875,49.2058],[20.022875,49.2049]]]}},{"type":"Feature","properties":{"col":30,"row":17,"p":2.2e-05},"geometry":{"type":"Polygon","coordinates":[[[20.04625,49.2328],[20.047625,49.2328],[20.047625,49.2337],[20.04625,49.2337],[20.04625,49.2328]]]}},{"type":"Feature","properties":{"col":4,"row":43,"p":2.2e-05},"geometry":{"type":"Polygon","coordinates":[[[20.0105,49.2094],[20.011875,49.2094],[20.011875,49.2103],[20.0105,49.2103],[20.0105,49.2094]]]}},{"type":"Feature","properties":{"col":35,"row":15,"p":2.2e-05},"geometry":{"type":"Polygon","coordinates":[[[20.053125,49.2346],[20.0545,49.2346],[20.0545,49.2355],[20.053125,49.2355],[20.053125,49.2346]]]}},{"type":"Feature","properties":{"col":59,"row":28,"p":2.2e-05},"geometry":{"type":"Polygon","coordinates":[[[20.086125,49.2229],[20.0875,49.2229],[20.0875,49.2238],[20.086125,49.2238],[20.086125,49.2229]]]}},{"type":"Feature","properties":{"col":7,"row":9,"p":2.2e-05},"geometry":{"type":"Polygon","coordinates":[[[20.014625,49.24],[20.016,49.24],[20.016,49.2409],[20.014625,49.2409],[20.014625,49.24]]]}},{"type":"Feature","properties":{"col":36,"row":21,"p":2.2e-05},"geometry":{"type":"Polygon","coordinates":[[[20.0545,49.2292],[20.055875,49.2292],[20.055875,49.2301],[20.0545,49.2301],[20.0545,49.2292]]]}},{"type":"Feature","properties":{"col":10,"row":8,"p":2.2e-05},"geometry":{"type":"Polygon","coordinates":[[[20.01875,49.2409],[20.020125,49.2409],[20.020125,49.2418],[20.01875,49.2418],[20.01875,49.2409]]]}},{"type":"Feature","properties":{"col":44,"row":38,"p":2.2e-05},"geometry":{"type":"Polygon","coordinates":[[[20.0655,49.2139],[20.066875,49.2139],[20.066875,49.2148],[20.0655,49.2148],[20.0655,49.2139]]]}},{"type":"Feature","properties":{"col":15,"row":7,"p":2.1e-05},"geometry":{"type":"Polygon","coordinates":[[[20.025625,49.2418],[20.027,49.2418],[20.027,49.2427],[20.025625,49.2427],[20.025625,49.2418]]]}},{"type":"Feature","properties":{"col":19,"row":12,"p":2.1e-05},"geometry":{"type":"Polygon","coordinates":[[[20.031125,49.2373],[20.0325,49.2373],[20.0325,49.2382],[20.031125,49.2382],[20.031125,49.2373]]]}},{"type":"Feature","properties":{"col":4,"row":12,"p":2.1e-05},"geometry":{"type":"Polygon","coordinates":[[[20.0105,49.2373],[20.011875,49.2373],[20.011875,49.2382],[20.0105,49.2382],[20.0105,49.2373]]]}},{"type":"Feature","properties":{"col":14,"row":4,"p":2.1e-05},"geometry":{"type":"Polygon","coordinates":[[[20.02425,49.2445],[20.025625,49.2445],[20.025625,49.2454],[20.02425,49.2454],[20.02425,49.2445]]]}},{"type":"Feature","properties":{"col":23,"row":6,"p":2.1e-05},"geometry":{"type":"Polygon","coordinates":[[[20.036625,49.2427],[20.038,49.2427],[20.038,49.2436],[20.036625,49.2436],[20.036625,49.2427]]]}},{"type":"Feature","properties":{"col":3,"row":50,"p":2.1e-05},"geometry":{"type":"Polygon","coordinates":[[[20.009125,49.2031],[20.0105,49.2031],[20.0105,49.204],[20.009125,49.204],[20.009125,49.2031]]]}},{"type":"Feature","properties":{"col":19,"row":2,"p":2.1e-05},"geometry":{"type":"Polygon","coordinates":[[[20.031125,49.2463],[20.0325,49.2463],[20.0325,49.2472],[20.031125,49.2472],[20.031125,49.2463]]]}},{"type":"Feature","properties":{"col":23,"row":24,"p":2.1e-05},"geometry":{"type":"Polygon","coordinates":[[[20.036625,49.2265],[20.038,49.2265],[20.038,49.2274],[20.036625,49.2274],[20.036625,49.2265]]]}},{"type":"Feature","properties":{"col":3,"row":45,"p":2.1e-05},"geometry":{"type":"Polygon","coordinates":[[[20.009125,49.2076],[20.0105,49.2076],[20.0105,49.2085],[20.009125,49.2085],[20.009125,49.2076]]]}},{"type":"Feature","properties":{"col":7,"row":40,"p":2.1e-05},"geometry":{"type":"Polygon","coordinates":[[[20.014625,49.2121],[20.016,49.2121],[20.016,49.213],[20.014625,49.213],[20.014625,49.2121]]]}},{"type":"Feature","properties":{"col":42,"row":42,"p":2.1e-05},"geometry":{"type":"Polygon","coordinates":[[[20.06275,49.2103],[20.064125,49.2103],[20.064125,49.2112],[20.06275,49.2112],[20.06275,49.2103]]]}},{"type":"Feature","properties":{"col":28,"row":57,"p":2.1e-05},"geometry":{"type":"Polygon","coordinates":[[[20.0435,49.1968],[20.044875,49.1968],[20.044875,49.1977],[20.0435,49.1977],[20.0435,49.1968]]]}},{"type":"Feature","properties":{"col":4,"row":40,"p":2.1e-05},"geometry":{"type":"Polygon","coordinates":[[[20.0105,49.2121],[20.011875,49.2121],[20.011875,49.213],[20.0105,49.213],[20.0105,49.2121]]]}},{"type":"Feature","properties":{"col":52,"row":35,"p":2.1e-05},"geometry":{"type":"Polygon","coordinates":[[[20.0765,49.2166],[20.077875,49.2166],[20.077875,49.2175],[20.0765,49.2175],[20.0765,49.2166]]]}},{"type":"Feature","properties":{"col":42,"row":41,"p":2.1e-05},"geometry":{"type":"Polygon","coordinates":[[[20.06275,49.2112],[20.064125,49.2112],[20.064125,49.2121],[20.06275,49.2121],[20.06275,49.2112]]]}},{"type":"Feature","properties":{"col":45,"row":37,"p":2e-05},"geometry":{"type":"Polygon","coordinates":[[[20.066875,49.2148],[20.06825,49.2148],[20.06825,49.2157],[20.066875,49.2157],[20.066875,49.2148]]]}},{"type":"Feature","properties":{"col":13,"row":49,"p":2e-05},"geometry":{"type":"Polygon","coordinates":[[[20.022875,49.204],[20.02425,49.204],[20.02425,49.2049],[20.022875,49.2049],[20.022875,49.204]]]}},{"type":"Feature","properties":{"col":35,"row":32,"p":2e-05},"geometry":{"type":"Polygon","coordinates":[[[20.053125,49.2193],[20.0545,49.2193],[20.0545,49.2202],[20.053125,49.2202],[20.053125,49.2193]]]}},{"type":"Feature","properties":{"col":1,"row":3,"p":2e-05},"geometry":{"type":"Polygon","coordinates":[[[20.006375,49.2454],[20.00775,49.2454],[20.00775,49.2463],[20.006375,49.2463],[20.006375,49.2454]]]}},{"type":"Feature","properties":{"col":52,"row":8,"p":2e-05},"geometry":{"type":"Polygon","coordinates":[[[20.0765,49.2409],[20.077875,49.2409],[20.077875,49.2418],[20.0765,49.2418],[20.0765,49.2409]]]}},{"type":"Feature","properties":{"col":56,"row":10,"p":2e-05},"geometry":{"type":"Polygon","coordinates":[[[20.082,49.2391],[20.083375,49.2391],[20.083375,49.24],[20.082,49.24],[20.082,49.2391]]]}},{"type":"Feature","properties":{"col":57,"row":4,"p":2e-05},"geometry":{"type":"Polygon","coordinates":[[[20.083375,49.2445],[20.08475,49.2445],[20.08475,49.2454],[20.083375,49.2454],[20.083375,49.2445]]]}},{"type":"Feature","properties":{"col":48,"row":35,"p":2e-05},"geometry":{"type":"Polygon","coordinates":[[[20.071,49.2166],[20.072375,49.2166],[20.072375,49.2175],[20.071,49.2175],[20.071,49.2166]]]}},{"type":"Feature","properties":{"col":50,"row":6,"p":2e-05},"geometry":{"type":"Polygon","coordinates":[[[20.07375,49.2427],[20.075125,49.2427],[20.075125,49.2436],[20.07375,49.2436],[20.07375,49.2427]]]}},{"type":"Feature","properties":{"col":21,"row":9,"p":2e-05},"geometry":{"type":"Polygon","coordinates":[[[20.033875,49.24],[20.03525,49.24],[20.03525,49.2409],[20.033875,49.2409],[20.033875,49.24]]]}},{"type":"Feature","properties":{"col":37,"row":8,"p":2e-05},"geometry":{"type":"Polygon","coordinates":[[[20.055875,49.2409],[20.05725,49.2409],[20.05725,49.2418],[20.055875,49.2418],[20.055875,49.2409]]]}},{"type":"Feature","properties":{"col":0,"row":11,"p":2e-05},"geometry":{"type":"Polygon","coordinates":[[[20.005,49.2382],[20.006375,49.2382],[20.006375,49.2391],[20.005,49.2391],[20.005,49.2382]]]}},{"type":"Feature","properties":{"col":51,"row":31,"p":2e-05},"geometry":{"type":"Polygon","coordinates":[[[20.075125,49.2202],[20.0765,49.2202],[20.0765,49.2211],[20.075125,49.2211],[20.075125,49.2202]]]}},{"type":"Feature","properties":{"col":25,"row":39,"p":2e-05},"geometry":{"type":"Polygon","coordinates":[[[20.039375,49.213],[20.04075,49.213],[20.04075,49.2139],[20.039375,49.2139],[20.039375,49.213]]]}},{"type":"Feature","properties":{"col":45,"row":19,"p":2e-05},"geometry":{"type":"Polygon","coordinates":[[[20.066875,49.231],[20.06825,49.231],[20.06825,49.2319],[20.066875,49.2319],[20.066875,49.231]]]}},{"type":"Feature","properties":{"col":6,"row":11,"p":2e-05},"geometry":{"type":"Polygon","coordinates":[[[20.01325,49.2382],[20.014625,49.2382],[20.014625,49.2391],[20.01325,49.2391],[20.01325,49.2382]]]}},{"type":"Feature","properties":{"col":40,"row":58,"p":2e-05},"geometry":{"type":"Polygon","coordinates":[[[20.06,49.1959],[20.061375,49.1959],[20.061375,49.1968],[20.06,49.1968],[20.06,49.1959]]]}},{"type":"Feature","properties":{"col":59,"row":55,"p":2e-05},"geometry":{"type":"Polygon","coordinates":[[[20.086125,49.1986],[20.0875,49.1986],[20.0875,49.1995],[20.086125,49.1995],[20.086125,49.1986]]]}},{"type":"Feature","properties":{"col":11,"row":44,"p":2e-05},"geometry":{"type":"Polygon","coordinates":[[[20.020125,49.2085],[20.0215,49.2085],[20.0215,49.2094],[20.020125,49.2094],[20.020125,49.2085]]]}},{"type":"Feature","properties":{"col":12,"row":40,"p":2e-05},"geometry":{"type":"Polygon","coordinates":[[[20.0215,49.2121],[20.022875,49.2121],[20.022875,49.213],[20.0215,49.213],[20.0215,49.2121]]]}},{"type":"Feature","properties":{"col":15,"row":13,"p":2e-05},"geometry":{"type":"Polygon","coordinates":[[[20.025625,49.2364],[20.027,49.2364],[20.027,49.2373],[20.025625,49.2373],[20.025625,49.2364]]]}},{"type":"Feature","properties":{"col":24,"row":48,"p":2e-05},"geometry":{"type":"Polygon","coordinates":[[[20.038,49.2049],[20.039375,49.2049],[20.039375,49.2058],[20.038,49.2058],[20.038,49.2049]]]}},{"type":"Feature","properties":{"col":53,"row":4,"p":2e-05},"geometry":{"type":"Polygon","coordinates":[[[20.077875,49.2445],[20.07925,49.2445],[20.07925,49.2454],[20.077875,49.2454],[20.077875,49.2445]]]}},{"type":"Feature","properties":{"col":50,"row":32,"p":1.9e-05},"geometry":{"type":"Polygon","coordinates":[[[20.07375,49.2193],[20.075125,49.2193],[20.075125,49.2202],[20.07375,49.2202],[20.07375,49.2193]]]}},{"type":"Feature","properties":{"col":26,"row":42,"p":1.9e-05},"geometry":{"type":"Polygon","coordinates":[[[20.04075,49.2103],[20.042125,49.2103],[20.042125,49.2112],[20.04075,49.2112],[20.04075,49.2103]]]}},{"type":"Feature","properties":{"col":25,"row":28,"p":1.9e-05},"geometry":{"type":"Polygon","coordinates":[[[20.039375,49.2229],[20.04075,49.2229],[20.04075,49.2238],[20.039375,49.2238],[20.039375,49.2229]]]}},{"type":"Feature","properties":{"col":23,"row":57,"p":1.9e-05},"geometry":{"type":"Polygon","coordinates":[[[20.036625,49.1968],[20.038,49.1968],[20.038,49.1977],[20.036625,49.1977],[20.036625,49.1968]]]}},{"type":"Feature","properties":{"col":32,"row":2,"p":1.9e-05},"geometry":{"type":"Polygon","coordinates":[[[20.049,49.2463],[20.050375,49.2463],[20.050375,49.2472],[20.049,49.2472],[20.049,49.2463]]]}},{"type":"Feature","properties":{"col":25,"row":32,"p":1.9e-05},"geometry":{"type":"Polygon","coordinates":[[[20.039375,49.2193],[20.04075,49.2193],[20.04075,49.2202],[20.039375,49.2202],[20.039375,49.2193]]]}},{"type":"Feature","properties":{"col":12,"row":45,"p":1.9e-05},"geometry":{"type":"Polygon","coordinates":[[[20.0215,49.2076],[20.022875,49.2076],[20.022875,49.2085],[20.0215,49.2085],[20.0215,49.2076]]]}},{"type":"Feature","properties":{"col":12,"row":32,"p":1.9e-05},"geometry":{"type":"Polygon","coordinates":[[[20.0215,49.2193],[20.022875,49.2193],[20.022875,49.2202],[20.0215,49.2202],[20.0215,49.2193]]]}},{"type":"Feature","properties":{"col":18,"row":4,"p":1.9e-05},"geometry":{"type":"Polygon","coordinates":[[[20.02975,49.2445],[20.031125,49.2445],[20.031125,49.2454],[20.02975,49.2454],[20.02975,49.2445]]]}},{"type":"Feature","properties":{"col":42,"row":17,"p":1.9e-05},"geometry":{"type":"Polygon","coordinates":[[[20.06275,49.2328],[20.064125,49.2328],[20.064125,49.2337],[20.06275,49.2337],[20.06275,49.2328]]]}},{"type":"Feature","properties":{"col":51,"row":11,"p":1.9e-05},"geometry":{"type":"Polygon","coordinates":[[[20.075125,49.2382],[20.0765,49.2382],[20.0765,49.2391],[20.075125,49.2391],[20.075125,49.2382]]]}},{"type":"Feature","properties":{"col":38,"row":20,"p":1.9e-05},"geometry":{"type":"Polygon","coordinates":[[[20.05725,49.2301],[20.058625,49.2301],[20.058625,49.231],[20.05725,49.231],[20.05725,49.2301]]]}},{"type":"Feature","properties":{"col":27,"row":2,"p":1.9e-05},"geometry":{"type":"Polygon","coordinates":[[[20.042125,49.2463],[20.0435,49.2463],[20.0435,49.2472],[20.042125,49.2472],[20.042125,49.2463]]]}},{"type":"Feature","properties":{"col":29,"row":40,"p":1.9e-05},"geometry":{"type":"Polygon","coordinates":[[[20.044875,49.2121],[20.04625,49.2121],[20.04625,49.213],[20.044875,49.213],[20.044875,49.2121]]]}},{"type":"Feature","properties":{"col":20,"row":37,"p":1.9e-05},"geometry":{"type":"Polygon","coordinates":[[[20.0325,49.2148],[20.033875,49.2148],[20.033875,49.2157],[20.0325,49.2157],[20.0325,49.2148]]]}},{"type":"Feature","properties":{"col":18,"row":15,"p":1.9e-05},"geometry":{"type":"Polygon","coordinates":[[[20.02975,49.2346],[20.031125,49.2346],[20.031125,49.2355],[20.02975,49.2355],[20.02975,49.2346]]]}},{"type":"Feature","properties":{"col":23,"row":53,"p":1.9e-05},"geometry":{"type":"Polygon","coordinates":[[[20.036625,49.2004],[20.038,49.2004],[20.038,49.2013],[20.036625,49.2013],[20.036625,49.2004]]]}},{"type":"Feature","properties":{"col":36,"row":19,"p":1.9e-05},"geometry":{"type":"Polygon","coordinates":[[[20.0545,49.231],[20.055875,49.231],[20.055875,49.2319],[20.0545,49.2319],[20.0545,49.231]]]}},{"type":"Feature","properties":{"col":0,"row":49,"p":1.9e-05},"geometry":{"type":"Polygon","coordinates":[[[20.005,49.204],[20.006375,49.204],[20.006375,49.2049],[20.005,49.2049],[20.005,49.204]]]}},{"type":"Feature","properties":{"col":42,"row":50,"p":1.9e-05},"geometry":{"type":"Polygon","coordinates":[[[20.06275,49.2031],[20.064125,49.2031],[20.064125,49.204],[20.06275,49.204],[20.06275,49.2031]]]}},{"type":"Feature","properties":{"col":22,"row":6,"p":1.9e-05},"geometry":{"type":"Polygon","coordinates":[[[20.03525,49.2427],[20.036625,49.2427],[20.036625,49.2436],[20.03525,49.2436],[20.03525,49.2427]]]}},{"type":"Feature","properties":{"col":20,"row":49,"p":1.8e-05},"geometry":{"type":"Polygon","coordinates":[[[20.0325,49.204],[20.033875,49.204],[20.033875,49.2049],[20.0325,49.2049],[20.0325,49.204]]]}},{"type":"Feature","properties":{"col":3,"row":25,"p":1.8e-05},"geometry":{"type":"Polygon","coordinates":[[[20.009125,49.2256],[20.0105,49.2256],[20.0105,49.2265],[20.009125,49.2265],[20.009125,49.2256]]]}},{"type":"Feature","properties":{"col":12,"row":48,"p":1.8e-05},"geometry":{"type":"Polygon","coordinates":[[[20.0215,49.2049],[20.022875,49.2049],[20.022875,49.2058],[20.0215,49.2058],[20.0215,49.2049]]]}},{"type":"Feature","properties":{"col":58,"row":1,"p":1.8e-05},"geometry":{"type":"Polygon","coordinates":[[[20.08475,49.2472],[20.086125,49.2472],[20.086125,49.2481],[20.08475,49.2481],[20.08475,49.2472]]]}},{"type":"Feature","properties":{"col":6,"row":26,"p":1.8e-05},"geometry":{"type":"Polygon","coordinates":[[[20.01325,49.2247],[20.014625,49.2247],[20.014625,49.2256],[20.01325,49.2256],[20.01325,49.2247]]]}},{"type":"Feature","properties":{"col":7,"row":54,"p":1.8e-05},"geometry":{"type":"Polygon","coordinates":[[[20.014625,49.1995],[20.016,49.1995],[20.016,49.2004],[20.014625,49.2004],[20.014625,49.1995]]]}},{"type":"Feature","properties":{"col":38,"row":58,"p":1.8e-05},"geometry":{"type":"Polygon","coordinates":[[[20.05725,49.1959],[20.058625,49.1959],[20.058625,49.1968],[20.05725,49.1968],[20.05725,49.1959]]]}},{"type":"Feature","properties":{"col":5,"row":15,"p":1.8e-05},"geometry":{"type":"Polygon","coordinates":[[[20.011875,49.2346],[20.01325,49.2346],[20.01325,49.2355],[20.011875,49.2355],[20.011875,49.2346]]]}},{"type":"Feature","properties":{"col":14,"row":53,"p":1.8e-05},"geometry":{"type":"Polygon","coordinates":[[[20.02425,49.2004],[20.025625,49.2004],[20.025625,49.2013],[20.02425,49.2013],[20.02425,49.2004]]]}},{"type":"Feature","properties":{"col":47,"row":9,"p":1.8e-05},"geometry":{"type":"Polygon","coordinates":[[[20.069625,49.24],[20.071,49.24],[20.071,49.2409],[20.069625,49.2409],[20.069625,49.24]]]}},{"type":"Feature","properties":{"col":19,"row":37,"p":1.8e-05},"geometry":{"type":"Polygon","coordinates":[[[20.031125,49.2148],[20.0325,49.2148],[20.0325,49.2157],[20.031125,49.2157],[20.031125,49.2148]]]}},{"type":"Feature","properties":{"col":17,"row":5,"p":1.8e-05},"geometry":{"type":"Polygon","coordinates":[[[20.028375,49.2436],[20.02975,49.2436],[20.02975,49.2445],[20.028375,49.2445],[20.028375,49.2436]]]}},{"type":"Feature","properties":{"col":44,"row":1,"p":1.8e-05},"geometry":{"type":"Polygon","coordinates":[[[20.0655,49.2472],[20.066875,49.2472],[20.066875,49.2481],[20.0655,49.2481],[20.0655,49.2472]]]}},{"type":"Feature","properties":{"col":12,"row":6,"p":1.8e-05},"geometry":{"type":"Polygon","coordinates":[[[20.0215,49.2427],[20.022875,49.2427],[20.022875,49.2436],[20.0215,49.2436],[20.0215,49.2427]]]}},{"type":"Feature","properties":{"col":42,"row":56,"p":1.8e-05},"geometry":{"type":"Polygon","coordinates":[[[20.06275,49.1977],[20.064125,49.1977],[20.064125,49.1986],[20.06275,49.1986],[20.06275,49.1977]]]}},{"type":"Feature","properties":{"col":22,"row":54,"p":1.8e-05},"geometry":{"type":"Polygon","coordinates":[[[20.03525,49.1995],[20.036625,49.1995],[20.036625,49.2004],[20.03525,49.2004],[20.03525,49.1995]]]}},{"type":"Feature","properties":{"col":59,"row":57,"p":1.7e-05},"geometry":{"type":"Polygon","coordinates":[[[20.086125,49.1968],[20.0875,49.1968],[20.0875,49.1977],[20.086125,49.1977],[20.086125,49.1968]]]}},{"type":"Feature","properties":{"col":29,"row":6,"p":1.7e-05},"geometry":{"type":"Polygon","coordinates":[[[20.044875,49.2427],[20.04625,49.2427],[20.04625,49.2436],[20.044875,49.2436],[20.044875,49.2427]]]}},{"type":"Feature","properties":{"col":20,"row":4,"p":1.7e-05},"geometry":{"type":"Polygon","coordinates":[[[20.0325,49.2445],[20.033875,49.2445],[20.033875,49.2454],[20.0325,49.2454],[20.0325,49.2445]]]}},{"type":"Feature","properties":{"col":54,"row":9,"p":1.7e-05},"geometry":{"type":"Polygon","coordinates":[[[20.07925,49.24],[20.080625,49.24],[20.080625,49.2409],[20.07925,49.2409],[20.07925,49.24]]]}},{"type":"Feature","properties":{"col":13,"row":43,"p":1.7e-05},"geometry":{"type":"Polygon","coordinates":[[[20.022875,49.2094],[20.02425,49.2094],[20.02425,49.2103],[20.022875,49.2103],[20.022875,49.2094]]]}},{"type":"Feature","properties":{"col":57,"row":9,"p":1.7e-05},"geometry":{"type":"Polygon","coordinates":[[[20.083375,49.24],[20.08475,49.24],[20.08475,49.2409],[20.083375,49.2409],[20.083375,49.24]]]}},{"type":"Feature","properties":{"col":48,"row":12,"p":1.7e-05},"geometry":{"type":"Polygon","coordinates":[[[20.071,49.2373],[20.072375,49.2373],[20.072375,49.2382],[20.071,49.2382],[20.071,49.2373]]]}},{"type":"Feature","properties":{"col":44,"row":17,"p":1.7e-05},"geometry":{"type":"Polygon","coordinates":[[[20.0655,49.2328],[20.066875,49.2328],[20.066875,49.2337],[20.0655,49.2337],[20.0655,49.2328]]]}},{"type":"Feature","properties":{"col":46,"row":21,"p":1.7e-05},"geometry":{"type":"Polygon","coordinates":[[[20.06825,49.2292],[20.069625,49.2292],[20.069625,49.2301],[20.06825,49.2301],[20.06825,49.2292]]]}},{"type":"Feature","properties":{"col":20,"row":6,"p":1.7e-05},"geometry":{"type":"Polygon","coordinates":[[[20.0325,49.2427],[20.033875,49.2427],[20.033875,49.2436],[20.0325,49.2436],[20.0325,49.2427]]]}},{"type":"Feature","properties":{"col":3,"row":11,"p":1.7e-05},"geometry":{"type":"Polygon","coordinates":[[[20.009125,49.2382],[20.0105,49.2382],[20.0105,49.2391],[20.009125,49.2391],[20.009125,49.2382]]]}},{"type":"Feature","properties":{"col":28,"row":24,"p":1.7e-05},"geometry":{"type":"Polygon","coordinates":[[[20.0435,49.2265],[20.044875,49.2265],[20.044875,49.2274],[20.0435,49.2274],[20.0435,49.2265]]]}},{"type":"Feature","properties":{"col":43,"row":40,"p":1.7e-05},"geometry":{"type":"Polygon","coordinates":[[[20.064125,49.2121],[20.0655,49.2121],[20.0655,49.213],[20.064125,49.213],[20.064125,49.2121]]]}},{"type":"Feature","properties":{"col":37,"row":15,"p":1.7e-05},"geometry":{"type":"Polygon","coordinates":[[[20.055875,49.2346],[20.05725,49.2346],[20.05725,49.2355],[20.055875,49.2355],[20.055875,49.2346]]]}},{"type":"Feature","properties":{"col":13,"row":45,"p":1.7e-05},"geometry":{"type":"Polygon","coordinates":[[[20.022875,49.2076],[20.02425,49.2076],[20.02425,49.2085],[20.022875,49.2085],[20.022875,49.2076]]]}},{"type":"Feature","properties":{"col":20,"row":30,"p":1.7e-05},"geometry":{"type":"Polygon","coordinates":[[[20.0325,49.2211],[20.033875,49.2211],[20.033875,49.222],[20.0325,49.222],[20.0325,49.2211]]]}},{"type":"Feature","properties":{"col":31,"row":50,"p":1.7e-05},"geometry":{"type":"Polygon","coordinates":[[[20.047625,49.2031],[20.049,49.2031],[20.049,49.204],[20.047625,49.204],[20.047625,49.2031]]]}},{"type":"Feature","properties":{"col":17,"row":6,"p":1.7e-05},"geometry":{"type":"Polygon","coordinates":[[[20.028375,49.2427],[20.02975,49.2427],[20.02975,49.2436],[20.028375,49.2436],[20.028375,49.2427]]]}},{"type":"Feature","properties":{"col":13,"row":41,"p":1.6e-05},"geometry":{"type":"Polygon","coordinates":[[[20.022875,49.2112],[20.02425,49.2112],[20.02425,49.2121],[20.022875,49.2121],[20.022875,49.2112]]]}},{"type":"Feature","properties":{"col":17,"row":13,"p":1.6e-05},"geometry":{"type":"Polygon","coordinates":[[[20.028375,49.2364],[20.02975,49.2364],[20.02975,49.2373],[20.028375,49.2373],[20.028375,49.2364]]]}},{"type":"Feature","properties":{"col":52,"row":30,"p":1.6e-05},"geometry":{"type":"Polygon","coordinates":[[[20.0765,49.2211],[20.077875,49.2211],[20.077875,49.222],[20.0765,49.222],[20.0765,49.2211]]]}},{"type":"Feature","properties":{"col":25,"row":57,"p":1.6e-05},"geometry":{"type":"Polygon","coordinates":[[[20.039375,49.1968],[20.04075,49.1968],[20.04075,49.1977],[20.039375,49.1977],[20.039375,49.1968]]]}},{"type":"Feature","properties":{"col":29,"row":27,"p":1.6e-05},"geometry":{"type":"Polygon","coordinates":[[[20.044875,49.2238],[20.04625,49.2238],[20.04625,49.2247],[20.044875,49.2247],[20.044875,49.2238]]]}},{"type":"Feature","properties":{"col":32,"row":24,"p":1.6e-05},"geometry":{"type":"Polygon","coordinates":[[[20.049,49.2265],[20.050375,49.2265],[20.050375,49.2274],[20.049,49.2274],[20.049,49.2265]]]}},{"type":"Feature","properties":{"col":30,"row":49,"p":1.6e-05},"geometry":{"type":"Polygon","coordinates":[[[20.04625,49.204],[20.047625,49.204],[20.047625,49.2049],[20.04625,49.2049],[20.04625,49.204]]]}},{"type":"Feature","properties":{"col":4,"row":11,"p":1.6e-05},"geometry":{"type":"Polygon","coordinates":[[[20.0105,49.2382],[20.011875,49.2382],[20.011875,49.2391],[20.0105,49.2391],[20.0105,49.2382]]]}},{"type":"Feature","properties":{"col":7,"row":26,"p":1.6e-05},"geometry":{"type":"Polygon","coordinates":[[[20.014625,49.2247],[20.016,49.2247],[20.016,49.2256],[20.014625,49.2256],[20.014625,49.2247]]]}},{"type":"Feature","properties":{"col":50,"row":13,"p":1.6e-05},"geometry":{"type":"Polygon","coordinates":[[[20.07375,49.2364],[20.075125,49.2364],[20.075125,49.2373],[20.07375,49.2373],[20.07375,49.2364]]]}},{"type":"Feature","properties":{"col":40,"row":19,"p":1.6e-05},"geometry":{"type":"Polygon","coordinates":[[[20.06,49.231],[20.061375,49.231],[20.061375,49.2319],[20.06,49.2319],[20.06,49.231]]]}},{"type":"Feature","properties":{"col":12,"row":41,"p":1.6e-05},"geometry":{"type":"Polygon","coordinates":[[[20.0215,49.2112],[20.022875,49.2112],[20.022875,49.2121],[20.0215,49.2121],[20.0215,49.2112]]]}},{"type":"Feature","properties":{"col":52,"row":18,"p":1.6e-05},"geometry":{"type":"Polygon","coordinates":[[[20.0765,49.2319],[20.077875,49.2319],[20.077875,49.2328],[20.0765,49.2328],[20.0765,49.2319]]]}},{"type":"Feature","properties":{"col":36,"row":20,"p":1.6e-05},"geometry":{"type":"Polygon","coordinates":[[[20.0545,49.2301],[20.055875,49.2301],[20.055875,49.231],[20.0545,49.231],[20.0545,49.2301]]]}},{"type":"Feature","properties":{"col":39,"row":37,"p":1.6e-05},"geometry":{"type":"Polygon","coordinates":[[[20.058625,49.2148],[20.06,49.2148],[20.06,49.2157],[20.058625,49.2157],[20.058625,49.2148]]]}},{"type":"Feature","properties":{"col":26,"row":55,"p":1.6e-05},"geometry":{"type":"Polygon","coordinates":[[[20.04075,49.1986],[20.042125,49.1986],[20.042125,49.1995],[20.04075,49.1995],[20.04075,49.1986]]]}},{"type":"Feature","properties":{"col":16,"row":40,"p":1.6e-05},"geometry":{"type":"Polygon","coordinates":[[[20.027,49.2121],[20.028375,49.2121],[20.028375,49.213],[20.027,49.213],[20.027,49.2121]]]}},{"type":"Feature","properties":{"col":41,"row":57,"p":1.6e-05},"geometry":{"type":"Polygon","coordinates":[[[20.061375,49.1968],[20.06275,49.1968],[20.06275,49.1977],[20.061375,49.1977],[20.061375,49.1968]]]}},{"type":"Feature","properties":{"col":36,"row":45,"p":1.6e-05},"geometry":{"type":"Polygon","coordinates":[[[20.0545,49.2076],[20.055875,49.2076],[20.055875,49.2085],[20.0545,49.2085],[20.0545,49.2076]]]}},{"type":"Feature","properties":{"col":17,"row":46,"p":1.6e-05},"geometry":{"type":"Polygon","coordinates":[[[20.028375,49.2067],[20.02975,49.2067],[20.02975,49.2076],[20.028375,49.2076],[20.028375,49.2067]]]}},{"type":"Feature","properties":{"col":41,"row":10,"p":1.6e-05},"geometry":{"type":"Polygon","coordinates":[[[20.061375,49.2391],[20.06275,49.2391],[20.06275,49.24],[20.061375,49.24],[20.061375,49.2391]]]}},{"type":"Feature","properties":{"col":52,"row":19,"p":1.6e-05},"geometry":{"type":"Polygon","coordinates":[[[20.0765,49.231],[20.077875,49.231],[20.077875,49.2319],[20.0765,49.2319],[20.0765,49.231]]]}},{"type":"Feature","properties":{"col":6,"row":22,"p":1.6e-05},"geometry":{"type":"Polygon","coordinates":[[[20.01325,49.2283],[20.014625,49.2283],[20.014625,49.2292],[20.01325,49.2292],[20.01325,49.2283]]]}},{"type":"Feature","properties":{"col":31,"row":42,"p":1.6e-05},"geometry":{"type":"Polygon","coordinates":[[[20.047625,49.2103],[20.049,49.2103],[20.049,49.2112],[20.047625,49.2112],[20.047625,49.2103]]]}},{"type":"Feature","properties":{"col":32,"row":53,"p":1.6e-05},"geometry":{"type":"Polygon","coordinates":[[[20.049,49.2004],[20.050375,49.2004],[20.050375,49.2013],[20.049,49.2013],[20.049,49.2004]]]}},{"type":"Feature","properties":{"col":14,"row":39,"p":1.6e-05},"geometry":{"type":"Polygon","coordinates":[[[20.02425,49.213],[20.025625,49.213],[20.025625,49.2139],[20.02425,49.2139],[20.02425,49.213]]]}},{"type":"Feature","properties":{"col":57,"row":31,"p":1.6e-05},"geometry":{"type":"Polygon","coordinates":[[[20.083375,49.2202],[20.08475,49.2202],[20.08475,49.2211],[20.083375,49.2211],[20.083375,49.2202]]]}},{"type":"Feature","properties":{"col":54,"row":11,"p":1.5e-05},"geometry":{"type":"Polygon","coordinates":[[[20.07925,49.2382],[20.080625,49.2382],[20.080625,49.2391],[20.07925,49.2391],[20.07925,49.2382]]]}},{"type":"Feature","properties":{"col":47,"row":35,"p":1.5e-05},"geometry":{"type":"Polygon","coordinates":[[[20.069625,49.2166],[20.071,49.2166],[20.071,49.2175],[20.069625,49.2175],[20.069625,49.2166]]]}},{"type":"Feature","properties":{"col":59,"row":12,"p":1.5e-05},"geometry":{"type":"Polygon","coordinates":[[[20.086125,49.2373],[20.0875,49.2373],[20.0875,49.2382],[20.086125,49.2382],[20.086125,49.2373]]]}},{"type":"Feature","properties":{"col":58,"row":11,"p":1.5e-05},"geometry":{"type":"Polygon","coordinates":[[[20.08475,49.2382],[20.086125,49.2382],[20.086125,49.2391],[20.08475,49.2391],[20.08475,49.2382]]]}},{"type":"Feature","properties":{"col":37,"row":17,"p":1.5e-05},"geometry":{"type":"Polygon","coordinates":[[[20.055875,49.2328],[20.05725,49.2328],[20.05725,49.2337],[20.055875,49.2337],[20.055875,49.2328]]]}},{"type":"Feature","properties":{"col":27,"row":31,"p":1.5e-05},"geometry":{"type":"Polygon","coordinates":[[[20.042125,49.2202],[20.0435,49.2202],[20.0435,49.2211],[20.042125,49.2211],[20.042125,49.2202]]]}},{"type":"Feature","properties":{"col":27,"row":28,"p":1.5e-05},"geometry":{"type":"Polygon","coordinates":[[[20.042125,49.2229],[20.0435,49.2229],[20.0435,49.2238],[20.042125,49.2238],[20.042125,49.2229]]]}},{"type":"Feature","properties":{"col":22,"row":22,"p":1.5e-05},"geometry":{"type":"Polygon","coordinates":[[[20.03525,49.2283],[20.036625,49.2283],[20.036625,49.2292],[20.03525,49.2292],[20.03525,49.2283]]]}},{"type":"Feature","properties":{"col":20,"row":31,"p":1.5e-05},"geometry":{"type":"Polygon","coordinates":[[[20.0325,49.2202],[20.033875,49.2202],[20.033875,49.2211],[20.0325,49.2211],[20.0325,49.2202]]]}},{"type":"Feature","properties":{"col":52,"row":17,"p":1.5e-05},"geometry":{"type":"Polygon","coordinates":[[[20.0765,49.2328],[20.077875,49.2328],[20.077875,49.2337],[20.0765,49.2337],[20.0765,49.2328]]]}},{"type":"Feature","properties":{"col":0,"row":27,"p":1.5e-05},"geometry":{"type":"Polygon","coordinates":[[[20.005,49.2238],[20.006375,49.2238],[20.006375,49.2247],[20.005,49.2247],[20.005,49.2238]]]}},{"type":"Feature","properties":{"col":53,"row":13,"p":1.5e-05},"geometry":{"type":"Polygon","coordinates":[[[20.077875,49.2364],[20.07925,49.2364],[20.07925,49.2373],[20.077875,49.2373],[20.077875,49.2364]]]}},{"type":"Feature","properties":{"col":17,"row":1,"p":1.5e-05},"geometry":{"type":"Polygon","coordinates":[[[20.028375,49.2472],[20.02975,49.2472],[20.02975,49.2481],[20.028375,49.2481],[20.028375,49.2472]]]}},{"type":"Feature","properties":{"col":56,"row":8,"p":1.5e-05},"geometry":{"type":"Polygon","coordinates":[[[20.082,49.2409],[20.083375,49.2409],[20.083375,49.2418],[20.082,49.2418],[20.082,49.2409]]]}},{"type":"Feature","properties":{"col":16,"row":3,"p":1.5e-05},"geometry":{"type":"Polygon","coordinates":[[[20.027,49.2454],[20.028375,49.2454],[20.028375,49.2463],[20.027,49.2463],[20.027,49.2454]]]}},{"type":"Feature","properties":{"col":12,"row":25,"p":1.5e-05},"geometry":{"type":"Polygon","coordinates":[[[20.0215,49.2256],[20.022875,49.2256],[20.022875,49.2265],[20.0215,49.2265],[20.0215,49.2256]]]}},{"type":"Feature","properties":{"col":52,"row":11,"p":1.5e-05},"geometry":{"type":"Polygon","coordinates":[[[20.0765,49.2382],[20.077875,49.2382],[20.077875,49.2391],[20.0765,49.2391],[20.0765,49.2382]]]}},{"type":"Feature","properties":{"col":33,"row":57,"p":1.5e-05},"geometry":{"type":"Polygon","coordinates":[[[20.050375,49.1968],[20.05175,49.1968],[20.05175,49.1977],[20.050375,49.1977],[20.050375,49.1968]]]}},{"type":"Feature","properties":{"col":50,"row":11,"p":1.5e-05},"geometry":{"type":"Polygon","coordinates":[[[20.07375,49.2382],[20.075125,49.2382],[20.075125,49.2391],[20.07375,49.2391],[20.07375,49.2382]]]}},{"type":"Feature","properties":{"col":58,"row":17,"p":1.5e-05},"geometry":{"type":"Polygon","coordinates":[[[20.08475,49.2328],[20.086125,49.2328],[20.086125,49.2337],[20.08475,49.2337],[20.08475,49.2328]]]}},{"type":"Feature","properties":{"col":43,"row":58,"p":1.5e-05},"geometry":{"type":"Polygon","coordinates":[[[20.064125,49.1959],[20.0655,49.1959],[20.0655,49.1968],[20.064125,49.1968],[20.064125,49.1959]]]}},{"type":"Feature","properties":{"col":33,"row":2,"p":1.5e-05},"geometry":{"type":"Polygon","coordinates":[[[20.050375,49.2463],[20.05175,49.2463],[20.05175,49.2472],[20.050375,49.2472],[20.050375,49.2463]]]}},{"type":"Feature","properties":{"col":42,"row":43,"p":1.5e-05},"geometry":{"type":"Polygon","coordinates":[[[20.06275,49.2094],[20.064125,49.2094],[20.064125,49.2103],[20.06275,49.2103],[20.06275,49.2094]]]}},{"type":"Feature","properties":{"col":30,"row":29,"p":1.5e-05},"geometry":{"type":"Polygon","coordinates":[[[20.04625,49.222],[20.047625,49.222],[20.047625,49.2229],[20.04625,49.2229],[20.04625,49.222]]]}},{"type":"Feature","properties":{"col":58,"row":15,"p":1.5e-05},"geometry":{"type":"Polygon","coordinates":[[[20.08475,49.2346],[20.086125,49.2346],[20.086125,49.2355],[20.08475,49.2355],[20.08475,49.2346]]]}},{"type":"Feature","properties":{"col":2,"row":43,"p":1.5e-05},"geometry":{"type":"Polygon","coordinates":[[[20.00775,49.2094],[20.009125,49.2094],[20.009125,49.2103],[20.00775,49.2103],[20.00775,49.2094]]]}},{"type":"Feature","properties":{"col":44,"row":39,"p":1.5e-05},"geometry":{"type":"Polygon","coordinates":[[[20.0655,49.213],[20.066875,49.213],[20.066875,49.2139],[20.0655,49.2139],[20.0655,49.213]]]}},{"type":"Feature","properties":{"col":43,"row":42,"p":1.5e-05},"geometry":{"type":"Polygon","coordinates":[[[20.064125,49.2103],[20.0655,49.2103],[20.0655,49.2112],[20.064125,49.2112],[20.064125,49.2103]]]}},{"type":"Feature","properties":{"col":2,"row":48,"p":1.4e-05},"geometry":{"type":"Polygon","coordinates":[[[20.00775,49.2049],[20.009125,49.2049],[20.009125,49.2058],[20.00775,49.2058],[20.00775,49.2049]]]}},{"type":"Feature","properties":{"col":50,"row":7,"p":1.4e-05},"geometry":{"type":"Polygon","coordinates":[[[20.07375,49.2418],[20.075125,49.2418],[20.075125,49.2427],[20.07375,49.2427],[20.07375,49.2418]]]}},{"type":"Feature","properties":{"col":43,"row":41,"p":1.4e-05},"geometry":{"type":"Polygon","coordinates":[[[20.064125,49.2112],[20.0655,49.2112],[20.0655,49.2121],[20.064125,49.2121],[20.064125,49.2112]]]}},{"type":"Feature","properties":{"col":9,"row":50,"p":1.4e-05},"geometry":{"type":"Polygon","coordinates":[[[20.017375,49.2031],[20.01875,49.2031],[20.01875,49.204],[20.017375,49.204],[20.017375,49.2031]]]}},{"type":"Feature","properties":{"col":23,"row":50,"p":1.4e-05},"geometry":{"type":"Polygon","coordinates":[[[20.036625,49.2031],[20.038,49.2031],[20.038,49.204],[20.036625,49.204],[20.036625,49.2031]]]}},{"type":"Feature","properties":{"col":19,"row":17,"p":1.4e-05},"geometry":{"type":"Polygon","coordinates":[[[20.031125,49.2328],[20.0325,49.2328],[20.0325,49.2337],[20.031125,49.2337],[20.031125,49.2328]]]}},{"type":"Feature","properties":{"col":44,"row":41,"p":1.4e-05},"geometry":{"type":"Polygon","coordinates":[[[20.0655,49.2112],[20.066875,49.2112],[20.066875,49.2121],[20.0655,49.2121],[20.0655,49.2112]]]}},{"type":"Feature","properties":{"col":6,"row":17,"p":1.4e-05},"geometry":{"type":"Polygon","coordinates":[[[20.01325,49.2328],[20.014625,49.2328],[20.014625,49.2337],[20.01325,49.2337],[20.01325,49.2328]]]}},{"type":"Feature","properties":{"col":6,"row":0,"p":1.4e-05},"geometry":{"type":"Polygon","coordinates":[[[20.01325,49.2481],[20.014625,49.2481],[20.014625,49.249],[20.01325,49.249],[20.01325,49.2481]]]}},{"type":"Feature","properties":{"col":57,"row":53,"p":1.4e-05},"geometry":{"type":"Polygon","coordinates":[[[20.083375,49.2004],[20.08475,49.2004],[20.08475,49.2013],[20.083375,49.2013],[20.083375,49.2004]]]}},{"type":"Feature","properties":{"col":35,"row":51,"p":1.4e-05},"geometry":{"type":"Polygon","coordinates":[[[20.053125,49.2022],[20.0545,49.2022],[20.0545,49.2031],[20.053125,49.2031],[20.053125,49.2022]]]}},{"type":"Feature","properties":{"col":21,"row":8,"p":1.4e-05},"geometry":{"type":"Polygon","coordinates":[[[20.033875,49.2409],[20.03525,49.2409],[20.03525,49.2418],[20.033875,49.2418],[20.033875,49.2409]]]}},{"type":"Feature","properties":{"col":45,"row":45,"p":1.4e-05},"geometry":{"type":"Polygon","coordinates":[[[20.066875,49.2076],[20.06825,49.2076],[20.06825,49.2085],[20.066875,49.2085],[20.066875,49.2076]]]}},{"type":"Feature","properties":{"col":44,"row":55,"p":1.4e-05},"geometry":{"type":"Polygon","coordinates":[[[20.0655,49.1986],[20.066875,49.1986],[20.066875,49.1995],[20.0655,49.1995],[20.0655,49.1986]]]}},{"type":"Feature","properties":{"col":35,"row":45,"p":1.4e-05},"geometry":{"type":"Polygon","coordinates":[[[20.053125,49.2076],[20.0545,49.2076],[20.0545,49.2085],[20.053125,49.2085],[20.053125,49.2076]]]}},{"type":"Feature","properties":{"col":26,"row":4,"p":1.4e-05},"geometry":{"type":"Polygon","coordinates":[[[20.04075,49.2445],[20.042125,49.2445],[20.042125,49.2454],[20.04075,49.2454],[20.04075,49.2445]]]}},{"type":"Feature","properties":{"col":24,"row":37,"p":1.4e-05},"geometry":{"type":"Polygon","coordinates":[[[20.038,49.2148],[20.039375,49.2148],[20.039375,49.2157],[20.038,49.2157],[20.038,49.2148]]]}},{"type":"Feature","properties":{"col":25,"row":27,"p":1.4e-05},"geometry":{"type":"Polygon","coordinates":[[[20.039375,49.2238],[20.04075,49.2238],[20.04075,49.2247],[20.039375,49.2247],[20.039375,49.2238]]]}},{"type":"Feature","properties":{"col":28,"row":21,"p":1.4e-05},"geometry":{"type":"Polygon","coordinates":[[[20.0435,49.2292],[20.044875,49.2292],[20.044875,49.2301],[20.0435,49.2301],[20.0435,49.2292]]]}},{"type":"Feature","properties":{"col":58,"row":5,"p":1.4e-05},"geometry":{"type":"Polygon","coordinates":[[[20.08475,49.2436],[20.086125,49.2436],[20.086125,49.2445],[20.08475,49.2445],[20.08475,49.2436]]]}},{"type":"Feature","properties":{"col":39,"row":20,"p":1.4e-05},"geometry":{"type":"Polygon","coordinates":[[[20.058625,49.2301],[20.06,49.2301],[20.06,49.231],[20.058625,49.231],[20.058625,49.2301]]]}},{"type":"Feature","properties":{"col":32,"row":43,"p":1.4e-05},"geometry":{"type":"Polygon","coordinates":[[[20.049,49.2094],[20.050375,49.2094],[20.050375,49.2103],[20.049,49.2103],[20.049,49.2094]]]}},{"type":"Feature","properties":{"col":41,"row":45,"p":1.4e-05},"geometry":{"type":"Polygon","coordinates":[[[20.061375,49.2076],[20.06275,49.2076],[20.06275,49.2085],[20.061375,49.2085],[20.061375,49.2076]]]}},{"type":"Feature","properties":{"col":4,"row":1,"p":1.4e-05},"geometry":{"type":"Polygon","coordinates":[[[20.0105,49.2472],[20.011875,49.2472],[20.011875,49.2481],[20.0105,49.2481],[20.0105,49.2472]]]}},{"type":"Feature","properties":{"col":33,"row":33,"p":1.3e-05},"geometry":{"type":"Polygon","coordinates":[[[20.050375,49.2184],[20.05175,49.2184],[20.05175,49.2193],[20.050375,49.2193],[20.050375,49.2184]]]}},{"type":"Feature","properties":{"col":42,"row":44,"p":1.3e-05},"geometry":{"type":"Polygon","coordinates":[[[20.06275,49.2085],[20.064125,49.2085],[20.064125,49.2094],[20.06275,49.2094],[20.06275,49.2085]]]}},{"type":"Feature","properties":{"col":39,"row":25,"p":1.3e-05},"geometry":{"type":"Polygon","coordinates":[[[20.058625,49.2256],[20.06,49.2256],[20.06,49.2265],[20.058625,49.2265],[20.058625,49.2256]]]}},{"type":"Feature","properties":{"col":42,"row":47,"p":1.3e-05},"geometry":{"type":"Polygon","coordinates":[[[20.06275,49.2058],[20.064125,49.2058],[20.064125,49.2067],[20.06275,49.2067],[20.06275,49.2058]]]}},{"type":"Feature","properties":{"col":55,"row":17,"p":1.3e-05},"geometry":{"type":"Polygon","coordinates":[[[20.080625,49.2328],[20.082,49.2328],[20.082,49.2337],[20.080625,49.2337],[20.080625,49.2328]]]}},{"type":"Feature","properties":{"col":26,"row":56,"p":1.3e-05},"geometry":{"type":"Polygon","coordinates":[[[20.04075,49.1977],[20.042125,49.1977],[20.042125,49.1986],[20.04075,49.1986],[20.04075,49.1977]]]}},{"type":"Feature","properties":{"col":56,"row":0,"p":1.3e-05},"geometry":{"type":"Polygon","coordinates":[[[20.082,49.2481],[20.083375,49.2481],[20.083375,49.249],[20.082,49.249],[20.082,49.2481]]]}},{"type":"Feature","properties":{"col":41,"row":26,"p":1.3e-05},"geometry":{"type":"Polygon","coordinates":[[[20.061375,49.2247],[20.06275,49.2247],[20.06275,49.2256],[20.061375,49.2256],[20.061375,49.2247]]]}},{"type":"Feature","properties":{"col":21,"row":5,"p":1.3e-05},"geometry":{"type":"Polygon","coordinates":[[[20.033875,49.2436],[20.03525,49.2436],[20.03525,49.2445],[20.033875,49.2445],[20.033875,49.2436]]]}},{"type":"Feature","properties":{"col":0,"row":38,"p":1.3e-05},"geometry":{"type":"Polygon","coordinates":[[[20.005,49.2139],[20.006375,49.2139],[20.006375,49.2148],[20.005,49.2148],[20.005,49.2139]]]}},{"type":"Feature","properties":{"col":40,"row":35,"p":1.3e-05},"geometry":{"type":"Polygon","coordinates":[[[20.06,49.2166],[20.061375,49.2166],[20.061375,49.2175],[20.06,49.2175],[20.06,49.2166]]]}},{"type":"Feature","properties":{"col":41,"row":41,"p":1.3e-05},"geometry":{"type":"Polygon","coordinates":[[[20.061375,49.2112],[20.06275,49.2112],[20.06275,49.2121],[20.061375,49.2121],[20.061375,49.2112]]]}},{"type":"Feature","properties":{"col":21,"row":47,"p":1.3e-05},"geometry":{"type":"Polygon","coordinates":[[[20.033875,49.2058],[20.03525,49.2058],[20.03525,49.2067],[20.033875,49.2067],[20.033875,49.2058]]]}},{"type":"Feature","properties":{"col":55,"row":8,"p":1.3e-05},"geometry":{"type":"Polygon","coordinates":[[[20.080625,49.2409],[20.082,49.2409],[20.082,49.2418],[20.080625,49.2418],[20.080625,49.2409]]]}},{"type":"Feature","properties":{"col":23,"row":56,"p":1.3e-05},"geometry":{"type":"Polygon","coordinates":[[[20.036625,49.1977],[20.038,49.1977],[20.038,49.1986],[20.036625,49.1986],[20.036625,49.1977]]]}},{"type":"Feature","properties":{"col":10,"row":50,"p":1.3e-05},"geometry":{"type":"Polygon","coordinates":[[[20.01875,49.2031],[20.020125,49.2031],[20.020125,49.204],[20.01875,49.204],[20.01875,49.2031]]]}},{"type":"Feature","properties":{"col":18,"row":16,"p":1.3e-05},"geometry":{"type":"Polygon","coordinates":[[[20.02975,49.2337],[20.031125,49.2337],[20.031125,49.2346],[20.02975,49.2346],[20.02975,49.2337]]]}},{"type":"Feature","properties":{"col":2,"row":10,"p":1.3e-05},"geometry":{"type":"Polygon","coordinates":[[[20.00775,49.2391],[20.009125,49.2391],[20.009125,49.24],[20.00775,49.24],[20.00775,49.2391]]]}},{"type":"Feature","properties":{"col":39,"row":6,"p":1.3e-05},"geometry":{"type":"Polygon","coordinates":[[[20.058625,49.2427],[20.06,49.2427],[20.06,49.2436],[20.058625,49.2436],[20.058625,49.2427]]]}},{"type":"Feature","properties":{"col":43,"row":43,"p":1.3e-05},"geometry":{"type":"Polygon","coordinates":[[[20.064125,49.2094],[20.0655,49.2094],[20.0655,49.2103],[20.064125,49.2103],[20.064125,49.2094]]]}},{"type":"Feature","properties":{"col":43,"row":44,"p":1.3e-05},"geometry":{"type":"Polygon","coordinates":[[[20.064125,49.2085],[20.0655,49.2085],[20.0655,49.2094],[20.064125,49.2094],[20.064125,49.2085]]]}},{"type":"Feature","properties":{"col":55,"row":0,"p":1.3e-05},"geometry":{"type":"Polygon","coordinates":[[[20.080625,49.2481],[20.082,49.2481],[20.082,49.249],[20.080625,49.249],[20.080625,49.2481]]]}},{"type":"Feature","properties":{"col":6,"row":47,"p":1.3e-05},"geometry":{"type":"Polygon","coordinates":[[[20.01325,49.2058],[20.014625,49.2058],[20.014625,49.2067],[20.01325,49.2067],[20.01325,49.2058]]]}},{"type":"Feature","properties":{"col":45,"row":44,"p":1.3e-05},"geometry":{"type":"Polygon","coordinates":[[[20.066875,49.2085],[20.06825,49.2085],[20.06825,49.2094],[20.066875,49.2094],[20.066875,49.2085]]]}},{"type":"Feature","properties":{"col":17,"row":18,"p":1.3e-05},"geometry":{"type":"Polygon","coordinates":[[[20.028375,49.2319],[20.02975,49.2319],[20.02975,49.2328],[20.028375,49.2328],[20.028375,49.2319]]]}},{"type":"Feature","properties":{"col":32,"row":3,"p":1.3e-05},"geometry":{"type":"Polygon","coordinates":[[[20.049,49.2454],[20.050375,49.2454],[20.050375,49.2463],[20.049,49.2463],[20.049,49.2454]]]}},{"type":"Feature","properties":{"col":34,"row":32,"p":1.3e-05},"geometry":{"type":"Polygon","coordinates":[[[20.05175,49.2193],[20.053125,49.2193],[20.053125,49.2202],[20.05175,49.2202],[20.05175,49.2193]]]}},{"type":"Feature","properties":{"col":6,"row":51,"p":1.3e-05},"geometry":{"type":"Polygon","coordinates":[[[20.01325,49.2022],[20.014625,49.2022],[20.014625,49.2031],[20.01325,49.2031],[20.01325,49.2022]]]}},{"type":"Feature","properties":{"col":29,"row":55,"p":1.3e-05},"geometry":{"type":"Polygon","coordinates":[[[20.044875,49.1986],[20.04625,49.1986],[20.04625,49.1995],[20.044875,49.1995],[20.044875,49.1986]]]}},{"type":"Feature","properties":{"col":56,"row":7,"p":1.3e-05},"geometry":{"type":"Polygon","coordinates":[[[20.082,49.2418],[20.083375,49.2418],[20.083375,49.2427],[20.082,49.2427],[20.082,49.2418]]]}},{"type":"Feature","properties":{"col":17,"row":14,"p":1.3e-05},"geometry":{"type":"Polygon","coordinates":[[[20.028375,49.2355],[20.02975,49.2355],[20.02975,49.2364],[20.028375,49.2364],[20.028375,49.2355]]]}},{"type":"Feature","properties":{"col":58,"row":28,"p":1.3e-05},"geometry":{"type":"Polygon","coordinates":[[[20.08475,49.2229],[20.086125,49.2229],[20.086125,49.2238],[20.08475,49.2238],[20.08475,49.2229]]]}},{"type":"Feature","properties":{"col":10,"row":49,"p":1.3e-05},"geometry":{"type":"Polygon","coordinates":[[[20.01875,49.204],[20.020125,49.204],[20.020125,49.2049],[20.01875,49.2049],[20.01875,49.204]]]}},{"type":"Feature","properties":{"col":1,"row":50,"p":1.3e-05},"geometry":{"type":"Polygon","coordinates":[[[20.006375,49.2031],[20.00775,49.2031],[20.00775,49.204],[20.006375,49.204],[20.006375,49.2031]]]}},{"type":"Feature","properties":{"col":57,"row":27,"p":1.3e-05},"geometry":{"type":"Polygon","coordinates":[[[20.083375,49.2238],[20.08475,49.2238],[20.08475,49.2247],[20.083375,49.2247],[20.083375,49.2238]]]}},{"type":"Feature","properties":{"col":51,"row":12,"p":1.3e-05},"geometry":{"type":"Polygon","coordinates":[[[20.075125,49.2373],[20.0765,49.2373],[20.0765,49.2382],[20.075125,49.2382],[20.075125,49.2373]]]}},{"type":"Feature","properties":{"col":18,"row":40,"p":1.3e-05},"geometry":{"type":"Polygon","coordinates":[[[20.02975,49.2121],[20.031125,49.2121],[20.031125,49.213],[20.02975,49.213],[20.02975,49.2121]]]}},{"type":"Feature","properties":{"col":50,"row":35,"p":1.2e-05},"geometry":{"type":"Polygon","coordinates":[[[20.07375,49.2166],[20.075125,49.2166],[20.075125,49.2175],[20.07375,49.2175],[20.07375,49.2166]]]}},{"type":"Feature","properties":{"col":12,"row":39,"p":1.2e-05},"geometry":{"type":"Polygon","coordinates":[[[20.0215,49.213],[20.022875,49.213],[20.022875,49.2139],[20.0215,49.2139],[20.0215,49.213]]]}},{"type":"Feature","properties":{"col":50,"row":12,"p":1.2e-05},"geometry":{"type":"Polygon","coordinates":[[[20.07375,49.2373],[20.075125,49.2373],[20.075125,49.2382],[20.07375,49.2382],[20.07375,49.2373]]]}},{"type":"Feature","properties":{"col":6,"row":28,"p":1.2e-05},"geometry":{"type":"Polygon","coordinates":[[[20.01325,49.2229],[20.014625,49.2229],[20.014625,49.2238],[20.01325,49.2238],[20.01325,49.2229]]]}},{"type":"Feature","properties":{"col":25,"row":29,"p":1.2e-05},"geometry":{"type":"Polygon","coordinates":[[[20.039375,49.222],[20.04075,49.222],[20.04075,49.2229],[20.039375,49.2229],[20.039375,49.222]]]}},{"type":"Feature","properties":{"col":35,"row":19,"p":1.2e-05},"geometry":{"type":"Polygon","coordinates":[[[20.053125,49.231],[20.0545,49.231],[20.0545,49.2319],[20.053125,49.2319],[20.053125,49.231]]]}},{"type":"Feature","properties":{"col":49,"row":12,"p":1.2e-05},"geometry":{"type":"Polygon","coordinates":[[[20.072375,49.2373],[20.07375,49.2373],[20.07375,49.2382],[20.072375,49.2382],[20.072375,49.2373]]]}},{"type":"Feature","properties":{"col":30,"row":21,"p":1.2e-05},"geometry":{"type":"Polygon","coordinates":[[[20.04625,49.2292],[20.047625,49.2292],[20.047625,49.2301],[20.04625,49.2301],[20.04625,49.2292]]]}},{"type":"Feature","properties":{"col":4,"row":35,"p":1.2e-05},"geometry":{"type":"Polygon","coordinates":[[[20.0105,49.2166],[20.011875,49.2166],[20.011875,49.2175],[20.0105,49.2175],[20.0105,49.2166]]]}},{"type":"Feature","properties":{"col":6,"row":56,"p":1.2e-05},"geometry":{"type":"Polygon","coordinates":[[[20.01325,49.1977],[20.014625,49.1977],[20.014625,49.1986],[20.01325,49.1986],[20.01325,49.1977]]]}},{"type":"Feature","properties":{"col":37,"row":44,"p":1.2e-05},"geometry":{"type":"Polygon","coordinates":[[[20.055875,49.2085],[20.05725,49.2085],[20.05725,49.2094],[20.055875,49.2094],[20.055875,49.2085]]]}},{"type":"Feature","properties":{"col":36,"row":44,"p":1.2e-05},"geometry":{"type":"Polygon","coordinates":[[[20.0545,49.2085],[20.055875,49.2085],[20.055875,49.2094],[20.0545,49.2094],[20.0545,49.2085]]]}},{"type":"Feature","properties":{"col":14,"row":22,"p":1.2e-05},"geometry":{"type":"Polygon","coordinates":[[[20.02425,49.2283],[20.025625,49.2283],[20.025625,49.2292],[20.02425,49.2292],[20.02425,49.2283]]]}},{"type":"Feature","properties":{"col":44,"row":40,"p":1.2e-05},"geometry":{"type":"Polygon","coordinates":[[[20.0655,49.2121],[20.066875,49.2121],[20.066875,49.213],[20.0655,49.213],[20.0655,49.2121]]]}},{"type":"Feature","properties":{"col":2,"row":38,"p":1.2e-05},"geometry":{"type":"Polygon","coordinates":[[[20.00775,49.2139],[20.009125,49.2139],[20.009125,49.2148],[20.00775,49.2148],[20.00775,49.2139]]]}},{"type":"Feature","properties":{"col":41,"row":48,"p":1.2e-05},"geometry":{"type":"Polygon","coordinates":[[[20.061375,49.2049],[20.06275,49.2049],[20.06275,49.2058],[20.061375,49.2058],[20.061375,49.2049]]]}},{"type":"Feature","properties":{"col":45,"row":14,"p":1.2e-05},"geometry":{"type":"Polygon","coordinates":[[[20.066875,49.2355],[20.06825,49.2355],[20.06825,49.2364],[20.066875,49.2364],[20.066875,49.2355]]]}},{"type":"Feature","properties":{"col":6,"row":5,"p":1.2e-05},"geometry":{"type":"Polygon","coordinates":[[[20.01325,49.2436],[20.014625,49.2436],[20.014625,49.2445],[20.01325,49.2445],[20.01325,49.2436]]]}},{"type":"Feature","properties":{"col":7,"row":28,"p":1.2e-05},"geometry":{"type":"Polygon","coordinates":[[[20.014625,49.2229],[20.016,49.2229],[20.016,49.2238],[20.014625,49.2238],[20.014625,49.2229]]]}},{"type":"Feature","properties":{"col":39,"row":18,"p":1.2e-05},"geometry":{"type":"Polygon","coordinates":[[[20.058625,49.2319],[20.06,49.2319],[20.06,49.2328],[20.058625,49.2328],[20.058625,49.2319]]]}},{"type":"Feature","properties":{"col":7,"row":56,"p":1.2e-05},"geometry":{"type":"Polygon","coordinates":[[[20.014625,49.1977],[20.016,49.1977],[20.016,49.1986],[20.014625,49.1986],[20.014625,49.1977]]]}},{"type":"Feature","properties":{"col":24,"row":38,"p":1.2e-05},"geometry":{"type":"Polygon","coordinates":[[[20.038,49.2139],[20.039375,49.2139],[20.039375,49.2148],[20.038,49.2148],[20.038,49.2139]]]}},{"type":"Feature","properties":{"col":44,"row":42,"p":1.2e-05},"geometry":{"type":"Polygon","coordinates":[[[20.0655,49.2103],[20.066875,49.2103],[20.066875,49.2112],[20.0655,49.2112],[20.0655,49.2103]]]}},{"type":"Feature","properties":{"col":1,"row":10,"p":1.2e-05},"geometry":{"type":"Polygon","coordinates":[[[20.006375,49.2391],[20.00775,49.2391],[20.00775,49.24],[20.006375,49.24],[20.006375,49.2391]]]}},{"type":"Feature","properties":{"col":53,"row":12,"p":1.2e-05},"geometry":{"type":"Polygon","coordinates":[[[20.077875,49.2373],[20.07925,49.2373],[20.07925,49.2382],[20.077875,49.2382],[20.077875,49.2373]]]}},{"type":"Feature","properties":{"col":59,"row":34,"p":1.2e-05},"geometry":{"type":"Polygon","coordinates":[[[20.086125,49.2175],[20.0875,49.2175],[20.0875,49.2184],[20.086125,49.2184],[20.086125,49.2175]]]}},{"type":"Feature","properties":{"col":21,"row":4,"p":1.2e-05},"geometry":{"type":"Polygon","coordinates":[[[20.033875,49.2445],[20.03525,49.2445],[20.03525,49.2454],[20.033875,49.2454],[20.033875,49.2445]]]}},{"type":"Feature","properties":{"col":19,"row":16,"p":1.2e-05},"geometry":{"type":"Polygon","coordinates":[[[20.031125,49.2337],[20.0325,49.2337],[20.0325,49.2346],[20.031125,49.2346],[20.031125,49.2337]]]}},{"type":"Feature","properties":{"col":41,"row":43,"p":1.2e-05},"geometry":{"type":"Polygon","coordinates":[[[20.061375,49.2094],[20.06275,49.2094],[20.06275,49.2103],[20.061375,49.2103],[20.061375,49.2094]]]}},{"type":"Feature","properties":{"col":6,"row":33,"p":1.2e-05},"geometry":{"type":"Polygon","coordinates":[[[20.01325,49.2184],[20.014625,49.2184],[20.014625,49.2193],[20.01325,49.2193],[20.01325,49.2184]]]}},{"type":"Feature","properties":{"col":51,"row":17,"p":1.2e-05},"geometry":{"type":"Polygon","coordinates":[[[20.075125,49.2328],[20.0765,49.2328],[20.0765,49.2337],[20.075125,49.2337],[20.075125,49.2328]]]}},{"type":"Feature","properties":{"col":57,"row":11,"p":1.2e-05},"geometry":{"type":"Polygon","coordinates":[[[20.083375,49.2382],[20.08475,49.2382],[20.08475,49.2391],[20.083375,49.2391],[20.083375,49.2382]]]}},{"type":"Feature","properties":{"col":37,"row":18,"p":1.1e-05},"geometry":{"type":"Polygon","coordinates":[[[20.055875,49.2319],[20.05725,49.2319],[20.05725,49.2328],[20.055875,49.2328],[20.055875,49.2319]]]}},{"type":"Feature","properties":{"col":30,"row":55,"p":1.1e-05},"geometry":{"type":"Polygon","coordinates":[[[20.04625,49.1986],[20.047625,49.1986],[20.047625,49.1995],[20.04625,49.1995],[20.04625,49.1986]]]}},{"type":"Feature","properties":{"col":30,"row":22,"p":1.1e-05},"geometry":{"type":"Polygon","coordinates":[[[20.04625,49.2283],[20.047625,49.2283],[20.047625,49.2292],[20.04625,49.2292],[20.04625,49.2283]]]}},{"type":"Feature","properties":{"col":54,"row":7,"p":1.1e-05},"geometry":{"type":"Polygon","coordinates":[[[20.07925,49.2418],[20.080625,49.2418],[20.080625,49.2427],[20.07925,49.2427],[20.07925,49.2418]]]}},{"type":"Feature","properties":{"col":18,"row":17,"p":1.1e-05},"geometry":{"type":"Polygon","coordinates":[[[20.02975,49.2328],[20.031125,49.2328],[20.031125,49.2337],[20.02975,49.2337],[20.02975,49.2328]]]}},{"type":"Feature","properties":{"col":17,"row":15,"p":1.1e-05},"geometry":{"type":"Polygon","coordinates":[[[20.028375,49.2346],[20.02975,49.2346],[20.02975,49.2355],[20.028375,49.2355],[20.028375,49.2346]]]}},{"type":"Feature","properties":{"col":42,"row":34,"p":1.1e-05},"geometry":{"type":"Polygon","coordinates":[[[20.06275,49.2175],[20.064125,49.2175],[20.064125,49.2184],[20.06275,49.2184],[20.06275,49.2175]]]}},{"type":"Feature","properties":{"col":47,"row":13,"p":1.1e-05},"geometry":{"type":"Polygon","coordinates":[[[20.069625,49.2364],[20.071,49.2364],[20.071,49.2373],[20.069625,49.2373],[20.069625,49.2364]]]}},{"type":"Feature","properties":{"col":2,"row":49,"p":1.1e-05},"geometry":{"type":"Polygon","coordinates":[[[20.00775,49.204],[20.009125,49.204],[20.009125,49.2049],[20.00775,49.2049],[20.00775,49.204]]]}},{"type":"Feature","properties":{"col":18,"row":18,"p":1.1e-05},"geometry":{"type":"Polygon","coordinates":[[[20.02975,49.2319],[20.031125,49.2319],[20.031125,49.2328],[20.02975,49.2328],[20.02975,49.2319]]]}},{"type":"Feature","properties":{"col":44,"row":18,"p":1.1e-05},"geometry":{"type":"Polygon","coordinates":[[[20.0655,49.2319],[20.066875,49.2319],[20.066875,49.2328],[20.0655,49.2328],[20.0655,49.2319]]]}},{"type":"Feature","properties":{"col":39,"row":38,"p":1.1e-05},"geometry":{"type":"Polygon","coordinates":[[[20.058625,49.2139],[20.06,49.2139],[20.06,49.2148],[20.058625,49.2148],[20.058625,49.2139]]]}},{"type":"Feature","properties":{"col":47,"row":38,"p":1.1e-05},"geometry":{"type":"Polygon","coordinates":[[[20.069625,49.2139],[20.071,49.2139],[20.071,49.2148],[20.069625,49.2148],[20.069625,49.2139]]]}},{"type":"Feature","properties":{"col":59,"row":1,"p":1.1e-05},"geometry":{"type":"Polygon","coordinates":[[[20.086125,49.2472],[20.0875,49.2472],[20.0875,49.2481],[20.086125,49.2481],[20.086125,49.2472]]]}},{"type":"Feature","properties":{"col":7,"row":8,"p":1.1e-05},"geometry":{"type":"Polygon","coordinates":[[[20.014625,49.2409],[20.016,49.2409],[20.016,49.2418],[20.014625,49.2418],[20.014625,49.2409]]]}},{"type":"Feature","properties":{"col":14,"row":14,"p":1.1e-05},"geometry":{"type":"Polygon","coordinates":[[[20.02425,49.2355],[20.025625,49.2355],[20.025625,49.2364],[20.02425,49.2364],[20.02425,49.2355]]]}},{"type":"Feature","properties":{"col":36,"row":46,"p":1.1e-05},"geometry":{"type":"Polygon","coordinates":[[[20.0545,49.2067],[20.055875,49.2067],[20.055875,49.2076],[20.0545,49.2076],[20.0545,49.2067]]]}},{"type":"Feature","properties":{"col":56,"row":36,"p":1.1e-05},"geometry":{"type":"Polygon","coordinates":[[[20.082,49.2157],[20.083375,49.2157],[20.083375,49.2166],[20.082,49.2166],[20.082,49.2157]]]}},{"type":"Feature","properties":{"col":9,"row":2,"p":1.1e-05},"geometry":{"type":"Polygon","coordinates":[[[20.017375,49.2463],[20.01875,49.2463],[20.01875,49.2472],[20.017375,49.2472],[20.017375,49.2463]]]}},{"type":"Feature","properties":{"col":15,"row":4,"p":1.1e-05},"geometry":{"type":"Polygon","coordinates":[[[20.025625,49.2445],[20.027,49.2445],[20.027,49.2454],[20.025625,49.2454],[20.025625,49.2445]]]}},{"type":"Feature","properties":{"col":34,"row":3,"p":1.1e-05},"geometry":{"type":"Polygon","coordinates":[[[20.05175,49.2454],[20.053125,49.2454],[20.053125,49.2463],[20.05175,49.2463],[20.05175,49.2454]]]}},{"type":"Feature","properties":{"col":58,"row":37,"p":1.1e-05},"geometry":{"type":"Polygon","coordinates":[[[20.08475,49.2148],[20.086125,49.2148],[20.086125,49.2157],[20.08475,49.2157],[20.08475,49.2148]]]}},{"type":"Feature","properties":{"col":7,"row":7,"p":1.1e-05},"geometry":{"type":"Polygon","coordinates":[[[20.014625,49.2418],[20.016,49.2418],[20.016,49.2427],[20.014625,49.2427],[20.014625,49.2418]]]}},{"type":"Feature","properties":{"col":45,"row":41,"p":1.1e-05},"geometry":{"type":"Polygon","coordinates":[[[20.066875,49.2112],[20.06825,49.2112],[20.06825,49.2121],[20.066875,49.2121],[20.066875,49.2112]]]}},{"type":"Feature","properties":{"col":51,"row":13,"p":1.1e-05},"geometry":{"type":"Polygon","coordinates":[[[20.075125,49.2364],[20.0765,49.2364],[20.0765,49.2373],[20.075125,49.2373],[20.075125,49.2364]]]}},{"type":"Feature","properties":{"col":20,"row":16,"p":1.1e-05},"geometry":{"type":"Polygon","coordinates":[[[20.0325,49.2337],[20.033875,49.2337],[20.033875,49.2346],[20.0325,49.2346],[20.0325,49.2337]]]}},{"type":"Feature","properties":{"col":35,"row":44,"p":1.1e-05},"geometry":{"type":"Polygon","coordinates":[[[20.053125,49.2085],[20.0545,49.2085],[20.0545,49.2094],[20.053125,49.2094],[20.053125,49.2085]]]}},{"type":"Feature","properties":{"col":41,"row":44,"p":1.1e-05},"geometry":{"type":"Polygon","coordinates":[[[20.061375,49.2085],[20.06275,49.2085],[20.06275,49.2094],[20.061375,49.2094],[20.061375,49.2085]]]}},{"type":"Feature","properties":{"col":6,"row":12,"p":1.1e-05},"geometry":{"type":"Polygon","coordinates":[[[20.01325,49.2373],[20.014625,49.2373],[20.014625,49.2382],[20.01325,49.2382],[20.01325,49.2373]]]}},{"type":"Feature","properties":{"col":20,"row":13,"p":1.1e-05},"geometry":{"type":"Polygon","coordinates":[[[20.0325,49.2364],[20.033875,49.2364],[20.033875,49.2373],[20.0325,49.2373],[20.0325,49.2364]]]}},{"type":"Feature","properties":{"col":37,"row":2,"p":1.1e-05},"geometry":{"type":"Polygon","coordinates":[[[20.055875,49.2463],[20.05725,49.2463],[20.05725,49.2472],[20.055875,49.2472],[20.055875,49.2463]]]}},{"type":"Feature","properties":{"col":32,"row":42,"p":1.1e-05},"geometry":{"type":"Polygon","coordinates":[[[20.049,49.2103],[20.050375,49.2103],[20.050375,49.2112],[20.049,49.2112],[20.049,49.2103]]]}},{"type":"Feature","properties":{"col":41,"row":49,"p":1.1e-05},"geometry":{"type":"Polygon","coordinates":[[[20.061375,49.204],[20.06275,49.204],[20.06275,49.2049],[20.061375,49.2049],[20.061375,49.204]]]}},{"type":"Feature","properties":{"col":40,"row":52,"p":1.1e-05},"geometry":{"type":"Polygon","coordinates":[[[20.06,49.2013],[20.061375,49.2013],[20.061375,49.2022],[20.06,49.2022],[20.06,49.2013]]]}},{"type":"Feature","properties":{"col":55,"row":1,"p":1.1e-05},"geometry":{"type":"Polygon","coordinates":[[[20.080625,49.2472],[20.082,49.2472],[20.082,49.2481],[20.080625,49.2481],[20.080625,49.2472]]]}},{"type":"Feature","properties":{"col":6,"row":55,"p":1.1e-05},"geometry":{"type":"Polygon","coordinates":[[[20.01325,49.1986],[20.014625,49.1986],[20.014625,49.1995],[20.01325,49.1995],[20.01325,49.1986]]]}},{"type":"Feature","properties":{"col":36,"row":0,"p":1e-05},"geometry":{"type":"Polygon","coordinates":[[[20.0545,49.2481],[20.055875,49.2481],[20.055875,49.249],[20.0545,49.249],[20.0545,49.2481]]]}},{"type":"Feature","properties":{"col":22,"row":14,"p":1e-05},"geometry":{"type":"Polygon","coordinates":[[[20.03525,49.2355],[20.036625,49.2355],[20.036625,49.2364],[20.03525,49.2364],[20.03525,49.2355]]]}},{"type":"Feature","properties":{"col":58,"row":34,"p":1e-05},"geometry":{"type":"Polygon","coordinates":[[[20.08475,49.2175],[20.086125,49.2175],[20.086125,49.2184],[20.08475,49.2184],[20.08475,49.2175]]]}},{"type":"Feature","properties":{"col":17,"row":20,"p":1e-05},"geometry":{"type":"Polygon","coordinates":[[[20.028375,49.2301],[20.02975,49.2301],[20.02975,49.231],[20.028375,49.231],[20.028375,49.2301]]]}},{"type":"Feature","properties":{"col":26,"row":54,"p":1e-05},"geometry":{"type":"Polygon","coordinates":[[[20.04075,49.1995],[20.042125,49.1995],[20.042125,49.2004],[20.04075,49.2004],[20.04075,49.1995]]]}},{"type":"Feature","properties":{"col":32,"row":56,"p":1e-05},"geometry":{"type":"Polygon","coordinates":[[[20.049,49.1977],[20.050375,49.1977],[20.050375,49.1986],[20.049,49.1986],[20.049,49.1977]]]}},{"type":"Feature","properties":{"col":37,"row":43,"p":1e-05},"geometry":{"type":"Polygon","coordinates":[[[20.055875,49.2094],[20.05725,49.2094],[20.05725,49.2103],[20.055875,49.2103],[20.055875,49.2094]]]}},{"type":"Feature","properties":{"col":11,"row":17,"p":1e-05},"geometry":{"type":"Polygon","coordinates":[[[20.020125,49.2328],[20.0215,49.2328],[20.0215,49.2337],[20.020125,49.2337],[20.020125,49.2328]]]}},{"type":"Feature","properties":{"col":16,"row":13,"p":1e-05},"geometry":{"type":"Polygon","coordinates":[[[20.027,49.2364],[20.028375,49.2364],[20.028375,49.2373],[20.027,49.2373],[20.027,49.2364]]]}},{"type":"Feature","properties":{"col":49,"row":30,"p":1e-05},"geometry":{"type":"Polygon","coordinates":[[[20.072375,49.2211],[20.07375,49.2211],[20.07375,49.222],[20.072375,49.222],[20.072375,49.2211]]]}},{"type":"Feature","properties":{"col":16,"row":32,"p":1e-05},"geometry":{"type":"Polygon","coordinates":[[[20.027,49.2193],[20.028375,49.2193],[20.028375,49.2202],[20.027,49.2202],[20.027,49.2193]]]}},{"type":"Feature","properties":{"col":11,"row":22,"p":1e-05},"geometry":{"type":"Polygon","coordinates":[[[20.020125,49.2283],[20.0215,49.2283],[20.0215,49.2292],[20.020125,49.2292],[20.020125,49.2283]]]}},{"type":"Feature","properties":{"col":35,"row":1,"p":1e-05},"geometry":{"type":"Polygon","coordinates":[[[20.053125,49.2472],[20.0545,49.2472],[20.0545,49.2481],[20.053125,49.2481],[20.053125,49.2472]]]}},{"type":"Feature","properties":{"col":9,"row":16,"p":1e-05},"geometry":{"type":"Polygon","coordinates":[[[20.017375,49.2337],[20.01875,49.2337],[20.01875,49.2346],[20.017375,49.2346],[20.017375,49.2337]]]}},{"type":"Feature","properties":{"col":20,"row":22,"p":1e-05},"geometry":{"type":"Polygon","coordinates":[[[20.0325,49.2283],[20.033875,49.2283],[20.033875,49.2292],[20.0325,49.2292],[20.0325,49.2283]]]}},{"type":"Feature","properties":{"col":39,"row":24,"p":1e-05},"geometry":{"type":"Polygon","coordinates":[[[20.058625,49.2265],[20.06,49.2265],[20.06,49.2274],[20.058625,49.2274],[20.058625,49.2265]]]}},{"type":"Feature","properties":{"col":40,"row":33,"p":1e-05},"geometry":{"type":"Polygon","coordinates":[[[20.06,49.2184],[20.061375,49.2184],[20.061375,49.2193],[20.06,49.2193],[20.06,49.2184]]]}},{"type":"Feature","properties":{"col":50,"row":16,"p":1e-05},"geometry":{"type":"Polygon","coordinates":[[[20.07375,49.2337],[20.075125,49.2337],[20.075125,49.2346],[20.07375,49.2346],[20.07375,49.2337]]]}},{"type":"Feature","properties":{"col":31,"row":11,"p":1e-05},"geometry":{"type":"Polygon","coordinates":[[[20.047625,49.2382],[20.049,49.2382],[20.049,49.2391],[20.047625,49.2391],[20.047625,49.2382]]]}},{"type":"Feature","properties":{"col":3,"row":7,"p":1e-05},"geometry":{"type":"Polygon","coordinates":[[[20.009125,49.2418],[20.0105,49.2418],[20.0105,49.2427],[20.009125,49.2427],[20.009125,49.2418]]]}},{"type":"Feature","properties":{"col":45,"row":55,"p":1e-05},"geometry":{"type":"Polygon","coordinates":[[[20.066875,49.1986],[20.06825,49.1986],[20.06825,49.1995],[20.066875,49.1995],[20.066875,49.1986]]]}},{"type":"Feature","properties":{"col":9,"row":31,"p":1e-05},"geometry":{"type":"Polygon","coordinates":[[[20.017375,49.2202],[20.01875,49.2202],[20.01875,49.2211],[20.017375,49.2211],[20.017375,49.2202]]]}},{"type":"Feature","properties":{"col":44,"row":43,"p":1e-05},"geometry":{"type":"Polygon","coordinates":[[[20.0655,49.2094],[20.066875,49.2094],[20.066875,49.2103],[20.0655,49.2103],[20.0655,49.2094]]]}},{"type":"Feature","properties":{"col":52,"row":3,"p":1e-05},"geometry":{"type":"Polygon","coordinates":[[[20.0765,49.2454],[20.077875,49.2454],[20.077875,49.2463],[20.0765,49.2463],[20.0765,49.2454]]]}},{"type":"Feature","properties":{"col":5,"row":53,"p":1e-05},"geometry":{"type":"Polygon","coordinates":[[[20.011875,49.2004],[20.01325,49.2004],[20.01325,49.2013],[20.011875,49.2013],[20.011875,49.2004]]]}},{"type":"Feature","properties":{"col":34,"row":34,"p":1e-05},"geometry":{"type":"Polygon","coordinates":[[[20.05175,49.2175],[20.053125,49.2175],[20.053125,49.2184],[20.05175,49.2184],[20.05175,49.2175]]]}},{"type":"Feature","properties":{"col":32,"row":44,"p":1e-05},"geometry":{"type":"Polygon","coordinates":[[[20.049,49.2085],[20.050375,49.2085],[20.050375,49.2094],[20.049,49.2094],[20.049,49.2085]]]}},{"type":"Feature","properties":{"col":39,"row":5,"p":1e-05},"geometry":{"type":"Polygon","coordinates":[[[20.058625,49.2436],[20.06,49.2436],[20.06,49.2445],[20.058625,49.2445],[20.058625,49.2436]]]}},{"type":"Feature","properties":{"col":54,"row":36,"p":1e-05},"geometry":{"type":"Polygon","coordinates":[[[20.07925,49.2157],[20.080625,49.2157],[20.080625,49.2166],[20.07925,49.2166],[20.07925,49.2157]]]}}]}